status,started_at,finished_at,duration_sec,worker_returncode,worker_timeout,worker_stderr_tail,condition,visible_seed,episode_idx,target_step_idx,variant,context,future_source,uses_condition_label,retrieval_train_index,retrieval_window_idx,retrieval_condition,retrieval_visible_seed,retrieval_window_t,retrieval_source_file,current_model_x_to_retrieved_x_l2,current_model_x_to_retrieved_x_mae,future_nn_condition,future_nn_l2,action_source,primitive,has_params,pose0_x,pose0_y,pose0_z,pose1_x,pose1_y,pose1_z,pull_xy_len,action_ood,clip_frac,action_l2_to_retrieved_gt,action_mae_to_retrieved_gt,pose0_xy_dist_to_retrieved_gt,pose1_xy_dist_to_retrieved_gt,pull_angle_deg_to_retrieved_gt,exec_success,exec_done,exec_reward,exec_final_fraction_before,exec_final_fraction_after,exec_delta_final_fraction,exec_prefix_state_mae,exec_prefix_state_l2,exec_prefix_source,exec_failure_reason,scope
ok,2026-07-07T12:52:20+0800,2026-07-07T12:52:29+0800,9.376,0,0,"/data/state_diff2/scripts/phase3_policy_rollout.py:104: UserWarning: pkg_resources is deprecated as an API. See https://setuptools.pypa.io/en/latest/pkg_resources.html. The pkg_resources package is slated for removal as early as 2025-11-30. Refrain from using this package or pin to Setuptools<81.
  import pkg_resources

{""condition"": ""free"", ""delta"": 0.25, ""failure"": """", ""status"": ""ok"", ""variant"": ""source_gt_action""}
",free,311000,0,0,source_gt_action,source_prefix,retrieved_y_state,0,620,620,free,1083,0,000083-4.pkl,,,,,retrieved_y_action,pick_place,1,0.528124988079071,-0.09062500298023224,0.013502265326678753,0.616117000579834,-0.270565927028656,-0.0025331969372928143,0.2003030925989151,nan,0.0,0.0,0.0,0.0,0.0,0.0,0,0,0.25,0.0,0.25,0.25,0.005607090424746275,0.17018574476242065,raw_action_file_high_confidence,,phase3_11b_retrieval_feasibility_no_phase4_no_cps
ok,2026-07-07T12:52:29+0800,2026-07-07T12:52:41+0800,11.425,0,0,"/data/state_diff2/scripts/phase3_policy_rollout.py:104: UserWarning: pkg_resources is deprecated as an API. See https://setuptools.pypa.io/en/latest/pkg_resources.html. The pkg_resources package is slated for removal as early as 2025-11-30. Refrain from using this package or pin to Setuptools<81.
  import pkg_resources

{""condition"": ""free"", ""delta"": 0.25, ""failure"": """", ""status"": ""ok"", ""variant"": ""source_old_idm_future""}
",free,311000,0,0,source_old_idm_future,source_prefix,retrieved_y_state,0,620,620,free,1083,0,000083-4.pkl,,,,,old_idm_retrieved_future,pick_place,1,0.5295213460922241,-0.08590549230575562,0.013383949175477028,0.6246486902236938,-0.2723638415336609,-0.002189209219068289,0.20932254195213318,0.5058819055557251,nan,0.0026776609010994434,0.0012077043065801263,0.004921747371554375,0.008719072677195072,0.9706380702803848,0,0,0.25,0.0,0.25,0.25,0.005584402941167355,0.17017823457717896,raw_action_file_high_confidence,,phase3_11b_retrieval_feasibility_no_phase4_no_cps
ok,2026-07-07T12:52:41+0800,2026-07-07T12:52:52+0800,11.667,0,0,"/data/state_diff2/scripts/phase3_policy_rollout.py:104: UserWarning: pkg_resources is deprecated as an API. See https://setuptools.pypa.io/en/latest/pkg_resources.html. The pkg_resources package is slated for removal as early as 2025-11-30. Refrain from using this package or pin to Setuptools<81.
  import pkg_resources

{""condition"": ""free"", ""delta"": 0.4583333333333333, ""failure"": """", ""status"": ""ok"", ""variant"": ""source_repaired_idm_future""}
",free,311000,0,0,source_repaired_idm_future,source_prefix,retrieved_y_state,0,620,620,free,1083,0,000083-4.pkl,,,,,repaired_idm_retrieved_future,pick_place,1,0.5289081335067749,-0.09285734593868256,0.013917523436248302,0.6156591176986694,-0.26996850967407227,-0.002414450515061617,0.19721587002277374,0.504852294921875,nan,0.000673465256113559,0.0003289154847152531,0.002365728607401252,0.0007527046254836023,0.03518989242345332,0,0,0.4583333333333333,0.0,0.4583333333333333,0.4583333333333333,0.005570059176534414,0.17009927332401276,raw_action_file_high_confidence,,phase3_11b_retrieval_feasibility_no_phase4_no_cps
ok,2026-07-07T12:52:52+0800,2026-07-07T12:53:00+0800,8.132,0,0,"/data/state_diff2/scripts/phase3_policy_rollout.py:104: UserWarning: pkg_resources is deprecated as an API. See https://setuptools.pypa.io/en/latest/pkg_resources.html. The pkg_resources package is slated for removal as early as 2025-11-30. Refrain from using this package or pin to Setuptools<81.
  import pkg_resources

{""condition"": ""free"", ""delta"": 0.0, ""failure"": """", ""status"": ""ok"", ""variant"": ""live_retrieved_gt_action""}
",free,311000,0,0,live_retrieved_gt_action,live_prefix,retrieved_y_state,1,620,620,free,1083,0,000083-4.pkl,0.12451064586639404,0.06485185027122498,,,retrieved_y_action,pick_place,1,0.528124988079071,-0.09062500298023224,0.013502265326678753,0.616117000579834,-0.270565927028656,-0.0025331969372928143,0.2003030925989151,nan,0.0,0.0,0.0,0.0,0.0,0.0,0,0,0.0,0.0,0.0,0.0,nan,nan,live_replayed_condition_matched_prefix,,phase3_11b_retrieval_feasibility_no_phase4_no_cps
ok,2026-07-07T12:53:00+0800,2026-07-07T12:53:11+0800,10.540,0,0,"/data/state_diff2/scripts/phase3_policy_rollout.py:104: UserWarning: pkg_resources is deprecated as an API. See https://setuptools.pypa.io/en/latest/pkg_resources.html. The pkg_resources package is slated for removal as early as 2025-11-30. Refrain from using this package or pin to Setuptools<81.
  import pkg_resources

{""condition"": ""free"", ""delta"": 0.0, ""failure"": """", ""status"": ""ok"", ""variant"": ""live_repaired_idm_retrieved_future""}
",free,311000,0,0,live_repaired_idm_retrieved_future,live_prefix,retrieved_y_state,1,620,620,free,1083,0,000083-4.pkl,0.16769802570343018,0.09239805489778519,,,repaired_idm_retrieved_future,pick_place,1,0.30970093607902527,-0.4529460668563843,0.011746176518499851,0.6540783643722534,-0.17247208952903748,-0.00111045700032264,0.4441412687301636,0.8655714988708496,0.0,0.11651308834552765,0.051427099853754044,0.4230669140815735,0.10518301278352737,103.1018073087122,0,0,0.0,0.0,0.0,0.0,nan,nan,live_replayed_condition_matched_prefix,,phase3_11b_retrieval_feasibility_no_phase4_no_cps
ok,2026-07-07T12:53:11+0800,2026-07-07T12:53:22+0800,10.657,0,0,"/data/state_diff2/scripts/phase3_policy_rollout.py:104: UserWarning: pkg_resources is deprecated as an API. See https://setuptools.pypa.io/en/latest/pkg_resources.html. The pkg_resources package is slated for removal as early as 2025-11-30. Refrain from using this package or pin to Setuptools<81.
  import pkg_resources

{""condition"": ""free"", ""delta"": 0.0, ""failure"": """", ""status"": ""ok"", ""variant"": ""live_ddpm_mean_repaired_idm""}
",free,311000,0,0,live_ddpm_mean_repaired_idm,live_prefix,retrieved_y_state,0,620,620,free,1083,0,000083-4.pkl,0.08298265933990479,0.040885377675294876,,,repaired_idm_ddpm_mean,pick_place,1,0.7685590982437134,-0.13807106018066406,0.023658502846956253,0.5050173997879028,0.008329566568136215,0.0009688690770417452,0.30147531628608704,0.8145453929901123,0.0,0.10361361503601074,0.04939525946974754,0.24507078528404236,0.300209641456604,145.1115795230588,0,0,0.0,0.0,0.0,0.0,nan,nan,live_replayed_condition_matched_prefix,,phase3_11b_retrieval_feasibility_no_phase4_no_cps
ok,2026-07-07T12:53:22+0800,2026-07-07T12:53:30+0800,8.102,0,0,"/data/state_diff2/scripts/phase3_policy_rollout.py:104: UserWarning: pkg_resources is deprecated as an API. See https://setuptools.pypa.io/en/latest/pkg_resources.html. The pkg_resources package is slated for removal as early as 2025-11-30. Refrain from using this package or pin to Setuptools<81.
  import pkg_resources

{""condition"": ""free"", ""delta"": 0.0, ""failure"": """", ""status"": ""ok"", ""variant"": ""live_condition_retrieval_repaired_idm""}
",free,311000,0,0,live_condition_retrieval_repaired_idm,live_prefix,retrieved_y_state,1,620,620,free,1083,0,000083-4.pkl,0.10778048634529114,0.06103791296482086,,,repaired_idm_condition_retrieval,pick_place,1,0.3520561456680298,-0.28269216418266296,0.013326894491910934,0.5059044361114502,0.1068994402885437,-0.0010382295586168766,0.41886863112449646,0.555977463722229,0.0,0.12607231736183167,0.06124887615442276,0.2605571448802948,0.39322629570961,132.39225232869094,0,0,0.0,0.0,0.0,0.0,nan,nan,live_replayed_condition_matched_prefix,,phase3_11b_retrieval_feasibility_no_phase4_no_cps
ok,2026-07-07T12:53:30+0800,2026-07-07T12:53:45+0800,15.138,0,0,"/data/state_diff2/scripts/phase3_policy_rollout.py:104: UserWarning: pkg_resources is deprecated as an API. See https://setuptools.pypa.io/en/latest/pkg_resources.html. The pkg_resources package is slated for removal as early as 2025-11-30. Refrain from using this package or pin to Setuptools<81.
  import pkg_resources

{""condition"": ""free"", ""delta"": 0.0, ""failure"": """", ""status"": ""ok"", ""variant"": ""source_gt_action""}
",free,311000,0,1,source_gt_action,source_prefix,retrieved_y_state,0,300,300,free,1042,4,000042-7.pkl,,,,,retrieved_y_action,pick_place,1,0.41874998807907104,-0.15625,0.013692354783415794,0.4376894235610962,-0.19577443599700928,0.0030146685894578695,0.043827883899211884,nan,0.0,0.0,0.0,0.0,0.0,0.019947671114025827,0,0,0.0,0.0,0.0,0.0,0.08285229653120041,1.9588744640350342,raw_action_file_high_confidence,,phase3_11b_retrieval_feasibility_no_phase4_no_cps
ok,2026-07-07T12:53:45+0800,2026-07-07T12:54:02+0800,17.473,0,0,"/data/state_diff2/scripts/phase3_policy_rollout.py:104: UserWarning: pkg_resources is deprecated as an API. See https://setuptools.pypa.io/en/latest/pkg_resources.html. The pkg_resources package is slated for removal as early as 2025-11-30. Refrain from using this package or pin to Setuptools<81.
  import pkg_resources

{""condition"": ""free"", ""delta"": 0.0, ""failure"": """", ""status"": ""ok"", ""variant"": ""source_old_idm_future""}
",free,311000,0,1,source_old_idm_future,source_prefix,retrieved_y_state,0,300,300,free,1042,4,000042-7.pkl,,,,,old_idm_retrieved_future,pick_place,1,0.45689767599105835,-0.14911796152591705,0.01318734884262085,0.42691078782081604,-0.18383830785751343,0.0011097337119281292,0.045877184718847275,0.42995667457580566,nan,0.01123974472284317,0.005028895102441311,0.038808658719062805,0.016082603484392166,66.4191032659866,0,0,0.0,0.0,0.0,0.0,0.08284410089254379,1.9570971727371216,raw_action_file_high_confidence,,phase3_11b_retrieval_feasibility_no_phase4_no_cps
ok,2026-07-07T12:54:02+0800,2026-07-07T12:54:19+0800,17.045,0,0,"/data/state_diff2/scripts/phase3_policy_rollout.py:104: UserWarning: pkg_resources is deprecated as an API. See https://setuptools.pypa.io/en/latest/pkg_resources.html. The pkg_resources package is slated for removal as early as 2025-11-30. Refrain from using this package or pin to Setuptools<81.
  import pkg_resources

{""condition"": ""free"", ""delta"": 0.0, ""failure"": """", ""status"": ""ok"", ""variant"": ""source_repaired_idm_future""}
",free,311000,0,1,source_repaired_idm_future,source_prefix,retrieved_y_state,0,300,300,free,1042,4,000042-7.pkl,,,,,repaired_idm_retrieved_future,pick_place,1,0.41936320066452026,-0.15452808141708374,0.013593236915767193,0.4380597472190857,-0.19863633811473846,0.0031463466584682465,0.04790719226002693,0.5428215861320496,nan,0.0009140108013525605,0.00041415708255954087,0.001827849424444139,0.0028857621364295483,2.631958364260946,0,0,0.0,0.0,0.0,0.0,0.08277563750743866,1.957492709159851,raw_action_file_high_confidence,,phase3_11b_retrieval_feasibility_no_phase4_no_cps
ok,2026-07-07T12:54:19+0800,2026-07-07T12:54:33+0800,13.568,0,0,"/data/state_diff2/scripts/phase3_policy_rollout.py:104: UserWarning: pkg_resources is deprecated as an API. See https://setuptools.pypa.io/en/latest/pkg_resources.html. The pkg_resources package is slated for removal as early as 2025-11-30. Refrain from using this package or pin to Setuptools<81.
  import pkg_resources

{""condition"": ""free"", ""delta"": 0.0, ""failure"": """", ""status"": ""ok"", ""variant"": ""live_retrieved_gt_action""}
",free,311000,0,1,live_retrieved_gt_action,live_prefix,retrieved_y_state,1,300,300,free,1042,4,000042-7.pkl,0.14062052965164185,0.0737401470541954,,,retrieved_y_action,pick_place,1,0.41874998807907104,-0.15625,0.013692354783415794,0.4376894235610962,-0.19577443599700928,0.0030146685894578695,0.043827883899211884,nan,0.0,0.0,0.0,0.0,0.0,0.019947671114025827,0,0,0.0,0.3333333333333333,0.3333333333333333,0.0,nan,nan,live_replayed_condition_matched_prefix,,phase3_11b_retrieval_feasibility_no_phase4_no_cps
ok,2026-07-07T12:54:33+0800,2026-07-07T12:54:47+0800,14.074,0,0,"/data/state_diff2/scripts/phase3_policy_rollout.py:104: UserWarning: pkg_resources is deprecated as an API. See https://setuptools.pypa.io/en/latest/pkg_resources.html. The pkg_resources package is slated for removal as early as 2025-11-30. Refrain from using this package or pin to Setuptools<81.
  import pkg_resources

{""condition"": ""free"", ""delta"": 0.0, ""failure"": """", ""status"": ""ok"", ""variant"": ""live_repaired_idm_retrieved_future""}
",free,311000,0,1,live_repaired_idm_retrieved_future,live_prefix,retrieved_y_state,1,300,300,free,1042,4,000042-7.pkl,0.18019312620162964,0.08249000459909439,,,repaired_idm_retrieved_future,pick_place,1,0.39762118458747864,0.044326476752758026,0.01748305931687355,0.4514855146408081,-0.1554490029811859,0.0028724591247737408,0.2069096714258194,0.5213126540184021,0.0,0.0551026426255703,0.019982846453785896,0.20168627798557281,0.04262009635567665,10.513449370467718,0,0,0.0,0.0,0.0,0.0,nan,nan,live_replayed_condition_matched_prefix,,phase3_11b_retrieval_feasibility_no_phase4_no_cps
ok,2026-07-07T12:54:47+0800,2026-07-07T12:54:59+0800,12.507,0,0,"/data/state_diff2/scripts/phase3_policy_rollout.py:104: UserWarning: pkg_resources is deprecated as an API. See https://setuptools.pypa.io/en/latest/pkg_resources.html. The pkg_resources package is slated for removal as early as 2025-11-30. Refrain from using this package or pin to Setuptools<81.
  import pkg_resources

{""condition"": ""free"", ""delta"": 0.0, ""failure"": """", ""status"": ""ok"", ""variant"": ""live_ddpm_mean_repaired_idm""}
",free,311000,0,1,live_ddpm_mean_repaired_idm,live_prefix,retrieved_y_state,0,300,300,free,1042,4,000042-7.pkl,0.2024158090353012,0.11480673402547836,,,repaired_idm_ddpm_mean,pick_place,1,0.7541547417640686,0.26575151085853577,0.01994786411523819,0.4607204496860504,0.03521260619163513,0.0015212614089250565,0.37316468358039856,0.7504869103431702,0.0,0.1568685621023178,0.07279808819293976,0.5390562415122986,0.23213237524032593,77.44772536989824,0,0,0.0,0.0,0.0,0.0,nan,nan,live_replayed_condition_matched_prefix,,phase3_11b_retrieval_feasibility_no_phase4_no_cps
ok,2026-07-07T12:54:59+0800,2026-07-07T12:55:12+0800,12.705,0,0,"/data/state_diff2/scripts/phase3_policy_rollout.py:104: UserWarning: pkg_resources is deprecated as an API. See https://setuptools.pypa.io/en/latest/pkg_resources.html. The pkg_resources package is slated for removal as early as 2025-11-30. Refrain from using this package or pin to Setuptools<81.
  import pkg_resources

{""condition"": ""free"", ""delta"": 0.0, ""failure"": """", ""status"": ""ok"", ""variant"": ""live_condition_retrieval_repaired_idm""}
",free,311000,0,1,live_condition_retrieval_repaired_idm,live_prefix,retrieved_y_state,1,300,300,free,1042,4,000042-7.pkl,0.12816379964351654,0.06571406126022339,,,repaired_idm_condition_retrieval,pick_place,1,0.3623497784137726,-0.2992163896560669,0.012278435751795769,0.5117673873901367,-0.09413909167051315,-0.0022874665446579456,0.2537367045879364,0.5364518165588379,0.0,0.05309544503688812,0.027271153405308723,0.1536892056465149,0.1257667988538742,118.32028124289585,0,0,0.0,0.0,0.0,0.0,nan,nan,live_replayed_condition_matched_prefix,,phase3_11b_retrieval_feasibility_no_phase4_no_cps
ok,2026-07-07T12:55:12+0800,2026-07-07T12:55:29+0800,17.203,0,0,"/data/state_diff2/scripts/phase3_policy_rollout.py:104: UserWarning: pkg_resources is deprecated as an API. See https://setuptools.pypa.io/en/latest/pkg_resources.html. The pkg_resources package is slated for removal as early as 2025-11-30. Refrain from using this package or pin to Setuptools<81.
  import pkg_resources

{""condition"": ""free"", ""delta"": 0.0, ""failure"": """", ""status"": ""ok"", ""variant"": ""source_gt_action""}
",free,311000,0,2,source_gt_action,source_prefix,retrieved_y_state,0,304,304,free,1042,5,000042-7.pkl,,,,,retrieved_y_action,pick_place,1,0.43437498807907104,-0.19374999403953552,0.012844567187130451,0.4088228642940521,-0.22140373289585114,-0.007860456593334675,0.03765156492590904,nan,0.0,0.0,0.0,0.0,0.0,0.0,0,0,0.0,0.0,0.0,0.0,0.0784115269780159,1.9811171293258667,raw_action_file_high_confidence,,phase3_11b_retrieval_feasibility_no_phase4_no_cps
ok,2026-07-07T12:55:30+0800,2026-07-07T12:55:48+0800,18.694,0,0,"/data/state_diff2/scripts/phase3_policy_rollout.py:104: UserWarning: pkg_resources is deprecated as an API. See https://setuptools.pypa.io/en/latest/pkg_resources.html. The pkg_resources package is slated for removal as early as 2025-11-30. Refrain from using this package or pin to Setuptools<81.
  import pkg_resources

{""condition"": ""free"", ""delta"": 0.0, ""failure"": """", ""status"": ""ok"", ""variant"": ""source_old_idm_future""}
",free,311000,0,2,source_old_idm_future,source_prefix,retrieved_y_state,0,304,304,free,1042,5,000042-7.pkl,,,,,old_idm_retrieved_future,pick_place,1,0.47876355051994324,-0.12541313469409943,0.011313850060105324,0.4635200798511505,-0.18911853432655334,0.001366584561765194,0.06550375372171402,0.42412373423576355,nan,0.02772553265094757,0.015033261850476265,0.08148785680532455,0.06351471692323685,29.281267365079117,0,0,0.0,0.0,0.0,0.0,0.07875131815671921,1.9806443452835083,raw_action_file_high_confidence,,phase3_11b_retrieval_feasibility_no_phase4_no_cps
ok,2026-07-07T12:55:48+0800,2026-07-07T12:56:07+0800,18.797,0,0,"/data/state_diff2/scripts/phase3_policy_rollout.py:104: UserWarning: pkg_resources is deprecated as an API. See https://setuptools.pypa.io/en/latest/pkg_resources.html. The pkg_resources package is slated for removal as early as 2025-11-30. Refrain from using this package or pin to Setuptools<81.
  import pkg_resources

{""condition"": ""free"", ""delta"": 0.0, ""failure"": """", ""status"": ""ok"", ""variant"": ""source_repaired_idm_future""}
",free,311000,0,2,source_repaired_idm_future,source_prefix,retrieved_y_state,0,304,304,free,1042,5,000042-7.pkl,,,,,repaired_idm_retrieved_future,pick_place,1,0.43130332231521606,-0.19426044821739197,0.012936528772115707,0.40808960795402527,-0.2260293960571289,-0.007669889833778143,0.03934644162654877,0.7046900391578674,nan,0.0015041582519188523,0.0006588292890228331,0.003113791113719344,0.0046834200620651245,6.582209439914713,0,0,0.0,0.0,0.0,0.0,0.07852858304977417,1.982700228691101,raw_action_file_high_confidence,,phase3_11b_retrieval_feasibility_no_phase4_no_cps
ok,2026-07-07T12:56:07+0800,2026-07-07T12:56:22+0800,15.428,0,0,"/data/state_diff2/scripts/phase3_policy_rollout.py:104: UserWarning: pkg_resources is deprecated as an API. See https://setuptools.pypa.io/en/latest/pkg_resources.html. The pkg_resources package is slated for removal as early as 2025-11-30. Refrain from using this package or pin to Setuptools<81.
  import pkg_resources

{""condition"": ""free"", ""delta"": 0.0, ""failure"": """", ""status"": ""ok"", ""variant"": ""live_retrieved_gt_action""}
",free,311000,0,2,live_retrieved_gt_action,live_prefix,retrieved_y_state,1,304,304,free,1042,5,000042-7.pkl,0.11328600347042084,0.05711320415139198,,,retrieved_y_action,pick_place,1,0.43437498807907104,-0.19374999403953552,0.012844567187130451,0.4088228642940521,-0.22140373289585114,-0.007860456593334675,0.03765156492590904,nan,0.0,0.0,0.0,0.0,0.0,0.0,0,0,0.0,0.0,0.0,0.0,nan,nan,live_replayed_condition_matched_prefix,,phase3_11b_retrieval_feasibility_no_phase4_no_cps
ok,2026-07-07T12:56:22+0800,2026-07-07T12:56:39+0800,16.260,0,0,"/data/state_diff2/scripts/phase3_policy_rollout.py:104: UserWarning: pkg_resources is deprecated as an API. See https://setuptools.pypa.io/en/latest/pkg_resources.html. The pkg_resources package is slated for removal as early as 2025-11-30. Refrain from using this package or pin to Setuptools<81.
  import pkg_resources

{""condition"": ""free"", ""delta"": 0.0, ""failure"": """", ""status"": ""ok"", ""variant"": ""live_repaired_idm_retrieved_future""}
",free,311000,0,2,live_repaired_idm_retrieved_future,live_prefix,retrieved_y_state,1,304,304,free,1042,5,000042-7.pkl,0.14268451929092407,0.05840246379375458,,,repaired_idm_retrieved_future,pick_place,1,0.3799903690814972,-0.09483068436384201,0.013860654085874557,0.4060126841068268,-0.2124086320400238,-0.0033176224678754807,0.12042314559221268,0.5377162098884583,0.0,0.030299922451376915,0.012190588749945164,0.11288364231586456,0.009423850104212761,55.217528584110426,0,0,0.0,0.0,0.0,0.0,nan,nan,live_replayed_condition_matched_prefix,,phase3_11b_retrieval_feasibility_no_phase4_no_cps
ok,2026-07-07T12:56:39+0800,2026-07-07T12:56:56+0800,17.257,0,0,"/data/state_diff2/scripts/phase3_policy_rollout.py:104: UserWarning: pkg_resources is deprecated as an API. See https://setuptools.pypa.io/en/latest/pkg_resources.html. The pkg_resources package is slated for removal as early as 2025-11-30. Refrain from using this package or pin to Setuptools<81.
  import pkg_resources

{""condition"": ""free"", ""delta"": 0.0, ""failure"": """", ""status"": ""ok"", ""variant"": ""live_ddpm_mean_repaired_idm""}
",free,311000,0,2,live_ddpm_mean_repaired_idm,live_prefix,retrieved_y_state,0,304,304,free,1042,5,000042-7.pkl,0.1448805034160614,0.05369153991341591,,,repaired_idm_ddpm_mean,pick_place,1,0.5586416721343994,0.014987466856837273,0.014025729149580002,0.50711590051651,-0.04816630482673645,0.0016949770506471395,0.08150646835565567,0.2453717291355133,0.0,0.08399786055088043,0.04394794628024101,0.24292701482772827,0.19918014109134674,3.5277693652570457,0,0,0.0,0.0,0.0,0.0,nan,nan,live_replayed_condition_matched_prefix,,phase3_11b_retrieval_feasibility_no_phase4_no_cps
ok,2026-07-07T12:56:56+0800,2026-07-07T12:57:09+0800,12.810,0,0,"/data/state_diff2/scripts/phase3_policy_rollout.py:104: UserWarning: pkg_resources is deprecated as an API. See https://setuptools.pypa.io/en/latest/pkg_resources.html. The pkg_resources package is slated for removal as early as 2025-11-30. Refrain from using this package or pin to Setuptools<81.
  import pkg_resources

{""condition"": ""free"", ""delta"": 0.0, ""failure"": """", ""status"": ""ok"", ""variant"": ""live_condition_retrieval_repaired_idm""}
",free,311000,0,2,live_condition_retrieval_repaired_idm,live_prefix,retrieved_y_state,1,304,304,free,1042,5,000042-7.pkl,0.09804899990558624,0.047014087438583374,,,repaired_idm_condition_retrieval,pick_place,1,0.4449329674243927,0.02751501463353634,0.012981878593564034,0.5371156930923462,0.08962360769510269,-0.0002112576039507985,0.11115363985300064,0.31643572449684143,0.0,0.10767851769924164,0.04849497601389885,0.22151675820350647,0.33644771575927734,166.70833254195114,0,0,0.0,0.20833333333333334,0.20833333333333334,0.0,nan,nan,live_replayed_condition_matched_prefix,,phase3_11b_retrieval_feasibility_no_phase4_no_cps
ok,2026-07-07T12:57:09+0800,2026-07-07T12:57:19+0800,10.165,0,0,"/data/state_diff2/scripts/phase3_policy_rollout.py:104: UserWarning: pkg_resources is deprecated as an API. See https://setuptools.pypa.io/en/latest/pkg_resources.html. The pkg_resources package is slated for removal as early as 2025-11-30. Refrain from using this package or pin to Setuptools<81.
  import pkg_resources

{""condition"": ""hidden_breakaway_pin"", ""delta"": 0.375, ""failure"": """", ""status"": ""ok"", ""variant"": ""source_gt_action""}
",hidden_breakaway_pin,311000,0,0,source_gt_action,source_prefix,retrieved_y_state,0,207,207,hidden_breakaway_pin,1028,0,000028-4.pkl,,,,,retrieved_y_action,pick_place,1,0.4312500059604645,-0.09062500298023224,0.013358719646930695,0.6182165145874023,0.2218739539384842,-0.004215853754431009,0.36415940523147583,nan,0.0,0.0,0.0,0.0,0.0,0.0,0,0,0.375,0.0,0.375,0.375,0.005212865304201841,0.1549970656633377,raw_action_file_high_confidence,,phase3_11b_retrieval_feasibility_no_phase4_no_cps
ok,2026-07-07T12:57:19+0800,2026-07-07T12:57:31+0800,12.052,0,0,"/data/state_diff2/scripts/phase3_policy_rollout.py:104: UserWarning: pkg_resources is deprecated as an API. See https://setuptools.pypa.io/en/latest/pkg_resources.html. The pkg_resources package is slated for removal as early as 2025-11-30. Refrain from using this package or pin to Setuptools<81.
  import pkg_resources

{""condition"": ""hidden_breakaway_pin"", ""delta"": 0.25, ""failure"": """", ""status"": ""ok"", ""variant"": ""source_old_idm_future""}
",hidden_breakaway_pin,311000,0,0,source_old_idm_future,source_prefix,retrieved_y_state,0,207,207,hidden_breakaway_pin,1028,0,000028-4.pkl,,,,,old_idm_retrieved_future,pick_place,1,0.43938642740249634,-0.0826510488986969,0.013074149377644062,0.6189671754837036,0.2152268886566162,-0.004408237989991903,0.34782254695892334,0.5814118981361389,nan,0.003531999420374632,0.0017132216598838568,0.011392335407435894,0.006689317524433136,0.19255015881140847,0,0,0.25,0.0,0.25,0.25,0.005208956077694893,0.1549934297800064,raw_action_file_high_confidence,,phase3_11b_retrieval_feasibility_no_phase4_no_cps
ok,2026-07-07T12:57:31+0800,2026-07-07T12:57:43+0800,11.909,0,0,"/data/state_diff2/scripts/phase3_policy_rollout.py:104: UserWarning: pkg_resources is deprecated as an API. See https://setuptools.pypa.io/en/latest/pkg_resources.html. The pkg_resources package is slated for removal as early as 2025-11-30. Refrain from using this package or pin to Setuptools<81.
  import pkg_resources

{""condition"": ""hidden_breakaway_pin"", ""delta"": 0.3333333333333333, ""failure"": """", ""status"": ""ok"", ""variant"": ""source_repaired_idm_future""}
",hidden_breakaway_pin,311000,0,0,source_repaired_idm_future,source_prefix,retrieved_y_state,0,207,207,hidden_breakaway_pin,1028,0,000028-4.pkl,,,,,repaired_idm_retrieved_future,pick_place,1,0.42795801162719727,-0.08508697152137756,0.01329449936747551,0.6168172359466553,0.22214548289775848,-0.004386548884212971,0.36063772439956665,0.6139925122261047,nan,0.0017641669837757945,0.0007668418111279607,0.00644259387627244,0.0014253801200538874,0.6877899147640923,0,0,0.3333333333333333,0.0,0.3333333333333333,0.3333333333333333,0.005205458030104637,0.15499496459960938,raw_action_file_high_confidence,,phase3_11b_retrieval_feasibility_no_phase4_no_cps
ok,2026-07-07T12:57:43+0800,2026-07-07T12:57:51+0800,8.095,0,0,"/data/state_diff2/scripts/phase3_policy_rollout.py:104: UserWarning: pkg_resources is deprecated as an API. See https://setuptools.pypa.io/en/latest/pkg_resources.html. The pkg_resources package is slated for removal as early as 2025-11-30. Refrain from using this package or pin to Setuptools<81.
  import pkg_resources

{""condition"": ""hidden_breakaway_pin"", ""delta"": 0.0, ""failure"": """", ""status"": ""ok"", ""variant"": ""live_retrieved_gt_action""}
",hidden_breakaway_pin,311000,0,0,live_retrieved_gt_action,live_prefix,retrieved_y_state,1,207,207,hidden_breakaway_pin,1028,0,000028-4.pkl,0.06348278373479843,0.03532739356160164,,,retrieved_y_action,pick_place,1,0.4312500059604645,-0.09062500298023224,0.013358719646930695,0.6182165145874023,0.2218739539384842,-0.004215853754431009,0.36415940523147583,nan,0.0,0.0,0.0,0.0,0.0,0.0,0,0,0.0,0.0,0.0,0.0,nan,nan,live_replayed_condition_matched_prefix,,phase3_11b_retrieval_feasibility_no_phase4_no_cps
ok,2026-07-07T12:57:51+0800,2026-07-07T12:58:00+0800,9.335,0,0,"/data/state_diff2/scripts/phase3_policy_rollout.py:104: UserWarning: pkg_resources is deprecated as an API. See https://setuptools.pypa.io/en/latest/pkg_resources.html. The pkg_resources package is slated for removal as early as 2025-11-30. Refrain from using this package or pin to Setuptools<81.
  import pkg_resources

{""condition"": ""hidden_breakaway_pin"", ""delta"": 0.0, ""failure"": """", ""status"": ""ok"", ""variant"": ""live_repaired_idm_retrieved_future""}
",hidden_breakaway_pin,311000,0,0,live_repaired_idm_retrieved_future,live_prefix,retrieved_y_state,1,207,207,hidden_breakaway_pin,1028,0,000028-4.pkl,0.23222412168979645,0.11123182624578476,,,repaired_idm_retrieved_future,pick_place,1,0.572514533996582,0.46532735228538513,0.017988018691539764,0.677813708782196,0.1339215338230133,-0.0070128776133060455,0.347732275724411,0.9285386800765991,0.0,0.15592017769813538,0.0608709342777729,0.5736189484596252,0.10624242573976517,131.48126732323965,0,0,0.0,0.0,0.0,0.0,nan,nan,live_replayed_condition_matched_prefix,,phase3_11b_retrieval_feasibility_no_phase4_no_cps
ok,2026-07-07T12:58:00+0800,2026-07-07T12:58:14+0800,13.925,0,0,"/data/state_diff2/scripts/phase3_policy_rollout.py:104: UserWarning: pkg_resources is deprecated as an API. See https://setuptools.pypa.io/en/latest/pkg_resources.html. The pkg_resources package is slated for removal as early as 2025-11-30. Refrain from using this package or pin to Setuptools<81.
  import pkg_resources

{""condition"": ""hidden_breakaway_pin"", ""delta"": 0.0, ""failure"": """", ""status"": ""ok"", ""variant"": ""live_ddpm_mean_repaired_idm""}
",hidden_breakaway_pin,311000,0,0,live_ddpm_mean_repaired_idm,live_prefix,retrieved_y_state,0,207,207,hidden_breakaway_pin,1028,0,000028-4.pkl,0.2241932898759842,0.11966610699892044,,,repaired_idm_ddpm_mean,pick_place,1,0.6762632727622986,0.423433780670166,0.027205031365156174,0.5006342530250549,-0.028771644458174706,0.0007791412062942982,0.4851136803627014,0.9964359998703003,0.0,0.16927437484264374,0.08186723291873932,0.5694628357887268,0.2768552005290985,170.33349076110713,0,0,0.0,0.0,0.0,0.0,nan,nan,live_replayed_condition_matched_prefix,,phase3_11b_retrieval_feasibility_no_phase4_no_cps
ok,2026-07-07T12:58:14+0800,2026-07-07T12:58:26+0800,11.386,0,0,"/data/state_diff2/scripts/phase3_policy_rollout.py:104: UserWarning: pkg_resources is deprecated as an API. See https://setuptools.pypa.io/en/latest/pkg_resources.html. The pkg_resources package is slated for removal as early as 2025-11-30. Refrain from using this package or pin to Setuptools<81.
  import pkg_resources

{""condition"": ""hidden_breakaway_pin"", ""delta"": 0.125, ""failure"": """", ""status"": ""ok"", ""variant"": ""live_condition_retrieval_repaired_idm""}
",hidden_breakaway_pin,311000,0,0,live_condition_retrieval_repaired_idm,live_prefix,retrieved_y_state,1,207,207,hidden_breakaway_pin,1028,0,000028-4.pkl,0.19963669776916504,0.11029552668333054,,,repaired_idm_condition_retrieval,pick_place,1,0.6951614618301392,0.3430931568145752,0.014944104477763176,0.46370548009872437,-0.2887561321258545,-0.0031523180659860373,0.6729081869125366,0.7368741035461426,0.0,0.19682861864566803,0.09752997010946274,0.5077013373374939,0.5334948301315308,169.22669054668523,0,0,0.125,0.0,0.125,0.125,nan,nan,live_replayed_condition_matched_prefix,,phase3_11b_retrieval_feasibility_no_phase4_no_cps
ok,2026-07-07T12:58:26+0800,2026-07-07T12:58:41+0800,15.512,0,0,"/data/state_diff2/scripts/phase3_policy_rollout.py:104: UserWarning: pkg_resources is deprecated as an API. See https://setuptools.pypa.io/en/latest/pkg_resources.html. The pkg_resources package is slated for removal as early as 2025-11-30. Refrain from using this package or pin to Setuptools<81.
  import pkg_resources

{""condition"": ""hidden_breakaway_pin"", ""delta"": 0.0, ""failure"": """", ""status"": ""ok"", ""variant"": ""source_gt_action""}
",hidden_breakaway_pin,311000,0,1,source_gt_action,source_prefix,retrieved_y_state,0,303,303,hidden_breakaway_pin,1042,4,000042-6.pkl,,,,,retrieved_y_action,pick_place,1,0.40937501192092896,-0.171875,0.013693060725927353,0.4194985032081604,-0.2181200087070465,0.0018379203975200653,0.04734010994434357,nan,0.0,0.0,0.0,0.0,0.0,0.0,0,0,0.0,0.0,0.0,0.0,0.08278515189886093,1.9592692852020264,raw_action_file_high_confidence,,phase3_11b_retrieval_feasibility_no_phase4_no_cps
ok,2026-07-07T12:58:41+0800,2026-07-07T12:58:59+0800,17.268,0,0,"/data/state_diff2/scripts/phase3_policy_rollout.py:104: UserWarning: pkg_resources is deprecated as an API. See https://setuptools.pypa.io/en/latest/pkg_resources.html. The pkg_resources package is slated for removal as early as 2025-11-30. Refrain from using this package or pin to Setuptools<81.
  import pkg_resources

{""condition"": ""hidden_breakaway_pin"", ""delta"": 0.0, ""failure"": """", ""status"": ""ok"", ""variant"": ""source_old_idm_future""}
",hidden_breakaway_pin,311000,0,1,source_old_idm_future,source_prefix,retrieved_y_state,0,303,303,hidden_breakaway_pin,1042,4,000042-6.pkl,,,,,old_idm_retrieved_future,pick_place,1,0.47596386075019836,-0.13217297196388245,0.012936646118760109,0.43982821702957153,-0.17799419164657593,-5.2309478633105755e-05,0.05835554003715515,0.3616925776004791,nan,0.023961052298545837,0.012099509127438068,0.0775262862443924,0.044981978833675385,50.60794122112885,0,0,0.0,0.0,0.0,0.0,0.08272349089384079,1.958680510520935,raw_action_file_high_confidence,,phase3_11b_retrieval_feasibility_no_phase4_no_cps
ok,2026-07-07T12:58:59+0800,2026-07-07T12:59:15+0800,16.625,0,0,"/data/state_diff2/scripts/phase3_policy_rollout.py:104: UserWarning: pkg_resources is deprecated as an API. See https://setuptools.pypa.io/en/latest/pkg_resources.html. The pkg_resources package is slated for removal as early as 2025-11-30. Refrain from using this package or pin to Setuptools<81.
  import pkg_resources

{""condition"": ""hidden_breakaway_pin"", ""delta"": 0.0, ""failure"": """", ""status"": ""ok"", ""variant"": ""source_repaired_idm_future""}
",hidden_breakaway_pin,311000,0,1,source_repaired_idm_future,source_prefix,retrieved_y_state,0,303,303,hidden_breakaway_pin,1042,4,000042-6.pkl,,,,,repaired_idm_retrieved_future,pick_place,1,0.4150375425815582,-0.16844849288463593,0.014343539252877235,0.4208008646965027,-0.209991917014122,-9.768852032721043e-05,0.04194129258394241,0.47262540459632874,nan,0.0028752258513122797,0.0015075438423082232,0.006618550047278404,0.008231769315898418,4.449622917761089,0,0,0.0,0.0,0.0,0.0,0.08279004693031311,1.9603807926177979,raw_action_file_high_confidence,,phase3_11b_retrieval_feasibility_no_phase4_no_cps
ok,2026-07-07T12:59:15+0800,2026-07-07T12:59:25+0800,9.654,0,0,"/data/state_diff2/scripts/phase3_policy_rollout.py:104: UserWarning: pkg_resources is deprecated as an API. See https://setuptools.pypa.io/en/latest/pkg_resources.html. The pkg_resources package is slated for removal as early as 2025-11-30. Refrain from using this package or pin to Setuptools<81.
  import pkg_resources

{""condition"": ""hidden_breakaway_pin"", ""delta"": 0.0, ""failure"": """", ""status"": ""ok"", ""variant"": ""live_retrieved_gt_action""}
",hidden_breakaway_pin,311000,0,1,live_retrieved_gt_action,live_prefix,retrieved_y_state,1,303,303,hidden_breakaway_pin,1042,4,000042-6.pkl,0.08691980689764023,0.04509532079100609,,,retrieved_y_action,pick_place,1,0.40937501192092896,-0.171875,0.013693060725927353,0.4194985032081604,-0.2181200087070465,0.0018379203975200653,0.04734010994434357,nan,0.0,0.0,0.0,0.0,0.0,0.0,0,0,0.0,0.0,0.0,0.0,nan,nan,live_replayed_condition_matched_prefix,,phase3_11b_retrieval_feasibility_no_phase4_no_cps
ok,2026-07-07T12:59:25+0800,2026-07-07T12:59:35+0800,9.644,0,0,"/data/state_diff2/scripts/phase3_policy_rollout.py:104: UserWarning: pkg_resources is deprecated as an API. See https://setuptools.pypa.io/en/latest/pkg_resources.html. The pkg_resources package is slated for removal as early as 2025-11-30. Refrain from using this package or pin to Setuptools<81.
  import pkg_resources

{""condition"": ""hidden_breakaway_pin"", ""delta"": 0.0, ""failure"": """", ""status"": ""ok"", ""variant"": ""live_repaired_idm_retrieved_future""}
",hidden_breakaway_pin,311000,0,1,live_repaired_idm_retrieved_future,live_prefix,retrieved_y_state,1,303,303,hidden_breakaway_pin,1042,4,000042-6.pkl,0.06788931787014008,0.03261785954236984,,,repaired_idm_retrieved_future,pick_place,1,0.547825038433075,-0.04467491805553436,0.01836952194571495,0.4058392643928528,-0.18270263075828552,0.0034944135695695877,0.19801920652389526,0.5452746748924255,0.0,0.05127924308180809,0.022932840511202812,0.18801136314868927,0.037960052490234375,58.15766609721428,0,0,0.0,0.0,0.0,0.0,nan,nan,live_replayed_condition_matched_prefix,,phase3_11b_retrieval_feasibility_no_phase4_no_cps
ok,2026-07-07T12:59:35+0800,2026-07-07T12:59:49+0800,14.741,0,0,"/data/state_diff2/scripts/phase3_policy_rollout.py:104: UserWarning: pkg_resources is deprecated as an API. See https://setuptools.pypa.io/en/latest/pkg_resources.html. The pkg_resources package is slated for removal as early as 2025-11-30. Refrain from using this package or pin to Setuptools<81.
  import pkg_resources

{""condition"": ""hidden_breakaway_pin"", ""delta"": 0.0, ""failure"": """", ""status"": ""ok"", ""variant"": ""live_ddpm_mean_repaired_idm""}
",hidden_breakaway_pin,311000,0,1,live_ddpm_mean_repaired_idm,live_prefix,retrieved_y_state,0,303,303,hidden_breakaway_pin,1042,4,000042-6.pkl,0.07753818482160568,0.037947412580251694,,,repaired_idm_ddpm_mean,pick_place,1,0.4926087260246277,-0.11102670431137085,0.011287713423371315,0.5199733972549438,0.05927364528179169,-0.003980121575295925,0.1724848747253418,0.3578242063522339,0.0,0.08354315906763077,0.03786957263946533,0.10310366749763489,0.29502955079078674,158.52364862226852,0,0,0.0,0.25,0.25,0.0,nan,nan,live_replayed_condition_matched_prefix,,phase3_11b_retrieval_feasibility_no_phase4_no_cps
ok,2026-07-07T12:59:49+0800,2026-07-07T13:00:01+0800,12.146,0,0,"/data/state_diff2/scripts/phase3_policy_rollout.py:104: UserWarning: pkg_resources is deprecated as an API. See https://setuptools.pypa.io/en/latest/pkg_resources.html. The pkg_resources package is slated for removal as early as 2025-11-30. Refrain from using this package or pin to Setuptools<81.
  import pkg_resources

{""condition"": ""hidden_breakaway_pin"", ""delta"": 0.20833333333333334, ""failure"": """", ""status"": ""ok"", ""variant"": ""live_condition_retrieval_repaired_idm""}
",hidden_breakaway_pin,311000,0,1,live_condition_retrieval_repaired_idm,live_prefix,retrieved_y_state,1,303,303,hidden_breakaway_pin,1042,4,000042-6.pkl,0.09373953938484192,0.04773290827870369,,,repaired_idm_condition_retrieval,pick_place,1,0.32615524530410767,-0.12268431484699249,0.014843488112092018,0.5757572054862976,-0.03879740834236145,-0.001171560725197196,0.2633213698863983,0.5145619511604309,0.0,0.06862372159957886,0.03372512385249138,0.09667085111141205,0.2378515899181366,96.22877588129604,0,0,0.20833333333333334,0.0,0.20833333333333334,0.20833333333333334,nan,nan,live_replayed_condition_matched_prefix,,phase3_11b_retrieval_feasibility_no_phase4_no_cps
ok,2026-07-07T13:00:01+0800,2026-07-07T13:00:18+0800,16.196,0,0,"/data/state_diff2/scripts/phase3_policy_rollout.py:104: UserWarning: pkg_resources is deprecated as an API. See https://setuptools.pypa.io/en/latest/pkg_resources.html. The pkg_resources package is slated for removal as early as 2025-11-30. Refrain from using this package or pin to Setuptools<81.
  import pkg_resources

{""condition"": ""hidden_breakaway_pin"", ""delta"": 0.0, ""failure"": """", ""status"": ""ok"", ""variant"": ""source_gt_action""}
",hidden_breakaway_pin,311000,0,2,source_gt_action,source_prefix,retrieved_y_state,0,183,183,hidden_breakaway_pin,1025,3,000025-8.pkl,,,,,retrieved_y_action,pick_place,1,0.42500001192092896,-0.05312500149011612,0.013501862064003944,0.386184424161911,-0.05528838187456131,-0.0043691592290997505,0.03887582942843437,nan,0.0,0.0,0.0,0.0,0.0,0.0,0,0,0.0,0.041666666666666664,0.041666666666666664,0.0,0.033372662961483,0.8785014748573303,raw_action_file_high_confidence,,phase3_11b_retrieval_feasibility_no_phase4_no_cps
ok,2026-07-07T13:00:18+0800,2026-07-07T13:00:36+0800,18.581,0,0,"/data/state_diff2/scripts/phase3_policy_rollout.py:104: UserWarning: pkg_resources is deprecated as an API. See https://setuptools.pypa.io/en/latest/pkg_resources.html. The pkg_resources package is slated for removal as early as 2025-11-30. Refrain from using this package or pin to Setuptools<81.
  import pkg_resources

{""condition"": ""hidden_breakaway_pin"", ""delta"": 0.0, ""failure"": """", ""status"": ""ok"", ""variant"": ""source_old_idm_future""}
",hidden_breakaway_pin,311000,0,2,source_old_idm_future,source_prefix,retrieved_y_state,0,183,183,hidden_breakaway_pin,1025,3,000025-8.pkl,,,,,old_idm_retrieved_future,pick_place,1,0.42514440417289734,-0.048858918249607086,0.013385990634560585,0.37517139315605164,-0.05804351717233658,-0.0045372662134468555,0.05081002786755562,0.4954320192337036,nan,0.0032419089693576097,0.0013187663862481713,0.00426852609962225,0.01135242823511362,7.224150370888201,0,0,0.0,0.041666666666666664,0.041666666666666664,0.0,0.03337631747126579,0.8667222857475281,raw_action_file_high_confidence,,phase3_11b_retrieval_feasibility_no_phase4_no_cps
ok,2026-07-07T13:00:36+0800,2026-07-07T13:00:53+0800,17.265,0,0,"/data/state_diff2/scripts/phase3_policy_rollout.py:104: UserWarning: pkg_resources is deprecated as an API. See https://setuptools.pypa.io/en/latest/pkg_resources.html. The pkg_resources package is slated for removal as early as 2025-11-30. Refrain from using this package or pin to Setuptools<81.
  import pkg_resources

{""condition"": ""hidden_breakaway_pin"", ""delta"": 0.0, ""failure"": """", ""status"": ""ok"", ""variant"": ""source_repaired_idm_future""}
",hidden_breakaway_pin,311000,0,2,source_repaired_idm_future,source_prefix,retrieved_y_state,0,183,183,hidden_breakaway_pin,1025,3,000025-8.pkl,,,,,repaired_idm_retrieved_future,pick_place,1,0.4247572422027588,-0.05565522611141205,0.013784621842205524,0.38581931591033936,-0.061203472316265106,-0.0047035664319992065,0.03933122381567955,0.4653971791267395,nan,0.001727391849271953,0.0006907430361025035,0.0025418445002287626,0.005926347803324461,4.919420381824424,0,0,0.0,0.041666666666666664,0.041666666666666664,0.0,0.03374984487891197,0.8703629374504089,raw_action_file_high_confidence,,phase3_11b_retrieval_feasibility_no_phase4_no_cps
ok,2026-07-07T13:00:53+0800,2026-07-07T13:01:06+0800,12.743,0,0,"/data/state_diff2/scripts/phase3_policy_rollout.py:104: UserWarning: pkg_resources is deprecated as an API. See https://setuptools.pypa.io/en/latest/pkg_resources.html. The pkg_resources package is slated for removal as early as 2025-11-30. Refrain from using this package or pin to Setuptools<81.
  import pkg_resources

{""condition"": ""hidden_breakaway_pin"", ""delta"": 0.0, ""failure"": """", ""status"": ""ok"", ""variant"": ""live_retrieved_gt_action""}
",hidden_breakaway_pin,311000,0,2,live_retrieved_gt_action,live_prefix,retrieved_y_state,1,183,183,hidden_breakaway_pin,1025,3,000025-8.pkl,0.19149620831012726,0.09510602056980133,,,retrieved_y_action,pick_place,1,0.42500001192092896,-0.05312500149011612,0.013501862064003944,0.386184424161911,-0.05528838187456131,-0.0043691592290997505,0.03887582942843437,nan,0.0,0.0,0.0,0.0,0.0,0.0,0,0,0.0,0.20833333333333334,0.20833333333333334,0.0,nan,nan,live_replayed_condition_matched_prefix,,phase3_11b_retrieval_feasibility_no_phase4_no_cps
ok,2026-07-07T13:01:06+0800,2026-07-07T13:01:19+0800,12.891,0,0,"/data/state_diff2/scripts/phase3_policy_rollout.py:104: UserWarning: pkg_resources is deprecated as an API. See https://setuptools.pypa.io/en/latest/pkg_resources.html. The pkg_resources package is slated for removal as early as 2025-11-30. Refrain from using this package or pin to Setuptools<81.
  import pkg_resources

{""condition"": ""hidden_breakaway_pin"", ""delta"": 0.0, ""failure"": """", ""status"": ""ok"", ""variant"": ""live_repaired_idm_retrieved_future""}
",hidden_breakaway_pin,311000,0,2,live_repaired_idm_retrieved_future,live_prefix,retrieved_y_state,1,183,183,hidden_breakaway_pin,1025,3,000025-8.pkl,0.1025947704911232,0.04233642295002937,,,repaired_idm_retrieved_future,pick_place,1,0.4536897838115692,-0.08380693942308426,0.014618230052292347,0.40956759452819824,-0.06216759979724884,-0.008067909628152847,0.04914294183254242,0.6035377383232117,0.0,0.013020608574151993,0.006746377795934677,0.042005766183137894,0.024374091997742653,29.315305850648254,0,0,0.0,0.0,0.0,0.0,nan,nan,live_replayed_condition_matched_prefix,,phase3_11b_retrieval_feasibility_no_phase4_no_cps
ok,2026-07-07T13:01:19+0800,2026-07-07T13:01:34+0800,15.218,0,0,"/data/state_diff2/scripts/phase3_policy_rollout.py:104: UserWarning: pkg_resources is deprecated as an API. See https://setuptools.pypa.io/en/latest/pkg_resources.html. The pkg_resources package is slated for removal as early as 2025-11-30. Refrain from using this package or pin to Setuptools<81.
  import pkg_resources

{""condition"": ""hidden_breakaway_pin"", ""delta"": 0.0, ""failure"": """", ""status"": ""ok"", ""variant"": ""live_ddpm_mean_repaired_idm""}
",hidden_breakaway_pin,311000,0,2,live_ddpm_mean_repaired_idm,live_prefix,retrieved_y_state,0,183,183,hidden_breakaway_pin,1025,3,000025-8.pkl,0.09809393435716629,0.051697809249162674,,,repaired_idm_ddpm_mean,pick_place,1,0.5373791456222534,-0.1031324714422226,0.011506440117955208,0.5915924906730652,-0.01170257106423378,-0.004382758401334286,0.10629447549581528,0.4066636562347412,0.0,0.06504174321889877,0.029527822509407997,0.12300331890583038,0.20998142659664154,123.85588157540361,0,0,0.0,0.125,0.125,0.0,nan,nan,live_replayed_condition_matched_prefix,,phase3_11b_retrieval_feasibility_no_phase4_no_cps
ok,2026-07-07T13:01:34+0800,2026-07-07T13:01:47+0800,12.919,0,0,"/data/state_diff2/scripts/phase3_policy_rollout.py:104: UserWarning: pkg_resources is deprecated as an API. See https://setuptools.pypa.io/en/latest/pkg_resources.html. The pkg_resources package is slated for removal as early as 2025-11-30. Refrain from using this package or pin to Setuptools<81.
  import pkg_resources

{""condition"": ""hidden_breakaway_pin"", ""delta"": 0.0, ""failure"": """", ""status"": ""ok"", ""variant"": ""live_condition_retrieval_repaired_idm""}
",hidden_breakaway_pin,311000,0,2,live_condition_retrieval_repaired_idm,live_prefix,retrieved_y_state,1,183,183,hidden_breakaway_pin,1025,3,000025-8.pkl,0.10225167125463486,0.04156997799873352,,,repaired_idm_condition_retrieval,pick_place,1,0.5552732944488525,-0.13273034989833832,0.0222922433167696,0.5262506604194641,-0.10861968994140625,-0.004234218969941139,0.0377311147749424,0.5540797710418701,0.0,0.05722649767994881,0.02944297157227993,0.15267004072666168,0.14987587928771973,42.90830423390114,0,0,0.0,0.5,0.5,0.0,nan,nan,live_replayed_condition_matched_prefix,,phase3_11b_retrieval_feasibility_no_phase4_no_cps
ok,2026-07-07T13:01:47+0800,2026-07-07T13:01:56+0800,8.530,0,0,"/data/state_diff2/scripts/phase3_policy_rollout.py:104: UserWarning: pkg_resources is deprecated as an API. See https://setuptools.pypa.io/en/latest/pkg_resources.html. The pkg_resources package is slated for removal as early as 2025-11-30. Refrain from using this package or pin to Setuptools<81.
  import pkg_resources

{""condition"": ""hidden_high_friction"", ""delta"": 0.4583333333333333, ""failure"": """", ""status"": ""ok"", ""variant"": ""source_gt_action""}
",hidden_high_friction,311000,0,0,source_gt_action,source_prefix,retrieved_y_state,0,242,242,hidden_high_friction,1036,0,000036-4.pkl,,,,,retrieved_y_action,pick_place,1,0.5406249761581421,0.0625,0.013243285939097404,0.353965163230896,0.15745769441127777,-0.001056645531207323,0.20942504703998566,nan,0.0,0.0,0.0,0.0,0.0,0.0,0,0,0.4583333333333333,0.0,0.4583333333333333,0.4583333333333333,0.005124424118548632,0.12663598358631134,raw_action_file_high_confidence,,phase3_11b_retrieval_feasibility_no_phase4_no_cps
ok,2026-07-07T13:01:56+0800,2026-07-07T13:02:06+0800,9.743,0,0,"/data/state_diff2/scripts/phase3_policy_rollout.py:104: UserWarning: pkg_resources is deprecated as an API. See https://setuptools.pypa.io/en/latest/pkg_resources.html. The pkg_resources package is slated for removal as early as 2025-11-30. Refrain from using this package or pin to Setuptools<81.
  import pkg_resources

{""condition"": ""hidden_high_friction"", ""delta"": 0.0, ""failure"": """", ""status"": ""ok"", ""variant"": ""source_old_idm_future""}
",hidden_high_friction,311000,0,0,source_old_idm_future,source_prefix,retrieved_y_state,0,242,242,hidden_high_friction,1036,0,000036-4.pkl,,,,,old_idm_retrieved_future,pick_place,1,0.49798423051834106,0.03165803477168083,0.013134044595062733,0.38170915842056274,0.19674041867256165,-0.0025921594351530075,0.2019209861755371,0.4775071144104004,nan,0.019057603552937508,0.01015387661755085,0.052625659853219986,0.04809222370386124,27.877830950379835,0,0,0.0,0.0,0.0,0.0,0.005140378605574369,0.12624135613441467,raw_action_file_high_confidence,,phase3_11b_retrieval_feasibility_no_phase4_no_cps
ok,2026-07-07T13:02:06+0800,2026-07-07T13:02:16+0800,10.767,0,0,"/data/state_diff2/scripts/phase3_policy_rollout.py:104: UserWarning: pkg_resources is deprecated as an API. See https://setuptools.pypa.io/en/latest/pkg_resources.html. The pkg_resources package is slated for removal as early as 2025-11-30. Refrain from using this package or pin to Setuptools<81.
  import pkg_resources

{""condition"": ""hidden_high_friction"", ""delta"": 0.375, ""failure"": """", ""status"": ""ok"", ""variant"": ""source_repaired_idm_future""}
",hidden_high_friction,311000,0,0,source_repaired_idm_future,source_prefix,retrieved_y_state,0,242,242,hidden_high_friction,1036,0,000036-4.pkl,,,,,repaired_idm_retrieved_future,pick_place,1,0.5391785502433777,0.06521517038345337,0.013307726010680199,0.35457542538642883,0.1565200537443161,-0.0010708904592320323,0.20594877004623413,0.4947063624858856,nan,0.0008750609704293311,0.00041344662895426154,0.0030764099210500717,0.001118744839914143,0.6460483048866611,0,0,0.375,0.0,0.375,0.375,0.0057985554449260235,0.12980934977531433,raw_action_file_high_confidence,,phase3_11b_retrieval_feasibility_no_phase4_no_cps
ok,2026-07-07T13:02:16+0800,2026-07-07T13:02:24+0800,7.459,0,0,"/data/state_diff2/scripts/phase3_policy_rollout.py:104: UserWarning: pkg_resources is deprecated as an API. See https://setuptools.pypa.io/en/latest/pkg_resources.html. The pkg_resources package is slated for removal as early as 2025-11-30. Refrain from using this package or pin to Setuptools<81.
  import pkg_resources

{""condition"": ""hidden_high_friction"", ""delta"": 0.0, ""failure"": """", ""status"": ""ok"", ""variant"": ""live_retrieved_gt_action""}
",hidden_high_friction,311000,0,0,live_retrieved_gt_action,live_prefix,retrieved_y_state,1,242,242,hidden_high_friction,1036,0,000036-4.pkl,0.15478672087192535,0.08429774641990662,,,retrieved_y_action,pick_place,1,0.5406249761581421,0.0625,0.013243285939097404,0.353965163230896,0.15745769441127777,-0.001056645531207323,0.20942504703998566,nan,0.0,0.0,0.0,0.0,0.0,0.0,0,0,0.0,0.0,0.0,0.0,nan,nan,live_replayed_condition_matched_prefix,,phase3_11b_retrieval_feasibility_no_phase4_no_cps
ok,2026-07-07T13:02:24+0800,2026-07-07T13:02:33+0800,8.844,0,0,"/data/state_diff2/scripts/phase3_policy_rollout.py:104: UserWarning: pkg_resources is deprecated as an API. See https://setuptools.pypa.io/en/latest/pkg_resources.html. The pkg_resources package is slated for removal as early as 2025-11-30. Refrain from using this package or pin to Setuptools<81.
  import pkg_resources

{""condition"": ""hidden_high_friction"", ""delta"": -0.5, ""failure"": """", ""status"": ""ok"", ""variant"": ""live_repaired_idm_retrieved_future""}
",hidden_high_friction,311000,0,0,live_repaired_idm_retrieved_future,live_prefix,retrieved_y_state,1,242,242,hidden_high_friction,1036,0,000036-4.pkl,0.04215346276760101,0.02102244645357132,,,repaired_idm_retrieved_future,pick_place,1,0.568961501121521,0.15349307656288147,0.014778776094317436,0.3527708649635315,0.15454307198524475,0.00020455988124012947,0.21619318425655365,0.5407416224479675,0.0,0.0254902895539999,0.009016807191073895,0.09530319273471832,0.003149821190163493,26.685117180757505,0,0,-0.5,0.625,0.125,-0.5,nan,nan,live_replayed_condition_matched_prefix,,phase3_11b_retrieval_feasibility_no_phase4_no_cps
ok,2026-07-07T13:02:33+0800,2026-07-07T13:02:44+0800,11.663,0,0,"/data/state_diff2/scripts/phase3_policy_rollout.py:104: UserWarning: pkg_resources is deprecated as an API. See https://setuptools.pypa.io/en/latest/pkg_resources.html. The pkg_resources package is slated for removal as early as 2025-11-30. Refrain from using this package or pin to Setuptools<81.
  import pkg_resources

{""condition"": ""hidden_high_friction"", ""delta"": 0.08333333333333333, ""failure"": """", ""status"": ""ok"", ""variant"": ""live_ddpm_mean_repaired_idm""}
",hidden_high_friction,311000,0,0,live_ddpm_mean_repaired_idm,live_prefix,retrieved_y_state,0,242,242,hidden_high_friction,1036,0,000036-4.pkl,0.09819415956735611,0.05550521984696388,,,repaired_idm_ddpm_mean,pick_place,1,0.3616430163383484,-0.11915121227502823,0.016212789341807365,0.5650030970573425,0.006277002394199371,-0.0015241368673741817,0.23893003165721893,0.4436315596103668,0.0,0.09726008772850037,0.05187777057290077,0.2550131380558014,0.25960084795951843,121.3712090903158,0,0,0.08333333333333333,0.0,0.08333333333333333,0.08333333333333333,nan,nan,live_replayed_condition_matched_prefix,,phase3_11b_retrieval_feasibility_no_phase4_no_cps
ok,2026-07-07T13:02:44+0800,2026-07-07T13:02:52+0800,7.849,0,0,"/data/state_diff2/scripts/phase3_policy_rollout.py:104: UserWarning: pkg_resources is deprecated as an API. See https://setuptools.pypa.io/en/latest/pkg_resources.html. The pkg_resources package is slated for removal as early as 2025-11-30. Refrain from using this package or pin to Setuptools<81.
  import pkg_resources

{""condition"": ""hidden_high_friction"", ""delta"": 0.0, ""failure"": """", ""status"": ""ok"", ""variant"": ""live_condition_retrieval_repaired_idm""}
",hidden_high_friction,311000,0,0,live_condition_retrieval_repaired_idm,live_prefix,retrieved_y_state,1,242,242,hidden_high_friction,1036,0,000036-4.pkl,0.23293514549732208,0.12097930908203125,,,repaired_idm_condition_retrieval,pick_place,1,0.27127596735954285,-0.48625585436820984,0.022145580500364304,0.6029783487319946,0.014550238847732544,-0.00135517749004066,0.600693941116333,0.9607374668121338,0.0,0.1805134266614914,0.08708759397268295,0.6112952828407288,0.287106454372406,96.55460274509946,0,0,0.0,0.0,0.0,0.0,nan,nan,live_replayed_condition_matched_prefix,,phase3_11b_retrieval_feasibility_no_phase4_no_cps
ok,2026-07-07T13:02:52+0800,2026-07-07T13:03:09+0800,17.194,0,0,"/data/state_diff2/scripts/phase3_policy_rollout.py:104: UserWarning: pkg_resources is deprecated as an API. See https://setuptools.pypa.io/en/latest/pkg_resources.html. The pkg_resources package is slated for removal as early as 2025-11-30. Refrain from using this package or pin to Setuptools<81.
  import pkg_resources

{""condition"": ""hidden_high_friction"", ""delta"": 0.0, ""failure"": """", ""status"": ""ok"", ""variant"": ""source_gt_action""}
",hidden_high_friction,311000,0,1,source_gt_action,source_prefix,retrieved_y_state,0,330,330,hidden_high_friction,1043,5,000043-7.pkl,,,,,retrieved_y_action,pick_place,1,0.59375,-0.02187499962747097,0.013610667549073696,0.6250292062759399,-0.015846915543079376,0.0006926166824996471,0.031854771077632904,nan,0.0,0.0,0.0,0.0,0.0,0.0,0,0,0.0,0.0,0.0,0.0,0.10821664333343506,2.398705005645752,raw_action_file_high_confidence,,phase3_11b_retrieval_feasibility_no_phase4_no_cps
ok,2026-07-07T13:03:09+0800,2026-07-07T13:03:28+0800,18.619,0,0,"/data/state_diff2/scripts/phase3_policy_rollout.py:104: UserWarning: pkg_resources is deprecated as an API. See https://setuptools.pypa.io/en/latest/pkg_resources.html. The pkg_resources package is slated for removal as early as 2025-11-30. Refrain from using this package or pin to Setuptools<81.
  import pkg_resources

{""condition"": ""hidden_high_friction"", ""delta"": 0.0, ""failure"": """", ""status"": ""ok"", ""variant"": ""source_old_idm_future""}
",hidden_high_friction,311000,0,1,source_old_idm_future,source_prefix,retrieved_y_state,0,330,330,hidden_high_friction,1043,5,000043-7.pkl,,,,,old_idm_retrieved_future,pick_place,1,0.5744927525520325,-0.004289690405130386,0.013240250758826733,0.6273947954177856,-0.011218372732400894,0.001224607229232788,0.053353846073150635,0.38043078780174255,nan,0.007108969613909721,0.00319565343670547,0.02607843279838562,0.005198020953685045,18.36988664934079,0,0,0.0,0.0,0.0,0.0,0.10901664197444916,2.404384136199951,raw_action_file_high_confidence,,phase3_11b_retrieval_feasibility_no_phase4_no_cps
ok,2026-07-07T13:03:28+0800,2026-07-07T13:03:46+0800,18.120,0,0,"/data/state_diff2/scripts/phase3_policy_rollout.py:104: UserWarning: pkg_resources is deprecated as an API. See https://setuptools.pypa.io/en/latest/pkg_resources.html. The pkg_resources package is slated for removal as early as 2025-11-30. Refrain from using this package or pin to Setuptools<81.
  import pkg_resources

{""condition"": ""hidden_high_friction"", ""delta"": 0.0, ""failure"": """", ""status"": ""ok"", ""variant"": ""source_repaired_idm_future""}
",hidden_high_friction,311000,0,1,source_repaired_idm_future,source_prefix,retrieved_y_state,0,330,330,hidden_high_friction,1043,5,000043-7.pkl,,,,,repaired_idm_retrieved_future,pick_place,1,0.5921768546104431,-0.018921833485364914,0.013372517190873623,0.6253471970558167,-0.015694141387939453,0.0008279650937765837,0.03332700952887535,0.402921587228775,nan,0.0009021984878927469,0.0003836159885395318,0.003346038982272148,0.00035278615541756153,5.3503883436534005,0,0,0.0,0.0,0.0,0.0,0.107420414686203,2.378911256790161,raw_action_file_high_confidence,,phase3_11b_retrieval_feasibility_no_phase4_no_cps
ok,2026-07-07T13:03:46+0800,2026-07-07T13:03:57+0800,10.774,0,0,"/data/state_diff2/scripts/phase3_policy_rollout.py:104: UserWarning: pkg_resources is deprecated as an API. See https://setuptools.pypa.io/en/latest/pkg_resources.html. The pkg_resources package is slated for removal as early as 2025-11-30. Refrain from using this package or pin to Setuptools<81.
  import pkg_resources

{""condition"": ""hidden_high_friction"", ""delta"": 0.0, ""failure"": """", ""status"": ""ok"", ""variant"": ""live_retrieved_gt_action""}
",hidden_high_friction,311000,0,1,live_retrieved_gt_action,live_prefix,retrieved_y_state,1,330,330,hidden_high_friction,1043,5,000043-7.pkl,0.09347587823867798,0.05268888920545578,,,retrieved_y_action,pick_place,1,0.59375,-0.02187499962747097,0.013610667549073696,0.6250292062759399,-0.015846915543079376,0.0006926166824996471,0.031854771077632904,nan,0.0,0.0,0.0,0.0,0.0,0.0,0,0,0.0,0.0,0.0,0.0,nan,nan,live_replayed_condition_matched_prefix,,phase3_11b_retrieval_feasibility_no_phase4_no_cps
ok,2026-07-07T13:03:57+0800,2026-07-07T13:04:08+0800,10.753,0,0,"/data/state_diff2/scripts/phase3_policy_rollout.py:104: UserWarning: pkg_resources is deprecated as an API. See https://setuptools.pypa.io/en/latest/pkg_resources.html. The pkg_resources package is slated for removal as early as 2025-11-30. Refrain from using this package or pin to Setuptools<81.
  import pkg_resources

{""condition"": ""hidden_high_friction"", ""delta"": 0.0, ""failure"": """", ""status"": ""ok"", ""variant"": ""live_repaired_idm_retrieved_future""}
",hidden_high_friction,311000,0,1,live_repaired_idm_retrieved_future,live_prefix,retrieved_y_state,1,330,330,hidden_high_friction,1043,5,000043-7.pkl,0.09235267341136932,0.043908923864364624,,,repaired_idm_retrieved_future,pick_place,1,0.7030102610588074,-0.04416739195585251,0.01979174092411995,0.5695875883102417,-0.010370738804340363,0.0028453702107071877,0.13763655722141266,0.630075216293335,0.0,0.03336096554994583,0.014343174174427986,0.1115112379193306,0.05571141466498375,154.8774340717838,0,0,0.0,0.0,0.0,0.0,nan,nan,live_replayed_condition_matched_prefix,,phase3_11b_retrieval_feasibility_no_phase4_no_cps
ok,2026-07-07T13:04:08+0800,2026-07-07T13:04:23+0800,15.197,0,0,"/data/state_diff2/scripts/phase3_policy_rollout.py:104: UserWarning: pkg_resources is deprecated as an API. See https://setuptools.pypa.io/en/latest/pkg_resources.html. The pkg_resources package is slated for removal as early as 2025-11-30. Refrain from using this package or pin to Setuptools<81.
  import pkg_resources

{""condition"": ""hidden_high_friction"", ""delta"": 0.0, ""failure"": """", ""status"": ""ok"", ""variant"": ""live_ddpm_mean_repaired_idm""}
",hidden_high_friction,311000,0,1,live_ddpm_mean_repaired_idm,live_prefix,retrieved_y_state,0,330,330,hidden_high_friction,1043,5,000043-7.pkl,0.13589981198310852,0.0748434066772461,,,repaired_idm_ddpm_mean,pick_place,1,0.5776203274726868,-0.04164762794971466,0.01700058951973915,0.5431540608406067,-0.09080183506011963,0.002865071874111891,0.06003382056951523,0.3926316499710083,0.0,0.030459707602858543,0.014163917861878872,0.025517113506793976,0.11100351065397263,135.94585477028747,0,0,0.0,0.08333333333333333,0.08333333333333333,0.0,nan,nan,live_replayed_condition_matched_prefix,,phase3_11b_retrieval_feasibility_no_phase4_no_cps
ok,2026-07-07T13:04:23+0800,2026-07-07T13:04:33+0800,9.572,0,0,"/data/state_diff2/scripts/phase3_policy_rollout.py:104: UserWarning: pkg_resources is deprecated as an API. See https://setuptools.pypa.io/en/latest/pkg_resources.html. The pkg_resources package is slated for removal as early as 2025-11-30. Refrain from using this package or pin to Setuptools<81.
  import pkg_resources

{""condition"": ""hidden_high_friction"", ""delta"": 0.0, ""failure"": """", ""status"": ""ok"", ""variant"": ""live_condition_retrieval_repaired_idm""}
",hidden_high_friction,311000,0,1,live_condition_retrieval_repaired_idm,live_prefix,retrieved_y_state,1,330,330,hidden_high_friction,1043,5,000043-7.pkl,0.10364264994859695,0.05604957044124603,,,repaired_idm_condition_retrieval,pick_place,1,0.3875546157360077,-0.19613401591777802,0.01582883857190609,0.5635165572166443,-0.09931798279285431,-0.0007080156356096268,0.2008381187915802,0.4343000650405884,0.0,0.07729389518499374,0.037789784371852875,0.26996803283691406,0.10368811339139938,17.91180866388165,0,0,0.0,0.041666666666666664,0.041666666666666664,0.0,nan,nan,live_replayed_condition_matched_prefix,,phase3_11b_retrieval_feasibility_no_phase4_no_cps
ok,2026-07-07T13:04:33+0800,2026-07-07T13:04:50+0800,17.518,0,0,"/data/state_diff2/scripts/phase3_policy_rollout.py:104: UserWarning: pkg_resources is deprecated as an API. See https://setuptools.pypa.io/en/latest/pkg_resources.html. The pkg_resources package is slated for removal as early as 2025-11-30. Refrain from using this package or pin to Setuptools<81.
  import pkg_resources

{""condition"": ""hidden_high_friction"", ""delta"": 0.0, ""failure"": """", ""status"": ""ok"", ""variant"": ""source_gt_action""}
",hidden_high_friction,311000,0,2,source_gt_action,source_prefix,retrieved_y_state,0,266,266,hidden_high_friction,1037,5,000037-6.pkl,,,,,retrieved_y_action,pick_place,1,0.518750011920929,-0.04062499850988388,0.013436744920909405,0.5056378245353699,-0.058217890560626984,-0.003744517220184207,0.02194172516465187,nan,0.0,0.0,0.0,0.0,0.0,0.0,0,0,0.0,0.0,0.0,0.0,0.11397881805896759,2.318204641342163,raw_action_file_high_confidence,,phase3_11b_retrieval_feasibility_no_phase4_no_cps
ok,2026-07-07T13:04:50+0800,2026-07-07T13:05:10+0800,19.249,0,0,"/data/state_diff2/scripts/phase3_policy_rollout.py:104: UserWarning: pkg_resources is deprecated as an API. See https://setuptools.pypa.io/en/latest/pkg_resources.html. The pkg_resources package is slated for removal as early as 2025-11-30. Refrain from using this package or pin to Setuptools<81.
  import pkg_resources

{""condition"": ""hidden_high_friction"", ""delta"": 0.0, ""failure"": """", ""status"": ""ok"", ""variant"": ""source_old_idm_future""}
",hidden_high_friction,311000,0,2,source_old_idm_future,source_prefix,retrieved_y_state,0,266,266,hidden_high_friction,1037,5,000037-6.pkl,,,,,old_idm_retrieved_future,pick_place,1,0.5241391658782959,-0.006735719740390778,0.013694452121853828,0.5056053400039673,-0.03997817635536194,-0.0022355886176228523,0.03806000202894211,0.11387138068675995,nan,0.010394221171736717,0.004236951936036348,0.03431510180234909,0.018239742144942284,7.5564191632141515,0,0,0.0,0.0,0.0,0.0,0.11790308356285095,2.347553253173828,raw_action_file_high_confidence,,phase3_11b_retrieval_feasibility_no_phase4_no_cps
ok,2026-07-07T13:05:10+0800,2026-07-07T13:05:28+0800,18.860,0,0,"/data/state_diff2/scripts/phase3_policy_rollout.py:104: UserWarning: pkg_resources is deprecated as an API. See https://setuptools.pypa.io/en/latest/pkg_resources.html. The pkg_resources package is slated for removal as early as 2025-11-30. Refrain from using this package or pin to Setuptools<81.
  import pkg_resources

{""condition"": ""hidden_high_friction"", ""delta"": 0.0, ""failure"": """", ""status"": ""ok"", ""variant"": ""source_repaired_idm_future""}
",hidden_high_friction,311000,0,2,source_repaired_idm_future,source_prefix,retrieved_y_state,0,266,266,hidden_high_friction,1037,5,000037-6.pkl,,,,,repaired_idm_retrieved_future,pick_place,1,0.5171741843223572,-0.03166935592889786,0.0133744478225708,0.5044558048248291,-0.05875110253691673,-0.0028611277230083942,0.02991952747106552,0.15966200828552246,nan,0.002466236473992467,0.0009423150913789868,0.009093226864933968,0.0012967210495844483,11.541458614791456,0,0,0.0,0.0,0.0,0.0,0.11218146234750748,2.2435784339904785,raw_action_file_high_confidence,,phase3_11b_retrieval_feasibility_no_phase4_no_cps
ok,2026-07-07T13:05:28+0800,2026-07-07T13:05:43+0800,14.292,0,0,"/data/state_diff2/scripts/phase3_policy_rollout.py:104: UserWarning: pkg_resources is deprecated as an API. See https://setuptools.pypa.io/en/latest/pkg_resources.html. The pkg_resources package is slated for removal as early as 2025-11-30. Refrain from using this package or pin to Setuptools<81.
  import pkg_resources

{""condition"": ""hidden_high_friction"", ""delta"": 0.0, ""failure"": """", ""status"": ""ok"", ""variant"": ""live_retrieved_gt_action""}
",hidden_high_friction,311000,0,2,live_retrieved_gt_action,live_prefix,retrieved_y_state,1,266,266,hidden_high_friction,1037,5,000037-6.pkl,0.12713554501533508,0.060063835233449936,,,retrieved_y_action,pick_place,1,0.518750011920929,-0.04062499850988388,0.013436744920909405,0.5056378245353699,-0.058217890560626984,-0.003744517220184207,0.02194172516465187,nan,0.0,0.0,0.0,0.0,0.0,0.0,0,0,0.0,0.125,0.125,0.0,nan,nan,live_replayed_condition_matched_prefix,,phase3_11b_retrieval_feasibility_no_phase4_no_cps
ok,2026-07-07T13:05:43+0800,2026-07-07T13:05:57+0800,14.563,0,0,"/data/state_diff2/scripts/phase3_policy_rollout.py:104: UserWarning: pkg_resources is deprecated as an API. See https://setuptools.pypa.io/en/latest/pkg_resources.html. The pkg_resources package is slated for removal as early as 2025-11-30. Refrain from using this package or pin to Setuptools<81.
  import pkg_resources

{""condition"": ""hidden_high_friction"", ""delta"": 0.0, ""failure"": """", ""status"": ""ok"", ""variant"": ""live_repaired_idm_retrieved_future""}
",hidden_high_friction,311000,0,2,live_repaired_idm_retrieved_future,live_prefix,retrieved_y_state,1,266,266,hidden_high_friction,1037,5,000037-6.pkl,0.10001035034656525,0.051960717886686325,,,repaired_idm_retrieved_future,pick_place,1,0.5353812575340271,-0.016679976135492325,0.012636805884540081,0.453863263130188,-0.023939047008752823,-0.004041509702801704,0.08184055984020233,0.27790266275405884,0.0,0.018334850668907166,0.009123333729803562,0.029154114425182343,0.062093835324048996,48.21371243109707,0,0,0.0,0.0,0.0,0.0,nan,nan,live_replayed_condition_matched_prefix,,phase3_11b_retrieval_feasibility_no_phase4_no_cps
ok,2026-07-07T13:05:57+0800,2026-07-07T13:06:15+0800,17.443,0,0,"/data/state_diff2/scripts/phase3_policy_rollout.py:104: UserWarning: pkg_resources is deprecated as an API. See https://setuptools.pypa.io/en/latest/pkg_resources.html. The pkg_resources package is slated for removal as early as 2025-11-30. Refrain from using this package or pin to Setuptools<81.
  import pkg_resources

{""condition"": ""hidden_high_friction"", ""delta"": 0.0, ""failure"": """", ""status"": ""ok"", ""variant"": ""live_ddpm_mean_repaired_idm""}
",hidden_high_friction,311000,0,2,live_ddpm_mean_repaired_idm,live_prefix,retrieved_y_state,0,266,266,hidden_high_friction,1037,5,000037-6.pkl,0.11808449774980545,0.05595558136701584,,,repaired_idm_ddpm_mean,pick_place,1,0.5697187781333923,-0.06439178436994553,0.014577333815395832,0.5159570574760437,-0.08700738847255707,0.0010263188742101192,0.05832485109567642,0.22971652448177338,0.0,0.01715904474258423,0.008553984574973583,0.05623766779899597,0.030583029612898827,30.48767749621483,0,0,0.0,0.4166666666666667,0.4166666666666667,0.0,nan,nan,live_replayed_condition_matched_prefix,,phase3_11b_retrieval_feasibility_no_phase4_no_cps
ok,2026-07-07T13:06:15+0800,2026-07-07T13:06:28+0800,13.219,0,0,"/data/state_diff2/scripts/phase3_policy_rollout.py:104: UserWarning: pkg_resources is deprecated as an API. See https://setuptools.pypa.io/en/latest/pkg_resources.html. The pkg_resources package is slated for removal as early as 2025-11-30. Refrain from using this package or pin to Setuptools<81.
  import pkg_resources

{""condition"": ""hidden_high_friction"", ""delta"": 0.0, ""failure"": """", ""status"": ""ok"", ""variant"": ""live_condition_retrieval_repaired_idm""}
",hidden_high_friction,311000,0,2,live_condition_retrieval_repaired_idm,live_prefix,retrieved_y_state,1,266,266,hidden_high_friction,1037,5,000037-6.pkl,0.10473858565092087,0.050339359790086746,,,repaired_idm_condition_retrieval,pick_place,1,0.49800047278404236,-0.05947321653366089,0.019238535314798355,0.499580055475235,-0.01774485595524311,-0.002990495413541794,0.04175825044512749,0.3160601258277893,0.0,0.013349133543670177,0.0066203163005411625,0.028032101690769196,0.04092387109994888,145.4702415806519,0,0,0.0,0.0,0.0,0.0,nan,nan,live_replayed_condition_matched_prefix,,phase3_11b_retrieval_feasibility_no_phase4_no_cps
