comparison,left_track,right_track,step,feature,feature_family,legal_observation,feature_dim,accuracy,balanced_accuracy,roc_auc,tp,tn,fp,fn,paired_accuracy,paired_positive,paired_negative,paired_ties,paired_margin_mean,paired_margin_median,paired_sign_p,roc_auc_ci_low,roc_auc_ci_high,balanced_accuracy_ci_low,balanced_accuracy_ci_high,paired_accuracy_ci_low,paired_accuracy_ci_high
primary_step_0,free_a,hidden_armed,0,xy_single,position,True,48,0.5,0.5,0.5,128,0,128,0,0.5,0,0,128,0.0,0.0,1.0,0.5,0.5,0.5,0.5,0.5,0.5
primary_step_0,free_a,hidden_armed,0,sim_velocity_only,privileged_velocity,False,48,0.5,0.5,0.5,128,0,128,0,0.5,0,0,128,0.0,0.0,1.0,0.5,0.5,0.5,0.5,0.5,0.5
primary_step_0,free_a,hidden_armed,0,xy_sim_velocity,privileged_velocity,False,96,0.5,0.5,0.5,128,0,128,0,0.5,0,0,128,0.0,0.0,1.0,0.5,0.5,0.5,0.5,0.5,0.5
primary_step_0,free_a,hidden_armed,0,robot_only,robot_proprio,True,39,0.5,0.5,0.5,128,0,128,0,0.5,0,0,128,0.0,0.0,1.0,0.5,0.5,0.5,0.5,0.5,0.5
primary_step_0,free_a,hidden_armed,0,position_proprio_single,position_proprio,True,87,0.5,0.5,0.5,128,0,128,0,0.5,0,0,128,0.0,0.0,1.0,0.5,0.5,0.5,0.5,0.5,0.5
primary_step_0,free_a,hidden_armed,0,xy_history_s1,observable_motion,True,144,0.5,0.5,0.5,128,0,128,0,0.5,0,0,128,0.0,0.0,1.0,0.5,0.5,0.5,0.5,0.5,0.5
primary_step_0,free_a,hidden_armed,0,position_proprio_history_s1,observable_motion,True,261,0.5,0.5,0.5,128,0,128,0,0.5,0,0,128,0.0,0.0,1.0,0.5,0.5,0.5,0.5,0.5,0.5
primary_step_0,free_a,hidden_armed,0,causal_fd_history_s1,observable_motion,True,405,0.5,0.5,0.5,128,0,128,0,0.5,0,0,128,0.0,0.0,1.0,0.5,0.5,0.5,0.5,0.5,0.5
primary_step_0,free_a,hidden_armed,0,model_x_v2_s1,proposed_model_input,True,303,0.5,0.5,0.5,128,0,128,0,0.5,0,0,128,0.0,0.0,1.0,0.5,0.5,0.5,0.5,0.5,0.5
primary_step_0,free_a,hidden_armed,0,privileged_model_x_v1_s1,privileged_velocity,False,447,0.5,0.5,0.5,128,0,128,0,0.5,0,0,128,0.0,0.0,1.0,0.5,0.5,0.5,0.5,0.5,0.5
primary_step_0,free_a,hidden_armed,0,xy_history_s5,observable_motion,True,144,0.5,0.5,0.5,128,0,128,0,0.5,0,0,128,0.0,0.0,1.0,0.5,0.5,0.5,0.5,0.5,0.5
primary_step_0,free_a,hidden_armed,0,position_proprio_history_s5,observable_motion,True,261,0.5,0.5,0.5,128,0,128,0,0.5,0,0,128,0.0,0.0,1.0,0.5,0.5,0.5,0.5,0.5,0.5
primary_step_0,free_a,hidden_armed,0,causal_fd_history_s5,observable_motion,True,405,0.5,0.5,0.5,128,0,128,0,0.5,0,0,128,0.0,0.0,1.0,0.5,0.5,0.5,0.5,0.5,0.5
primary_step_0,free_a,hidden_armed,0,model_x_v2_s5,proposed_model_input,True,303,0.5,0.5,0.5,128,0,128,0,0.5,0,0,128,0.0,0.0,1.0,0.5,0.5,0.5,0.5,0.5,0.5
primary_step_0,free_a,hidden_armed,0,privileged_model_x_v1_s5,privileged_velocity,False,447,0.5,0.5,0.5,128,0,128,0,0.5,0,0,128,0.0,0.0,1.0,0.5,0.5,0.5,0.5,0.5,0.5
primary_step_0,free_a,hidden_armed,0,xy_history_s10,observable_motion,True,144,0.5,0.5,0.5,128,0,128,0,0.5,0,0,128,0.0,0.0,1.0,0.5,0.5,0.5,0.5,0.5,0.5
primary_step_0,free_a,hidden_armed,0,position_proprio_history_s10,observable_motion,True,261,0.5,0.5,0.5,128,0,128,0,0.5,0,0,128,0.0,0.0,1.0,0.5,0.5,0.5,0.5,0.5,0.5
primary_step_0,free_a,hidden_armed,0,causal_fd_history_s10,observable_motion,True,405,0.5,0.5,0.5,128,0,128,0,0.5,0,0,128,0.0,0.0,1.0,0.5,0.5,0.5,0.5,0.5,0.5
primary_step_0,free_a,hidden_armed,0,model_x_v2_s10,proposed_model_input,True,303,0.5,0.5,0.5,128,0,128,0,0.5,0,0,128,0.0,0.0,1.0,0.5,0.5,0.5,0.5,0.5,0.5
primary_step_0,free_a,hidden_armed,0,privileged_model_x_v1_s10,privileged_velocity,False,447,0.5,0.5,0.5,128,0,128,0,0.5,0,0,128,0.0,0.0,1.0,0.5,0.5,0.5,0.5,0.5,0.5
primary_step_0,free_a,hidden_armed,0,model_x_v2_s5_noise_00025m,noisy_visual_proxy,True,303,0.46875,0.46875,0.458404541015625,58,62,66,70,0.4609375,59,69,0,-0.03584558823529411,-0.008723489395758233,0.4264394964440242,0.41277923583984377,0.5036323547363282,0.421875,0.515625,0.375,0.546875
primary_step_0,free_a,hidden_armed,0,model_x_v2_s5_noise_0005m,noisy_visual_proxy,True,303,0.4453125,0.4453125,0.448211669921875,56,58,70,72,0.4453125,57,71,0,-0.04467286914765906,-0.07651060424169676,0.2504398806192594,0.384674072265625,0.51422119140625,0.38671875,0.5078125,0.359375,0.53125
primary_step_0,free_a,hidden_armed,0,model_x_v2_s5_noise_001m,noisy_visual_proxy,True,303,0.48046875,0.48046875,0.522430419921875,57,66,62,71,0.5390625,69,59,0,0.022739095638255307,0.06314525810324119,0.4264394964440242,0.45519866943359377,0.5893577575683593,0.421875,0.5390625,0.453125,0.625
primary_step_1,free_a,hidden_armed,1,xy_single,position,True,48,0.5,0.5,0.5,128,0,128,0,0.5,0,0,128,0.0,0.0,1.0,0.5,0.5,0.5,0.5,0.5,0.5
primary_step_1,free_a,hidden_armed,1,sim_velocity_only,privileged_velocity,False,48,0.97265625,0.97265625,0.988677978515625,125,124,4,3,0.9921875,127,1,0,0.49635604241696685,0.49111644657863135,7.581938562803754e-37,0.9695419311523438,0.9996337890625,0.953125,0.98828125,0.9765625,1.0
primary_step_1,free_a,hidden_armed,1,xy_sim_velocity,privileged_velocity,False,96,0.98046875,0.98046875,0.990142822265625,124,127,1,4,0.9921875,127,1,0,0.49815551220488197,0.49011604641856743,7.581938562803754e-37,0.97314453125,0.99981689453125,0.9609375,0.99609375,0.9765625,1.0
primary_step_1,free_a,hidden_armed,1,robot_only,robot_proprio,True,39,0.5,0.5,0.5,128,0,128,0,0.5,0,0,128,0.0,0.0,1.0,0.5,0.5,0.5,0.5,0.5,0.5
primary_step_1,free_a,hidden_armed,1,position_proprio_single,position_proprio,True,87,0.5,0.5,0.5,128,0,128,0,0.5,0,0,128,0.0,0.0,1.0,0.5,0.5,0.5,0.5,0.5,0.5
primary_step_1,free_a,hidden_armed,1,xy_history_s1,observable_motion,True,144,0.5,0.5,0.5,128,0,128,0,0.5,0,0,128,0.0,0.0,1.0,0.5,0.5,0.5,0.5,0.5,0.5
primary_step_1,free_a,hidden_armed,1,position_proprio_history_s1,observable_motion,True,261,0.5,0.5,0.5,128,0,128,0,0.5,0,0,128,0.0,0.0,1.0,0.5,0.5,0.5,0.5,0.5,0.5
primary_step_1,free_a,hidden_armed,1,causal_fd_history_s1,observable_motion,True,405,0.98046875,0.98046875,0.99017333984375,125,126,2,3,0.9921875,127,1,0,0.49790041016406555,0.48775510204081635,7.581938562803754e-37,0.97314453125,0.99993896484375,0.9609375,0.99609375,0.9765625,1.0
primary_step_1,free_a,hidden_armed,1,model_x_v2_s1,proposed_model_input,True,303,0.5,0.5,0.5,128,0,128,0,0.5,0,0,128,0.0,0.0,1.0,0.5,0.5,0.5,0.5,0.5,0.5
primary_step_1,free_a,hidden_armed,1,privileged_model_x_v1_s1,privileged_velocity,False,447,0.98046875,0.98046875,0.990234375,125,126,2,3,0.9921875,127,1,0,0.49783913565426174,0.4936374549819928,7.581938562803754e-37,0.9728683471679688,0.99993896484375,0.9609375,0.99609375,0.9765625,1.0
primary_step_1,free_a,hidden_armed,1,xy_history_s5,observable_motion,True,144,0.5,0.5,0.5,128,0,128,0,0.5,0,0,128,0.0,0.0,1.0,0.5,0.5,0.5,0.5,0.5,0.5
primary_step_1,free_a,hidden_armed,1,position_proprio_history_s5,observable_motion,True,261,0.5,0.5,0.5,128,0,128,0,0.5,0,0,128,0.0,0.0,1.0,0.5,0.5,0.5,0.5,0.5,0.5
primary_step_1,free_a,hidden_armed,1,causal_fd_history_s5,observable_motion,True,405,0.98046875,0.98046875,0.99017333984375,125,126,2,3,0.9921875,127,1,0,0.49790041016406555,0.48775510204081635,7.581938562803754e-37,0.97259521484375,0.9998779296875,0.9609375,0.99609375,0.9765625,1.0
primary_step_1,free_a,hidden_armed,1,model_x_v2_s5,proposed_model_input,True,303,0.5,0.5,0.5,128,0,128,0,0.5,0,0,128,0.0,0.0,1.0,0.5,0.5,0.5,0.5,0.5,0.5
primary_step_1,free_a,hidden_armed,1,privileged_model_x_v1_s5,privileged_velocity,False,447,0.98046875,0.98046875,0.990234375,125,126,2,3,0.9921875,127,1,0,0.49783913565426174,0.4936374549819928,7.581938562803754e-37,0.9727783203125,0.99993896484375,0.9609375,0.99609375,0.9765625,1.0
primary_step_1,free_a,hidden_armed,1,xy_history_s10,observable_motion,True,144,0.5,0.5,0.5,128,0,128,0,0.5,0,0,128,0.0,0.0,1.0,0.5,0.5,0.5,0.5,0.5,0.5
primary_step_1,free_a,hidden_armed,1,position_proprio_history_s10,observable_motion,True,261,0.5,0.5,0.5,128,0,128,0,0.5,0,0,128,0.0,0.0,1.0,0.5,0.5,0.5,0.5,0.5,0.5
primary_step_1,free_a,hidden_armed,1,causal_fd_history_s10,observable_motion,True,405,0.98046875,0.98046875,0.99017333984375,125,126,2,3,0.9921875,127,1,0,0.49790041016406555,0.48775510204081635,7.581938562803754e-37,0.9727462768554688,0.99993896484375,0.9609375,0.99609375,0.9765625,1.0
primary_step_1,free_a,hidden_armed,1,model_x_v2_s10,proposed_model_input,True,303,0.5,0.5,0.5,128,0,128,0,0.5,0,0,128,0.0,0.0,1.0,0.5,0.5,0.5,0.5,0.5,0.5
primary_step_1,free_a,hidden_armed,1,privileged_model_x_v1_s10,privileged_velocity,False,447,0.98046875,0.98046875,0.990234375,125,126,2,3,0.9921875,127,1,0,0.49783913565426174,0.4936374549819928,7.581938562803754e-37,0.9731742858886718,0.9998794555664062,0.9609375,0.99609375,0.9765625,1.0
primary_step_1,free_a,hidden_armed,1,model_x_v2_s5_noise_00025m,noisy_visual_proxy,True,303,0.48046875,0.48046875,0.484771728515625,64,59,69,64,0.4609375,59,69,0,-0.014643357342937167,-0.016486594637855144,0.4264394964440242,0.4435111999511719,0.5264907836914062,0.4375,0.5234375,0.375,0.546875
primary_step_1,free_a,hidden_armed,1,model_x_v2_s5_noise_0005m,noisy_visual_proxy,True,303,0.4609375,0.4609375,0.45001220703125,60,58,70,68,0.4609375,59,69,0,-0.04575830332132854,-0.0913165266106442,0.4264394964440242,0.39324951171875,0.5079658508300782,0.40625,0.515625,0.375,0.546875
primary_step_1,free_a,hidden_armed,1,model_x_v2_s5_noise_001m,noisy_visual_proxy,True,303,0.484375,0.484375,0.510955810546875,63,61,67,65,0.53125,68,60,0,0.012821378551420574,0.03513405362144861,0.536268714071106,0.44476318359375,0.57794189453125,0.4296875,0.5390625,0.4453125,0.6171875
primary_step_5,free_a,hidden_armed,5,xy_single,position,True,48,0.5,0.5,0.50616455078125,86,42,86,42,0.6953125,68,18,42,0.0021252250900360117,0.0039215686274509665,5.2936895085725706e-08,0.503997802734375,0.512054443359375,0.5,0.5,0.6328125,0.7578125
primary_step_5,free_a,hidden_armed,5,sim_velocity_only,privileged_velocity,False,48,0.87109375,0.87109375,0.9364013671875,112,111,17,16,0.953125,122,6,0,0.43474389755902365,0.41936774709883967,3.3496859003124053e-29,0.9051498413085938,0.96392822265625,0.83203125,0.91015625,0.9140625,0.984375
primary_step_5,free_a,hidden_armed,5,xy_sim_velocity,privileged_velocity,False,96,0.8671875,0.8671875,0.93408203125,112,110,18,16,0.9609375,123,5,0,0.4320053021208483,0.42593037214885954,1.6197373698416143e-30,0.9028915405273438,0.9625244140625,0.828125,0.90625,0.921875,0.9921875
primary_step_5,free_a,hidden_armed,5,robot_only,robot_proprio,True,39,0.5,0.5,0.5,128,0,128,0,0.5,0,0,128,0.0,0.0,1.0,0.5,0.5,0.5,0.5,0.5,0.5
primary_step_5,free_a,hidden_armed,5,position_proprio_single,position_proprio,True,87,0.5,0.5,0.506256103515625,86,42,86,42,0.69921875,68,17,43,0.002157112845138052,0.0039215686274509665,2.1750638050848607e-08,0.50421142578125,0.512054443359375,0.5,0.5,0.63671875,0.7578125
primary_step_5,free_a,hidden_armed,5,xy_history_s1,observable_motion,True,144,0.515625,0.515625,0.514373779296875,66,66,62,62,0.84375,108,20,0,0.013820528211284506,0.019927971188475335,8.588622955874907e-16,0.5128173828125,0.52130126953125,0.50390625,0.53125,0.78125,0.90625
primary_step_5,free_a,hidden_armed,5,position_proprio_history_s1,observable_motion,True,261,0.51171875,0.51171875,0.51458740234375,64,67,61,64,0.84375,108,20,0,0.013759253701480588,0.019927971188475335,8.588622955874907e-16,0.51263427734375,0.52191162109375,0.5,0.52734375,0.78125,0.90625
primary_step_5,free_a,hidden_armed,5,causal_fd_history_s1,observable_motion,True,405,0.9296875,0.9296875,0.976318359375,119,119,9,9,0.9921875,127,1,0,0.47586159463785516,0.46430572228891565,7.581938562803754e-37,0.9564208984375,0.9918212890625,0.8984375,0.9609375,0.9765625,1.0
primary_step_5,free_a,hidden_armed,5,model_x_v2_s1,proposed_model_input,True,303,0.51171875,0.51171875,0.51458740234375,64,67,61,64,0.84375,108,20,0,0.013759253701480588,0.019927971188475335,8.588622955874907e-16,0.51263427734375,0.52203369140625,0.5,0.52734375,0.78125,0.90625
primary_step_5,free_a,hidden_armed,5,privileged_model_x_v1_s1,privileged_velocity,False,447,0.93359375,0.93359375,0.97705078125,120,119,9,8,0.9921875,127,1,0,0.47665566226490597,0.4701480592236895,7.581938562803754e-37,0.95751953125,0.9923095703125,0.90234375,0.96484375,0.9765625,1.0
primary_step_5,free_a,hidden_armed,5,xy_history_s5,observable_motion,True,144,0.5,0.5,0.506134033203125,86,42,86,42,0.6953125,68,18,42,0.002125225090036014,0.0039215686274509665,5.2936895085725706e-08,0.50396728515625,0.511871337890625,0.5,0.5,0.6328125,0.75390625
primary_step_5,free_a,hidden_armed,5,position_proprio_history_s5,observable_motion,True,261,0.5,0.5,0.506134033203125,86,42,86,42,0.6953125,68,18,42,0.0021252250900360117,0.0039215686274509665,5.2936895085725706e-08,0.50396728515625,0.51190185546875,0.5,0.5,0.6328125,0.7578125
primary_step_5,free_a,hidden_armed,5,causal_fd_history_s5,observable_motion,True,405,0.9765625,0.9765625,0.99114990234375,125,125,3,3,0.9921875,127,1,0,0.4980454681872749,0.5077631052420968,7.581938562803754e-37,0.9775390625,0.99993896484375,0.95703125,0.9921875,0.9765625,1.0
primary_step_5,free_a,hidden_armed,5,model_x_v2_s5,proposed_model_input,True,303,0.5,0.5,0.506134033203125,86,42,86,42,0.6953125,68,18,42,0.0021252250900360117,0.0039215686274509665,5.2936895085725706e-08,0.503936767578125,0.51202392578125,0.5,0.5,0.6328125,0.7578125
primary_step_5,free_a,hidden_armed,5,privileged_model_x_v1_s5,privileged_velocity,False,447,0.86328125,0.86328125,0.93170166015625,111,110,18,17,0.9453125,121,7,0,0.4229854441776711,0.40328131252501,5.890695503260466e-28,0.89996337890625,0.9591064453125,0.8203125,0.90234375,0.90625,0.9765625
primary_step_5,free_a,hidden_armed,5,xy_history_s10,observable_motion,True,144,0.5,0.5,0.506134033203125,86,42,86,42,0.6953125,68,18,42,0.002125225090036014,0.0039215686274509665,5.2936895085725706e-08,0.50396728515625,0.511962890625,0.5,0.5,0.62890625,0.7578125
primary_step_5,free_a,hidden_armed,5,position_proprio_history_s10,observable_motion,True,261,0.5,0.5,0.506134033203125,86,42,86,42,0.6953125,68,18,42,0.0021252250900360117,0.0039215686274509665,5.2936895085725706e-08,0.50390625,0.511962890625,0.5,0.5,0.6328125,0.7578125
primary_step_5,free_a,hidden_armed,5,causal_fd_history_s10,observable_motion,True,405,0.9765625,0.9765625,0.99114990234375,125,125,3,3,0.9921875,127,1,0,0.4980454681872749,0.5077631052420968,7.581938562803754e-37,0.9769271850585938,0.99993896484375,0.95703125,0.9921875,0.9765625,1.0
primary_step_5,free_a,hidden_armed,5,model_x_v2_s10,proposed_model_input,True,303,0.5,0.5,0.506134033203125,86,42,86,42,0.6953125,68,18,42,0.0021252250900360117,0.0039215686274509665,5.2936895085725706e-08,0.503997802734375,0.511810302734375,0.5,0.5,0.6328125,0.7578125
primary_step_5,free_a,hidden_armed,5,privileged_model_x_v1_s10,privileged_velocity,False,447,0.86328125,0.86328125,0.93170166015625,111,110,18,17,0.9453125,121,7,0,0.4229854441776711,0.40328131252501,5.890695503260466e-28,0.90032958984375,0.9595962524414062,0.8203125,0.90234375,0.90625,0.984375
primary_step_5,free_a,hidden_armed,5,model_x_v2_s5_noise_00025m,noisy_visual_proxy,True,303,0.47265625,0.47265625,0.49365234375,59,62,66,69,0.5,64,64,0,-0.007130352140856341,8.003201280519512e-05,1.0,0.458740234375,0.5286270141601562,0.4296875,0.51171875,0.4140625,0.5859375
primary_step_5,free_a,hidden_armed,5,model_x_v2_s5_noise_0005m,noisy_visual_proxy,True,303,0.46484375,0.46484375,0.46392822265625,59,60,68,69,0.46875,60,68,0,-0.030579731892757103,-0.030692276910764316,0.536268714071106,0.4024017333984375,0.5266143798828125,0.41015625,0.51953125,0.3828125,0.5546875
primary_step_5,free_a,hidden_armed,5,model_x_v2_s5_noise_001m,noisy_visual_proxy,True,303,0.49609375,0.49609375,0.51666259765625,61,66,62,67,0.5234375,67,61,0,0.01665041016406562,0.018847539015606207,0.6587012845406399,0.44698944091796877,0.58551025390625,0.4375,0.55859375,0.4375,0.609375
primary_step_20,free_a,hidden_armed,20,xy_single,position,True,48,0.5078125,0.5078125,0.51507568359375,61,69,59,67,0.828125,106,22,0,0.013442877150860339,0.01992797118847535,2.206683011805914e-14,0.5126953125,0.5223388671875,0.4921875,0.5234375,0.7578125,0.890625
primary_step_20,free_a,hidden_armed,20,sim_velocity_only,privileged_velocity,False,48,0.80078125,0.80078125,0.893310546875,102,103,25,26,0.8515625,109,19,0,0.3858881052420969,0.46442577030812326,1.5558343153481325e-16,0.8509506225585938,0.9307861328125,0.75,0.8515625,0.7890625,0.9140625
primary_step_20,free_a,hidden_armed,20,xy_sim_velocity,privileged_velocity,False,96,0.80078125,0.80078125,0.890289306640625,102,103,25,26,0.84375,108,20,0,0.38348339335734294,0.46546618647458987,8.588622955874907e-16,0.8472862243652344,0.9282241821289062,0.75,0.8515625,0.78125,0.90625
primary_step_20,free_a,hidden_armed,20,robot_only,robot_proprio,True,39,0.5,0.5,0.5,128,0,128,0,0.5,0,0,128,0.0,0.0,1.0,0.5,0.5,0.5,0.5,0.5,0.5
primary_step_20,free_a,hidden_armed,20,position_proprio_single,position_proprio,True,87,0.5078125,0.5078125,0.5142822265625,63,67,61,65,0.8359375,107,21,0,0.01332282913165265,0.019927971188475335,4.4757250250012606e-15,0.5123588562011718,0.52130126953125,0.4921875,0.5234375,0.7734375,0.8984375
primary_step_20,free_a,hidden_armed,20,xy_history_s1,observable_motion,True,144,0.50390625,0.50390625,0.514892578125,64,65,63,64,0.828125,106,22,0,0.013417241896758702,0.019927971188475335,2.206683011805914e-14,0.5127861022949218,0.522216796875,0.5,0.51171875,0.7578125,0.890625
primary_step_20,free_a,hidden_armed,20,position_proprio_history_s1,observable_motion,True,261,0.5078125,0.5078125,0.516082763671875,65,65,63,63,0.8359375,107,21,0,0.01390743797519007,0.019927971188475363,4.4757250250012606e-15,0.51312255859375,0.52423095703125,0.5,0.51953125,0.7734375,0.8984375
primary_step_20,free_a,hidden_armed,20,causal_fd_history_s1,observable_motion,True,405,0.80859375,0.80859375,0.88946533203125,103,104,24,25,0.8359375,107,21,0,0.37436974789915967,0.433093237294918,4.4757250250012606e-15,0.8453353881835938,0.92816162109375,0.75390625,0.859375,0.765625,0.8984375
primary_step_20,free_a,hidden_armed,20,model_x_v2_s1,proposed_model_input,True,303,0.50390625,0.50390625,0.516998291015625,65,64,64,63,0.8359375,107,21,0,0.01353979091636654,0.019927971188475335,4.4757250250012606e-15,0.51422119140625,0.52520751953125,0.5,0.51171875,0.7732421875000002,0.8984375
primary_step_20,free_a,hidden_armed,20,privileged_model_x_v1_s1,privileged_velocity,False,447,0.81640625,0.81640625,0.889129638671875,103,106,22,25,0.8359375,107,21,0,0.3738182773109244,0.4348539415766307,4.4757250250012606e-15,0.844085693359375,0.9273681640625,0.76171875,0.8671875,0.765625,0.8984375
primary_step_20,free_a,hidden_armed,20,xy_history_s5,observable_motion,True,144,0.50390625,0.50390625,0.515899658203125,62,67,61,66,0.84375,108,20,0,0.013695478191276509,0.019927971188475335,8.588622955874907e-16,0.513519287109375,0.523529052734375,0.5,0.51171875,0.78125,0.90625
primary_step_20,free_a,hidden_armed,20,position_proprio_history_s5,observable_motion,True,261,0.5,0.5,0.514556884765625,61,67,61,67,0.84375,108,20,0,0.013695478191276506,0.019927971188475335,8.588622955874907e-16,0.51263427734375,0.52166748046875,0.5,0.5,0.78125,0.90625
primary_step_20,free_a,hidden_armed,20,causal_fd_history_s5,observable_motion,True,405,0.93359375,0.93359375,0.976806640625,120,119,9,8,0.9921875,127,1,0,0.47397333933573427,0.48643457382953187,7.581938562803754e-37,0.95831298828125,0.9908447265625,0.90234375,0.9609375,0.9765625,1.0
primary_step_20,free_a,hidden_armed,20,model_x_v2_s5,proposed_model_input,True,303,0.5,0.5,0.514556884765625,61,67,61,67,0.84375,108,20,0,0.013695478191276506,0.019927971188475335,8.588622955874907e-16,0.5126953125,0.52166748046875,0.5,0.5,0.78125,0.90625
primary_step_20,free_a,hidden_armed,20,privileged_model_x_v1_s5,privileged_velocity,False,447,0.8828125,0.8828125,0.928680419921875,114,112,16,14,0.9140625,117,11,0,0.4244185174069628,0.44369747899159656,1.5756792637503377e-23,0.8923301696777344,0.9603584289550782,0.8359375,0.92578125,0.8671875,0.9609375
primary_step_20,free_a,hidden_armed,20,xy_history_s10,observable_motion,True,144,0.50390625,0.50390625,0.515716552734375,63,66,62,65,0.84375,108,20,0,0.013695478191276509,0.019927971188475335,8.588622955874907e-16,0.5135498046875,0.5230712890625,0.5,0.51171875,0.78125,0.90625
primary_step_20,free_a,hidden_armed,20,position_proprio_history_s10,observable_motion,True,261,0.5078125,0.5078125,0.514862060546875,64,66,62,64,0.84375,108,20,0,0.013695478191276507,0.019927971188475335,8.588622955874907e-16,0.5128173828125,0.52215576171875,0.5,0.51953125,0.7734375,0.90625
primary_step_20,free_a,hidden_armed,20,causal_fd_history_s10,observable_motion,True,405,0.9765625,0.9765625,0.9931640625,125,125,3,3,1.0,128,0,0,0.49996373549419765,0.505922368947579,5.877471754111438e-39,0.98114013671875,1.0,0.95703125,0.9921875,1.0,1.0
primary_step_20,free_a,hidden_armed,20,model_x_v2_s10,proposed_model_input,True,303,0.5078125,0.5078125,0.514862060546875,64,66,62,64,0.84375,108,20,0,0.013695478191276507,0.019927971188475335,8.588622955874907e-16,0.5126953125,0.52215576171875,0.5,0.51953125,0.78125,0.90625
primary_step_20,free_a,hidden_armed,20,privileged_model_x_v1_s10,privileged_velocity,False,447,0.859375,0.859375,0.921356201171875,111,109,19,17,0.9375,120,8,0,0.4142669567827131,0.4403761504601841,8.99210650658525e-27,0.8861083984375,0.9533096313476562,0.81640625,0.90234375,0.890625,0.9765625
primary_step_20,free_a,hidden_armed,20,model_x_v2_s5_noise_00025m,noisy_visual_proxy,True,303,0.515625,0.515625,0.540252685546875,66,66,62,62,0.546875,70,58,0,0.03601565626250499,0.04477791116446572,0.33093582894221385,0.49029388427734377,0.59124755859375,0.46484375,0.56640625,0.4609375,0.6328125
primary_step_20,free_a,hidden_armed,20,model_x_v2_s5_noise_0005m,noisy_visual_proxy,True,303,0.5078125,0.5078125,0.55169677734375,69,61,67,59,0.5390625,69,59,0,0.05038390356142457,0.03725490196078429,0.4264394964440242,0.485595703125,0.61669921875,0.44921875,0.56640625,0.453125,0.625
primary_step_20,free_a,hidden_armed,20,model_x_v2_s5_noise_001m,noisy_visual_proxy,True,303,0.50390625,0.50390625,0.46923828125,66,63,65,62,0.453125,58,70,0,-0.029359243697478988,-0.03845538215286118,0.33093582894221385,0.39721527099609377,0.5435806274414062,0.44140625,0.56640625,0.3671875,0.5390625
control_free_replicate,free_a,free_b,20,xy_single,position,True,48,0.5,0.5,0.5,128,0,128,0,0.5,0,0,128,0.0,0.0,1.0,0.5,0.5,0.5,0.5,0.5,0.5
control_free_replicate,free_a,free_b,20,sim_velocity_only,privileged_velocity,False,48,0.5,0.5,0.5,128,0,128,0,0.5,0,0,128,0.0,0.0,1.0,0.5,0.5,0.5,0.5,0.5,0.5
control_free_replicate,free_a,free_b,20,xy_sim_velocity,privileged_velocity,False,96,0.5,0.5,0.5,128,0,128,0,0.5,0,0,128,0.0,0.0,1.0,0.5,0.5,0.5,0.5,0.5,0.5
control_free_replicate,free_a,free_b,20,robot_only,robot_proprio,True,39,0.5,0.5,0.5,128,0,128,0,0.5,0,0,128,0.0,0.0,1.0,0.5,0.5,0.5,0.5,0.5,0.5
control_free_replicate,free_a,free_b,20,position_proprio_single,position_proprio,True,87,0.5,0.5,0.5,128,0,128,0,0.5,0,0,128,0.0,0.0,1.0,0.5,0.5,0.5,0.5,0.5,0.5
control_free_replicate,free_a,free_b,20,xy_history_s1,observable_motion,True,144,0.5,0.5,0.5,128,0,128,0,0.5,0,0,128,0.0,0.0,1.0,0.5,0.5,0.5,0.5,0.5,0.5
control_free_replicate,free_a,free_b,20,position_proprio_history_s1,observable_motion,True,261,0.5,0.5,0.5,128,0,128,0,0.5,0,0,128,0.0,0.0,1.0,0.5,0.5,0.5,0.5,0.5,0.5
control_free_replicate,free_a,free_b,20,causal_fd_history_s1,observable_motion,True,405,0.5,0.5,0.5,128,0,128,0,0.5,0,0,128,0.0,0.0,1.0,0.5,0.5,0.5,0.5,0.5,0.5
control_free_replicate,free_a,free_b,20,model_x_v2_s1,proposed_model_input,True,303,0.5,0.5,0.5,128,0,128,0,0.5,0,0,128,0.0,0.0,1.0,0.5,0.5,0.5,0.5,0.5,0.5
control_free_replicate,free_a,free_b,20,privileged_model_x_v1_s1,privileged_velocity,False,447,0.5,0.5,0.5,128,0,128,0,0.5,0,0,128,0.0,0.0,1.0,0.5,0.5,0.5,0.5,0.5,0.5
control_free_replicate,free_a,free_b,20,xy_history_s5,observable_motion,True,144,0.5,0.5,0.5,128,0,128,0,0.5,0,0,128,0.0,0.0,1.0,0.5,0.5,0.5,0.5,0.5,0.5
control_free_replicate,free_a,free_b,20,position_proprio_history_s5,observable_motion,True,261,0.5,0.5,0.5,128,0,128,0,0.5,0,0,128,0.0,0.0,1.0,0.5,0.5,0.5,0.5,0.5,0.5
control_free_replicate,free_a,free_b,20,causal_fd_history_s5,observable_motion,True,405,0.5,0.5,0.5,128,0,128,0,0.5,0,0,128,0.0,0.0,1.0,0.5,0.5,0.5,0.5,0.5,0.5
control_free_replicate,free_a,free_b,20,model_x_v2_s5,proposed_model_input,True,303,0.5,0.5,0.5,128,0,128,0,0.5,0,0,128,0.0,0.0,1.0,0.5,0.5,0.5,0.5,0.5,0.5
control_free_replicate,free_a,free_b,20,privileged_model_x_v1_s5,privileged_velocity,False,447,0.5,0.5,0.5,128,0,128,0,0.5,0,0,128,0.0,0.0,1.0,0.5,0.5,0.5,0.5,0.5,0.5
control_free_replicate,free_a,free_b,20,xy_history_s10,observable_motion,True,144,0.5,0.5,0.5,128,0,128,0,0.5,0,0,128,0.0,0.0,1.0,0.5,0.5,0.5,0.5,0.5,0.5
control_free_replicate,free_a,free_b,20,position_proprio_history_s10,observable_motion,True,261,0.5,0.5,0.5,128,0,128,0,0.5,0,0,128,0.0,0.0,1.0,0.5,0.5,0.5,0.5,0.5,0.5
control_free_replicate,free_a,free_b,20,causal_fd_history_s10,observable_motion,True,405,0.5,0.5,0.5,128,0,128,0,0.5,0,0,128,0.0,0.0,1.0,0.5,0.5,0.5,0.5,0.5,0.5
control_free_replicate,free_a,free_b,20,model_x_v2_s10,proposed_model_input,True,303,0.5,0.5,0.5,128,0,128,0,0.5,0,0,128,0.0,0.0,1.0,0.5,0.5,0.5,0.5,0.5,0.5
control_free_replicate,free_a,free_b,20,privileged_model_x_v1_s10,privileged_velocity,False,447,0.5,0.5,0.5,128,0,128,0,0.5,0,0,128,0.0,0.0,1.0,0.5,0.5,0.5,0.5,0.5,0.5
control_free_replicate,free_a,free_b,20,model_x_v2_s5_noise_00025m,noisy_visual_proxy,True,303,0.49609375,0.49609375,0.465667724609375,61,66,62,67,0.4609375,59,69,0,-0.02523134253701481,-0.028331332533013176,0.4264394964440242,0.4073486328125,0.52447509765625,0.44140625,0.55078125,0.375,0.546875
control_free_replicate,free_a,free_b,20,model_x_v2_s5_noise_0005m,noisy_visual_proxy,True,303,0.515625,0.515625,0.534027099609375,67,65,63,61,0.578125,74,54,0,0.03347088835534213,0.05318127250900362,0.09269003089837793,0.4849853515625,0.58319091796875,0.46484375,0.56640625,0.4921875,0.6640625
control_free_replicate,free_a,free_b,20,model_x_v2_s5_noise_001m,noisy_visual_proxy,True,303,0.46875,0.46875,0.4786376953125,59,61,67,69,0.4296875,55,73,0,-0.015982643057222898,-0.033533413365346154,0.13262480132498225,0.4088737487792969,0.5477912902832032,0.41015625,0.53125,0.34375,0.515625
control_hidden_unarmed,free_a,hidden_unarmed,20,xy_single,position,True,48,0.5,0.5,0.5,128,0,128,0,0.5,0,0,128,0.0,0.0,1.0,0.5,0.5,0.5,0.5,0.5,0.5
control_hidden_unarmed,free_a,hidden_unarmed,20,sim_velocity_only,privileged_velocity,False,48,0.5,0.5,0.5,128,0,128,0,0.5,0,0,128,0.0,0.0,1.0,0.5,0.5,0.5,0.5,0.5,0.5
control_hidden_unarmed,free_a,hidden_unarmed,20,xy_sim_velocity,privileged_velocity,False,96,0.5,0.5,0.5,128,0,128,0,0.5,0,0,128,0.0,0.0,1.0,0.5,0.5,0.5,0.5,0.5,0.5
control_hidden_unarmed,free_a,hidden_unarmed,20,robot_only,robot_proprio,True,39,0.5,0.5,0.5,128,0,128,0,0.5,0,0,128,0.0,0.0,1.0,0.5,0.5,0.5,0.5,0.5,0.5
control_hidden_unarmed,free_a,hidden_unarmed,20,position_proprio_single,position_proprio,True,87,0.5,0.5,0.5,128,0,128,0,0.5,0,0,128,0.0,0.0,1.0,0.5,0.5,0.5,0.5,0.5,0.5
control_hidden_unarmed,free_a,hidden_unarmed,20,xy_history_s1,observable_motion,True,144,0.5,0.5,0.5,128,0,128,0,0.5,0,0,128,0.0,0.0,1.0,0.5,0.5,0.5,0.5,0.5,0.5
control_hidden_unarmed,free_a,hidden_unarmed,20,position_proprio_history_s1,observable_motion,True,261,0.5,0.5,0.5,128,0,128,0,0.5,0,0,128,0.0,0.0,1.0,0.5,0.5,0.5,0.5,0.5,0.5
control_hidden_unarmed,free_a,hidden_unarmed,20,causal_fd_history_s1,observable_motion,True,405,0.5,0.5,0.5,128,0,128,0,0.5,0,0,128,0.0,0.0,1.0,0.5,0.5,0.5,0.5,0.5,0.5
control_hidden_unarmed,free_a,hidden_unarmed,20,model_x_v2_s1,proposed_model_input,True,303,0.5,0.5,0.5,128,0,128,0,0.5,0,0,128,0.0,0.0,1.0,0.5,0.5,0.5,0.5,0.5,0.5
control_hidden_unarmed,free_a,hidden_unarmed,20,privileged_model_x_v1_s1,privileged_velocity,False,447,0.5,0.5,0.5,128,0,128,0,0.5,0,0,128,0.0,0.0,1.0,0.5,0.5,0.5,0.5,0.5,0.5
control_hidden_unarmed,free_a,hidden_unarmed,20,xy_history_s5,observable_motion,True,144,0.5,0.5,0.5,128,0,128,0,0.5,0,0,128,0.0,0.0,1.0,0.5,0.5,0.5,0.5,0.5,0.5
control_hidden_unarmed,free_a,hidden_unarmed,20,position_proprio_history_s5,observable_motion,True,261,0.5,0.5,0.5,128,0,128,0,0.5,0,0,128,0.0,0.0,1.0,0.5,0.5,0.5,0.5,0.5,0.5
control_hidden_unarmed,free_a,hidden_unarmed,20,causal_fd_history_s5,observable_motion,True,405,0.5,0.5,0.5,128,0,128,0,0.5,0,0,128,0.0,0.0,1.0,0.5,0.5,0.5,0.5,0.5,0.5
control_hidden_unarmed,free_a,hidden_unarmed,20,model_x_v2_s5,proposed_model_input,True,303,0.5,0.5,0.5,128,0,128,0,0.5,0,0,128,0.0,0.0,1.0,0.5,0.5,0.5,0.5,0.5,0.5
control_hidden_unarmed,free_a,hidden_unarmed,20,privileged_model_x_v1_s5,privileged_velocity,False,447,0.5,0.5,0.5,128,0,128,0,0.5,0,0,128,0.0,0.0,1.0,0.5,0.5,0.5,0.5,0.5,0.5
control_hidden_unarmed,free_a,hidden_unarmed,20,xy_history_s10,observable_motion,True,144,0.5,0.5,0.5,128,0,128,0,0.5,0,0,128,0.0,0.0,1.0,0.5,0.5,0.5,0.5,0.5,0.5
control_hidden_unarmed,free_a,hidden_unarmed,20,position_proprio_history_s10,observable_motion,True,261,0.5,0.5,0.5,128,0,128,0,0.5,0,0,128,0.0,0.0,1.0,0.5,0.5,0.5,0.5,0.5,0.5
control_hidden_unarmed,free_a,hidden_unarmed,20,causal_fd_history_s10,observable_motion,True,405,0.5,0.5,0.5,128,0,128,0,0.5,0,0,128,0.0,0.0,1.0,0.5,0.5,0.5,0.5,0.5,0.5
control_hidden_unarmed,free_a,hidden_unarmed,20,model_x_v2_s10,proposed_model_input,True,303,0.5,0.5,0.5,128,0,128,0,0.5,0,0,128,0.0,0.0,1.0,0.5,0.5,0.5,0.5,0.5,0.5
control_hidden_unarmed,free_a,hidden_unarmed,20,privileged_model_x_v1_s10,privileged_velocity,False,447,0.5,0.5,0.5,128,0,128,0,0.5,0,0,128,0.0,0.0,1.0,0.5,0.5,0.5,0.5,0.5,0.5
control_hidden_unarmed,free_a,hidden_unarmed,20,model_x_v2_s5_noise_00025m,noisy_visual_proxy,True,303,0.4609375,0.4609375,0.456146240234375,55,63,65,73,0.40234375,51,76,1,-0.03813712985194078,-0.049339735894357674,0.03278956169303341,0.4122314453125,0.499237060546875,0.4140625,0.5078125,0.31640625,0.4921875
control_hidden_unarmed,free_a,hidden_unarmed,20,model_x_v2_s5_noise_0005m,noisy_visual_proxy,True,303,0.5234375,0.5234375,0.5169677734375,68,66,62,60,0.53515625,68,59,1,0.014945978391356548,0.02408963585434168,0.4779219422067188,0.457733154296875,0.578216552734375,0.46875,0.58203125,0.453125,0.62109375
control_hidden_unarmed,free_a,hidden_unarmed,20,model_x_v2_s5_noise_001m,noisy_visual_proxy,True,303,0.49609375,0.49609375,0.509857177734375,64,63,65,64,0.5078125,65,63,0,0.010520458183273318,0.00720288115246101,0.9296139078299849,0.43593292236328124,0.5820953369140625,0.4296875,0.5625,0.421875,0.59375
control_horizon0,free_a,hidden_armed,0,xy_single,position,True,48,0.5,0.5,0.5,128,0,128,0,0.5,0,0,128,0.0,0.0,1.0,0.5,0.5,0.5,0.5,0.5,0.5
control_horizon0,free_a,hidden_armed,0,sim_velocity_only,privileged_velocity,False,48,0.5,0.5,0.5,128,0,128,0,0.5,0,0,128,0.0,0.0,1.0,0.5,0.5,0.5,0.5,0.5,0.5
control_horizon0,free_a,hidden_armed,0,xy_sim_velocity,privileged_velocity,False,96,0.5,0.5,0.5,128,0,128,0,0.5,0,0,128,0.0,0.0,1.0,0.5,0.5,0.5,0.5,0.5,0.5
control_horizon0,free_a,hidden_armed,0,robot_only,robot_proprio,True,39,0.5,0.5,0.5,128,0,128,0,0.5,0,0,128,0.0,0.0,1.0,0.5,0.5,0.5,0.5,0.5,0.5
control_horizon0,free_a,hidden_armed,0,position_proprio_single,position_proprio,True,87,0.5,0.5,0.5,128,0,128,0,0.5,0,0,128,0.0,0.0,1.0,0.5,0.5,0.5,0.5,0.5,0.5
control_horizon0,free_a,hidden_armed,0,xy_history_s1,observable_motion,True,144,0.5,0.5,0.5,128,0,128,0,0.5,0,0,128,0.0,0.0,1.0,0.5,0.5,0.5,0.5,0.5,0.5
control_horizon0,free_a,hidden_armed,0,position_proprio_history_s1,observable_motion,True,261,0.5,0.5,0.5,128,0,128,0,0.5,0,0,128,0.0,0.0,1.0,0.5,0.5,0.5,0.5,0.5,0.5
control_horizon0,free_a,hidden_armed,0,causal_fd_history_s1,observable_motion,True,405,0.5,0.5,0.5,128,0,128,0,0.5,0,0,128,0.0,0.0,1.0,0.5,0.5,0.5,0.5,0.5,0.5
control_horizon0,free_a,hidden_armed,0,model_x_v2_s1,proposed_model_input,True,303,0.5,0.5,0.5,128,0,128,0,0.5,0,0,128,0.0,0.0,1.0,0.5,0.5,0.5,0.5,0.5,0.5
control_horizon0,free_a,hidden_armed,0,privileged_model_x_v1_s1,privileged_velocity,False,447,0.5,0.5,0.5,128,0,128,0,0.5,0,0,128,0.0,0.0,1.0,0.5,0.5,0.5,0.5,0.5,0.5
control_horizon0,free_a,hidden_armed,0,xy_history_s5,observable_motion,True,144,0.5,0.5,0.5,128,0,128,0,0.5,0,0,128,0.0,0.0,1.0,0.5,0.5,0.5,0.5,0.5,0.5
control_horizon0,free_a,hidden_armed,0,position_proprio_history_s5,observable_motion,True,261,0.5,0.5,0.5,128,0,128,0,0.5,0,0,128,0.0,0.0,1.0,0.5,0.5,0.5,0.5,0.5,0.5
control_horizon0,free_a,hidden_armed,0,causal_fd_history_s5,observable_motion,True,405,0.5,0.5,0.5,128,0,128,0,0.5,0,0,128,0.0,0.0,1.0,0.5,0.5,0.5,0.5,0.5,0.5
control_horizon0,free_a,hidden_armed,0,model_x_v2_s5,proposed_model_input,True,303,0.5,0.5,0.5,128,0,128,0,0.5,0,0,128,0.0,0.0,1.0,0.5,0.5,0.5,0.5,0.5,0.5
control_horizon0,free_a,hidden_armed,0,privileged_model_x_v1_s5,privileged_velocity,False,447,0.5,0.5,0.5,128,0,128,0,0.5,0,0,128,0.0,0.0,1.0,0.5,0.5,0.5,0.5,0.5,0.5
control_horizon0,free_a,hidden_armed,0,xy_history_s10,observable_motion,True,144,0.5,0.5,0.5,128,0,128,0,0.5,0,0,128,0.0,0.0,1.0,0.5,0.5,0.5,0.5,0.5,0.5
control_horizon0,free_a,hidden_armed,0,position_proprio_history_s10,observable_motion,True,261,0.5,0.5,0.5,128,0,128,0,0.5,0,0,128,0.0,0.0,1.0,0.5,0.5,0.5,0.5,0.5,0.5
control_horizon0,free_a,hidden_armed,0,causal_fd_history_s10,observable_motion,True,405,0.5,0.5,0.5,128,0,128,0,0.5,0,0,128,0.0,0.0,1.0,0.5,0.5,0.5,0.5,0.5,0.5
control_horizon0,free_a,hidden_armed,0,model_x_v2_s10,proposed_model_input,True,303,0.5,0.5,0.5,128,0,128,0,0.5,0,0,128,0.0,0.0,1.0,0.5,0.5,0.5,0.5,0.5,0.5
control_horizon0,free_a,hidden_armed,0,privileged_model_x_v1_s10,privileged_velocity,False,447,0.5,0.5,0.5,128,0,128,0,0.5,0,0,128,0.0,0.0,1.0,0.5,0.5,0.5,0.5,0.5,0.5
control_horizon0,free_a,hidden_armed,0,model_x_v2_s5_noise_00025m,noisy_visual_proxy,True,303,0.46875,0.46875,0.458404541015625,58,62,66,70,0.4609375,59,69,0,-0.03584558823529411,-0.008723489395758233,0.4264394964440242,0.41277923583984377,0.5036323547363282,0.421875,0.515625,0.375,0.546875
control_horizon0,free_a,hidden_armed,0,model_x_v2_s5_noise_0005m,noisy_visual_proxy,True,303,0.4453125,0.4453125,0.448211669921875,56,58,70,72,0.4453125,57,71,0,-0.04467286914765906,-0.07651060424169676,0.2504398806192594,0.384674072265625,0.51422119140625,0.38671875,0.5078125,0.359375,0.53125
control_horizon0,free_a,hidden_armed,0,model_x_v2_s5_noise_001m,noisy_visual_proxy,True,303,0.48046875,0.48046875,0.522430419921875,57,66,62,71,0.5390625,69,59,0,0.022739095638255307,0.06314525810324119,0.4264394964440242,0.45519866943359377,0.5893577575683593,0.421875,0.5390625,0.453125,0.625
