edge_index,horizon,label,over_rate,repair_config,training_seed,under_rate,violation_rate
0,0,candidate,0.9975490196078431,epsilon_cosine_cap_0p5,31431,0.0,0.9975490196078431
1,0,candidate,0.9963235294117647,epsilon_cosine_cap_0p5,31431,0.0,0.9963235294117647
2,0,candidate,0.9950980392156863,epsilon_cosine_cap_0p5,31431,0.0,0.9950980392156863
3,0,candidate,0.9926470588235294,epsilon_cosine_cap_0p5,31431,0.0,0.9926470588235294
4,0,candidate,0.9950980392156863,epsilon_cosine_cap_0p5,31431,0.0,0.9950980392156863
5,0,candidate,0.9950980392156863,epsilon_cosine_cap_0p5,31431,0.0024509803921568627,0.9975490196078431
6,0,candidate,0.9963235294117647,epsilon_cosine_cap_0p5,31431,0.0012254901960784314,0.9975490196078431
7,0,candidate,0.9938725490196079,epsilon_cosine_cap_0p5,31431,0.0024509803921568627,0.9963235294117647
8,0,candidate,0.9950980392156863,epsilon_cosine_cap_0p5,31431,0.0,0.9950980392156863
9,0,candidate,0.9950980392156863,epsilon_cosine_cap_0p5,31431,0.0024509803921568627,0.9975490196078431
10,0,candidate,0.9950980392156863,epsilon_cosine_cap_0p5,31431,0.0,0.9950980392156863
11,0,candidate,0.9950980392156863,epsilon_cosine_cap_0p5,31431,0.0012254901960784314,0.9963235294117647
12,0,candidate,0.991421568627451,epsilon_cosine_cap_0p5,31431,0.006127450980392157,0.9975490196078431
13,0,candidate,0.9901960784313726,epsilon_cosine_cap_0p5,31431,0.006127450980392157,0.9963235294117647
14,0,candidate,0.9963235294117647,epsilon_cosine_cap_0p5,31431,0.0024509803921568627,0.9987745098039216
15,0,candidate,0.9975490196078431,epsilon_cosine_cap_0p5,31431,0.0012254901960784314,0.9987745098039216
16,0,candidate,0.9963235294117647,epsilon_cosine_cap_0p5,31431,0.0012254901960784314,0.9975490196078431
17,0,candidate,0.9926470588235294,epsilon_cosine_cap_0p5,31431,0.0012254901960784314,0.9938725490196079
18,0,candidate,0.9938725490196079,epsilon_cosine_cap_0p5,31431,0.0,0.9938725490196079
19,0,candidate,0.9926470588235294,epsilon_cosine_cap_0p5,31431,0.0024509803921568627,0.9950980392156863
20,0,candidate,0.9938725490196079,epsilon_cosine_cap_0p5,31431,0.0,0.9938725490196079
21,0,candidate,0.9975490196078431,epsilon_cosine_cap_0p5,31431,0.0012254901960784314,0.9987745098039216
22,0,candidate,0.9938725490196079,epsilon_cosine_cap_0p5,31431,0.0012254901960784314,0.9950980392156863
0,1,candidate,0.9987745098039216,epsilon_cosine_cap_0p5,31431,0.0012254901960784314,1.0
1,1,candidate,0.9938725490196079,epsilon_cosine_cap_0p5,31431,0.0012254901960784314,0.9950980392156863
2,1,candidate,0.9987745098039216,epsilon_cosine_cap_0p5,31431,0.0,0.9987745098039216
3,1,candidate,0.9950980392156863,epsilon_cosine_cap_0p5,31431,0.0,0.9950980392156863
4,1,candidate,0.9950980392156863,epsilon_cosine_cap_0p5,31431,0.0,0.9950980392156863
5,1,candidate,0.9950980392156863,epsilon_cosine_cap_0p5,31431,0.0024509803921568627,0.9975490196078431
6,1,candidate,0.9938725490196079,epsilon_cosine_cap_0p5,31431,0.0,0.9938725490196079
7,1,candidate,0.9938725490196079,epsilon_cosine_cap_0p5,31431,0.0024509803921568627,0.9963235294117647
8,1,candidate,0.9950980392156863,epsilon_cosine_cap_0p5,31431,0.0012254901960784314,0.9963235294117647
9,1,candidate,0.9926470588235294,epsilon_cosine_cap_0p5,31431,0.0024509803921568627,0.9950980392156863
10,1,candidate,0.9950980392156863,epsilon_cosine_cap_0p5,31431,0.003676470588235294,0.9987745098039216
11,1,candidate,0.9963235294117647,epsilon_cosine_cap_0p5,31431,0.0012254901960784314,0.9975490196078431
12,1,candidate,0.9963235294117647,epsilon_cosine_cap_0p5,31431,0.0024509803921568627,0.9987745098039216
13,1,candidate,0.9963235294117647,epsilon_cosine_cap_0p5,31431,0.003676470588235294,1.0
14,1,candidate,0.9950980392156863,epsilon_cosine_cap_0p5,31431,0.0012254901960784314,0.9963235294117647
15,1,candidate,0.9963235294117647,epsilon_cosine_cap_0p5,31431,0.0,0.9963235294117647
16,1,candidate,0.9975490196078431,epsilon_cosine_cap_0p5,31431,0.0,0.9975490196078431
17,1,candidate,0.9950980392156863,epsilon_cosine_cap_0p5,31431,0.0012254901960784314,0.9963235294117647
18,1,candidate,0.9975490196078431,epsilon_cosine_cap_0p5,31431,0.0,0.9975490196078431
19,1,candidate,0.9987745098039216,epsilon_cosine_cap_0p5,31431,0.0,0.9987745098039216
20,1,candidate,0.9926470588235294,epsilon_cosine_cap_0p5,31431,0.0012254901960784314,0.9938725490196079
21,1,candidate,0.9987745098039216,epsilon_cosine_cap_0p5,31431,0.0,0.9987745098039216
22,1,candidate,0.9975490196078431,epsilon_cosine_cap_0p5,31431,0.0,0.9975490196078431
0,2,candidate,0.9950980392156863,epsilon_cosine_cap_0p5,31431,0.0012254901960784314,0.9963235294117647
1,2,candidate,1.0,epsilon_cosine_cap_0p5,31431,0.0,1.0
2,2,candidate,0.9987745098039216,epsilon_cosine_cap_0p5,31431,0.0,0.9987745098039216
3,2,candidate,0.9950980392156863,epsilon_cosine_cap_0p5,31431,0.0012254901960784314,0.9963235294117647
4,2,candidate,0.9963235294117647,epsilon_cosine_cap_0p5,31431,0.0,0.9963235294117647
5,2,candidate,0.9987745098039216,epsilon_cosine_cap_0p5,31431,0.0012254901960784314,1.0
6,2,candidate,0.9926470588235294,epsilon_cosine_cap_0p5,31431,0.003676470588235294,0.9963235294117647
7,2,candidate,0.9975490196078431,epsilon_cosine_cap_0p5,31431,0.0,0.9975490196078431
8,2,candidate,0.9963235294117647,epsilon_cosine_cap_0p5,31431,0.0012254901960784314,0.9975490196078431
9,2,candidate,0.9938725490196079,epsilon_cosine_cap_0p5,31431,0.0024509803921568627,0.9963235294117647
10,2,candidate,0.9963235294117647,epsilon_cosine_cap_0p5,31431,0.003676470588235294,1.0
11,2,candidate,0.9926470588235294,epsilon_cosine_cap_0p5,31431,0.0012254901960784314,0.9938725490196079
12,2,candidate,0.9901960784313726,epsilon_cosine_cap_0p5,31431,0.004901960784313725,0.9950980392156863
13,2,candidate,0.9963235294117647,epsilon_cosine_cap_0p5,31431,0.0,0.9963235294117647
14,2,candidate,0.9987745098039216,epsilon_cosine_cap_0p5,31431,0.0012254901960784314,1.0
15,2,candidate,0.9950980392156863,epsilon_cosine_cap_0p5,31431,0.0012254901960784314,0.9963235294117647
16,2,candidate,0.9938725490196079,epsilon_cosine_cap_0p5,31431,0.0012254901960784314,0.9950980392156863
17,2,candidate,0.9963235294117647,epsilon_cosine_cap_0p5,31431,0.0,0.9963235294117647
18,2,candidate,0.9901960784313726,epsilon_cosine_cap_0p5,31431,0.0,0.9901960784313726
19,2,candidate,0.9963235294117647,epsilon_cosine_cap_0p5,31431,0.0024509803921568627,0.9987745098039216
20,2,candidate,0.9987745098039216,epsilon_cosine_cap_0p5,31431,0.0,0.9987745098039216
21,2,candidate,0.9926470588235294,epsilon_cosine_cap_0p5,31431,0.0024509803921568627,0.9950980392156863
22,2,candidate,0.9987745098039216,epsilon_cosine_cap_0p5,31431,0.0012254901960784314,1.0
0,3,candidate,0.9975490196078431,epsilon_cosine_cap_0p5,31431,0.0,0.9975490196078431
1,3,candidate,0.9950980392156863,epsilon_cosine_cap_0p5,31431,0.0,0.9950980392156863
2,3,candidate,0.9950980392156863,epsilon_cosine_cap_0p5,31431,0.0,0.9950980392156863
3,3,candidate,0.991421568627451,epsilon_cosine_cap_0p5,31431,0.0,0.991421568627451
4,3,candidate,0.9963235294117647,epsilon_cosine_cap_0p5,31431,0.0,0.9963235294117647
5,3,candidate,0.9987745098039216,epsilon_cosine_cap_0p5,31431,0.0,0.9987745098039216
6,3,candidate,0.9926470588235294,epsilon_cosine_cap_0p5,31431,0.0024509803921568627,0.9950980392156863
7,3,candidate,0.9987745098039216,epsilon_cosine_cap_0p5,31431,0.0012254901960784314,1.0
8,3,candidate,0.9938725490196079,epsilon_cosine_cap_0p5,31431,0.0012254901960784314,0.9950980392156863
9,3,candidate,0.9950980392156863,epsilon_cosine_cap_0p5,31431,0.004901960784313725,1.0
10,3,candidate,0.9950980392156863,epsilon_cosine_cap_0p5,31431,0.0024509803921568627,0.9975490196078431
11,3,candidate,0.9926470588235294,epsilon_cosine_cap_0p5,31431,0.003676470588235294,0.9963235294117647
12,3,candidate,0.9987745098039216,epsilon_cosine_cap_0p5,31431,0.0,0.9987745098039216
13,3,candidate,0.9938725490196079,epsilon_cosine_cap_0p5,31431,0.0024509803921568627,0.9963235294117647
14,3,candidate,0.9963235294117647,epsilon_cosine_cap_0p5,31431,0.0012254901960784314,0.9975490196078431
15,3,candidate,0.9938725490196079,epsilon_cosine_cap_0p5,31431,0.0024509803921568627,0.9963235294117647
16,3,candidate,0.9987745098039216,epsilon_cosine_cap_0p5,31431,0.0,0.9987745098039216
17,3,candidate,0.9950980392156863,epsilon_cosine_cap_0p5,31431,0.0,0.9950980392156863
18,3,candidate,0.9963235294117647,epsilon_cosine_cap_0p5,31431,0.0,0.9963235294117647
19,3,candidate,0.9926470588235294,epsilon_cosine_cap_0p5,31431,0.0,0.9926470588235294
20,3,candidate,0.9987745098039216,epsilon_cosine_cap_0p5,31431,0.0012254901960784314,1.0
21,3,candidate,0.9975490196078431,epsilon_cosine_cap_0p5,31431,0.0,0.9975490196078431
22,3,candidate,0.9987745098039216,epsilon_cosine_cap_0p5,31431,0.0012254901960784314,1.0
0,0,candidate,0.9987745098039216,epsilon_cosine_cap_0p5,31432,0.0012254901960784314,1.0
1,0,candidate,0.9901960784313726,epsilon_cosine_cap_0p5,31432,0.0012254901960784314,0.991421568627451
2,0,candidate,0.9975490196078431,epsilon_cosine_cap_0p5,31432,0.0,0.9975490196078431
3,0,candidate,0.9975490196078431,epsilon_cosine_cap_0p5,31432,0.0,0.9975490196078431
4,0,candidate,1.0,epsilon_cosine_cap_0p5,31432,0.0,1.0
5,0,candidate,0.9963235294117647,epsilon_cosine_cap_0p5,31432,0.0012254901960784314,0.9975490196078431
6,0,candidate,0.9963235294117647,epsilon_cosine_cap_0p5,31432,0.003676470588235294,1.0
7,0,candidate,0.9987745098039216,epsilon_cosine_cap_0p5,31432,0.0,0.9987745098039216
8,0,candidate,1.0,epsilon_cosine_cap_0p5,31432,0.0,1.0
9,0,candidate,0.9926470588235294,epsilon_cosine_cap_0p5,31432,0.004901960784313725,0.9975490196078431
10,0,candidate,0.9975490196078431,epsilon_cosine_cap_0p5,31432,0.0012254901960784314,0.9987745098039216
11,0,candidate,0.9950980392156863,epsilon_cosine_cap_0p5,31432,0.0,0.9950980392156863
12,0,candidate,0.9987745098039216,epsilon_cosine_cap_0p5,31432,0.0012254901960784314,1.0
13,0,candidate,0.9975490196078431,epsilon_cosine_cap_0p5,31432,0.0024509803921568627,1.0
14,0,candidate,0.9963235294117647,epsilon_cosine_cap_0p5,31432,0.0024509803921568627,0.9987745098039216
15,0,candidate,0.9975490196078431,epsilon_cosine_cap_0p5,31432,0.0,0.9975490196078431
16,0,candidate,0.9987745098039216,epsilon_cosine_cap_0p5,31432,0.0,0.9987745098039216
17,0,candidate,0.9963235294117647,epsilon_cosine_cap_0p5,31432,0.0024509803921568627,0.9987745098039216
18,0,candidate,0.9975490196078431,epsilon_cosine_cap_0p5,31432,0.0,0.9975490196078431
19,0,candidate,0.9963235294117647,epsilon_cosine_cap_0p5,31432,0.0,0.9963235294117647
20,0,candidate,0.9950980392156863,epsilon_cosine_cap_0p5,31432,0.0,0.9950980392156863
21,0,candidate,0.9987745098039216,epsilon_cosine_cap_0p5,31432,0.0012254901960784314,1.0
22,0,candidate,0.9975490196078431,epsilon_cosine_cap_0p5,31432,0.0012254901960784314,0.9987745098039216
0,1,candidate,0.9963235294117647,epsilon_cosine_cap_0p5,31432,0.0012254901960784314,0.9975490196078431
1,1,candidate,0.9963235294117647,epsilon_cosine_cap_0p5,31432,0.0012254901960784314,0.9975490196078431
2,1,candidate,0.9950980392156863,epsilon_cosine_cap_0p5,31432,0.0,0.9950980392156863
3,1,candidate,0.9963235294117647,epsilon_cosine_cap_0p5,31432,0.0012254901960784314,0.9975490196078431
4,1,candidate,0.9950980392156863,epsilon_cosine_cap_0p5,31432,0.0012254901960784314,0.9963235294117647
5,1,candidate,0.991421568627451,epsilon_cosine_cap_0p5,31432,0.0024509803921568627,0.9938725490196079
6,1,candidate,0.9963235294117647,epsilon_cosine_cap_0p5,31432,0.0,0.9963235294117647
7,1,candidate,0.9975490196078431,epsilon_cosine_cap_0p5,31432,0.0012254901960784314,0.9987745098039216
8,1,candidate,0.9987745098039216,epsilon_cosine_cap_0p5,31432,0.0,0.9987745098039216
9,1,candidate,0.9938725490196079,epsilon_cosine_cap_0p5,31432,0.006127450980392157,1.0
10,1,candidate,0.9938725490196079,epsilon_cosine_cap_0p5,31432,0.0024509803921568627,0.9963235294117647
11,1,candidate,0.9963235294117647,epsilon_cosine_cap_0p5,31432,0.0024509803921568627,0.9987745098039216
12,1,candidate,0.9926470588235294,epsilon_cosine_cap_0p5,31432,0.0024509803921568627,0.9950980392156863
13,1,candidate,0.9950980392156863,epsilon_cosine_cap_0p5,31432,0.004901960784313725,1.0
14,1,candidate,0.9938725490196079,epsilon_cosine_cap_0p5,31432,0.003676470588235294,0.9975490196078431
15,1,candidate,0.9975490196078431,epsilon_cosine_cap_0p5,31432,0.0,0.9975490196078431
16,1,candidate,0.9963235294117647,epsilon_cosine_cap_0p5,31432,0.0012254901960784314,0.9975490196078431
17,1,candidate,0.9975490196078431,epsilon_cosine_cap_0p5,31432,0.0,0.9975490196078431
18,1,candidate,0.9987745098039216,epsilon_cosine_cap_0p5,31432,0.0,0.9987745098039216
19,1,candidate,0.9901960784313726,epsilon_cosine_cap_0p5,31432,0.0012254901960784314,0.991421568627451
20,1,candidate,0.9987745098039216,epsilon_cosine_cap_0p5,31432,0.0,0.9987745098039216
21,1,candidate,0.9963235294117647,epsilon_cosine_cap_0p5,31432,0.0012254901960784314,0.9975490196078431
22,1,candidate,0.9987745098039216,epsilon_cosine_cap_0p5,31432,0.0012254901960784314,1.0
0,2,candidate,1.0,epsilon_cosine_cap_0p5,31432,0.0,1.0
1,2,candidate,0.9987745098039216,epsilon_cosine_cap_0p5,31432,0.0,0.9987745098039216
2,2,candidate,0.9975490196078431,epsilon_cosine_cap_0p5,31432,0.0,0.9975490196078431
3,2,candidate,0.9963235294117647,epsilon_cosine_cap_0p5,31432,0.0,0.9963235294117647
4,2,candidate,0.9950980392156863,epsilon_cosine_cap_0p5,31432,0.0012254901960784314,0.9963235294117647
5,2,candidate,0.9950980392156863,epsilon_cosine_cap_0p5,31432,0.0012254901960784314,0.9963235294117647
6,2,candidate,0.9975490196078431,epsilon_cosine_cap_0p5,31432,0.0,0.9975490196078431
7,2,candidate,1.0,epsilon_cosine_cap_0p5,31432,0.0,1.0
8,2,candidate,0.9938725490196079,epsilon_cosine_cap_0p5,31432,0.0,0.9938725490196079
9,2,candidate,0.9963235294117647,epsilon_cosine_cap_0p5,31432,0.0024509803921568627,0.9987745098039216
10,2,candidate,0.9926470588235294,epsilon_cosine_cap_0p5,31432,0.0024509803921568627,0.9950980392156863
11,2,candidate,0.9926470588235294,epsilon_cosine_cap_0p5,31432,0.0012254901960784314,0.9938725490196079
12,2,candidate,0.9963235294117647,epsilon_cosine_cap_0p5,31432,0.0024509803921568627,0.9987745098039216
13,2,candidate,0.9938725490196079,epsilon_cosine_cap_0p5,31432,0.003676470588235294,0.9975490196078431
14,2,candidate,0.9987745098039216,epsilon_cosine_cap_0p5,31432,0.0,0.9987745098039216
15,2,candidate,0.9889705882352942,epsilon_cosine_cap_0p5,31432,0.003676470588235294,0.9926470588235294
16,2,candidate,0.9963235294117647,epsilon_cosine_cap_0p5,31432,0.0012254901960784314,0.9975490196078431
17,2,candidate,0.9975490196078431,epsilon_cosine_cap_0p5,31432,0.0012254901960784314,0.9987745098039216
18,2,candidate,0.9938725490196079,epsilon_cosine_cap_0p5,31432,0.0,0.9938725490196079
19,2,candidate,0.9950980392156863,epsilon_cosine_cap_0p5,31432,0.0,0.9950980392156863
20,2,candidate,0.9950980392156863,epsilon_cosine_cap_0p5,31432,0.0024509803921568627,0.9975490196078431
21,2,candidate,0.9950980392156863,epsilon_cosine_cap_0p5,31432,0.0012254901960784314,0.9963235294117647
22,2,candidate,0.9987745098039216,epsilon_cosine_cap_0p5,31432,0.0,0.9987745098039216
0,3,candidate,0.9987745098039216,epsilon_cosine_cap_0p5,31432,0.0,0.9987745098039216
1,3,candidate,0.9987745098039216,epsilon_cosine_cap_0p5,31432,0.0,0.9987745098039216
2,3,candidate,0.9926470588235294,epsilon_cosine_cap_0p5,31432,0.0,0.9926470588235294
3,3,candidate,0.9987745098039216,epsilon_cosine_cap_0p5,31432,0.0,0.9987745098039216
4,3,candidate,0.9963235294117647,epsilon_cosine_cap_0p5,31432,0.0,0.9963235294117647
5,3,candidate,1.0,epsilon_cosine_cap_0p5,31432,0.0,1.0
6,3,candidate,0.9926470588235294,epsilon_cosine_cap_0p5,31432,0.0012254901960784314,0.9938725490196079
7,3,candidate,0.9877450980392157,epsilon_cosine_cap_0p5,31432,0.003676470588235294,0.991421568627451
8,3,candidate,0.9950980392156863,epsilon_cosine_cap_0p5,31432,0.0012254901960784314,0.9963235294117647
9,3,candidate,0.9950980392156863,epsilon_cosine_cap_0p5,31432,0.003676470588235294,0.9987745098039216
10,3,candidate,0.9950980392156863,epsilon_cosine_cap_0p5,31432,0.0024509803921568627,0.9975490196078431
11,3,candidate,0.9938725490196079,epsilon_cosine_cap_0p5,31432,0.003676470588235294,0.9975490196078431
12,3,candidate,0.9938725490196079,epsilon_cosine_cap_0p5,31432,0.003676470588235294,0.9975490196078431
13,3,candidate,0.9975490196078431,epsilon_cosine_cap_0p5,31432,0.0,0.9975490196078431
14,3,candidate,0.9901960784313726,epsilon_cosine_cap_0p5,31432,0.006127450980392157,0.9963235294117647
15,3,candidate,0.9963235294117647,epsilon_cosine_cap_0p5,31432,0.0,0.9963235294117647
16,3,candidate,0.9975490196078431,epsilon_cosine_cap_0p5,31432,0.0,0.9975490196078431
17,3,candidate,0.9963235294117647,epsilon_cosine_cap_0p5,31432,0.0012254901960784314,0.9975490196078431
18,3,candidate,0.9963235294117647,epsilon_cosine_cap_0p5,31432,0.0,0.9963235294117647
19,3,candidate,0.9938725490196079,epsilon_cosine_cap_0p5,31432,0.0,0.9938725490196079
20,3,candidate,0.9975490196078431,epsilon_cosine_cap_0p5,31432,0.0,0.9975490196078431
21,3,candidate,0.9987745098039216,epsilon_cosine_cap_0p5,31432,0.0,0.9987745098039216
22,3,candidate,0.9938725490196079,epsilon_cosine_cap_0p5,31432,0.0012254901960784314,0.9950980392156863
0,0,candidate,0.9950980392156863,epsilon_cosine_cap_0p5,31433,0.0,0.9950980392156863
1,0,candidate,0.9975490196078431,epsilon_cosine_cap_0p5,31433,0.0,0.9975490196078431
2,0,candidate,0.9938725490196079,epsilon_cosine_cap_0p5,31433,0.0,0.9938725490196079
3,0,candidate,0.9987745098039216,epsilon_cosine_cap_0p5,31433,0.0,0.9987745098039216
4,0,candidate,0.9987745098039216,epsilon_cosine_cap_0p5,31433,0.0,0.9987745098039216
5,0,candidate,0.9938725490196079,epsilon_cosine_cap_0p5,31433,0.0024509803921568627,0.9963235294117647
6,0,candidate,0.9987745098039216,epsilon_cosine_cap_0p5,31433,0.0,0.9987745098039216
7,0,candidate,0.9950980392156863,epsilon_cosine_cap_0p5,31433,0.0012254901960784314,0.9963235294117647
8,0,candidate,0.9963235294117647,epsilon_cosine_cap_0p5,31433,0.0,0.9963235294117647
9,0,candidate,0.9938725490196079,epsilon_cosine_cap_0p5,31433,0.004901960784313725,0.9987745098039216
10,0,candidate,0.991421568627451,epsilon_cosine_cap_0p5,31433,0.0024509803921568627,0.9938725490196079
11,0,candidate,0.9963235294117647,epsilon_cosine_cap_0p5,31433,0.003676470588235294,1.0
12,0,candidate,0.9975490196078431,epsilon_cosine_cap_0p5,31433,0.0012254901960784314,0.9987745098039216
13,0,candidate,0.9963235294117647,epsilon_cosine_cap_0p5,31433,0.0012254901960784314,0.9975490196078431
14,0,candidate,0.9938725490196079,epsilon_cosine_cap_0p5,31433,0.0024509803921568627,0.9963235294117647
15,0,candidate,0.9901960784313726,epsilon_cosine_cap_0p5,31433,0.0,0.9901960784313726
16,0,candidate,0.9975490196078431,epsilon_cosine_cap_0p5,31433,0.0012254901960784314,0.9987745098039216
17,0,candidate,0.9987745098039216,epsilon_cosine_cap_0p5,31433,0.0,0.9987745098039216
18,0,candidate,0.9950980392156863,epsilon_cosine_cap_0p5,31433,0.0,0.9950980392156863
19,0,candidate,0.9963235294117647,epsilon_cosine_cap_0p5,31433,0.0,0.9963235294117647
20,0,candidate,0.9987745098039216,epsilon_cosine_cap_0p5,31433,0.0,0.9987745098039216
21,0,candidate,0.9975490196078431,epsilon_cosine_cap_0p5,31433,0.0012254901960784314,0.9987745098039216
22,0,candidate,0.9950980392156863,epsilon_cosine_cap_0p5,31433,0.0024509803921568627,0.9975490196078431
0,1,candidate,1.0,epsilon_cosine_cap_0p5,31433,0.0,1.0
1,1,candidate,0.9963235294117647,epsilon_cosine_cap_0p5,31433,0.0012254901960784314,0.9975490196078431
2,1,candidate,0.9950980392156863,epsilon_cosine_cap_0p5,31433,0.0,0.9950980392156863
3,1,candidate,0.9963235294117647,epsilon_cosine_cap_0p5,31433,0.0,0.9963235294117647
4,1,candidate,0.9975490196078431,epsilon_cosine_cap_0p5,31433,0.0,0.9975490196078431
5,1,candidate,0.9975490196078431,epsilon_cosine_cap_0p5,31433,0.0012254901960784314,0.9987745098039216
6,1,candidate,0.9938725490196079,epsilon_cosine_cap_0p5,31433,0.0024509803921568627,0.9963235294117647
7,1,candidate,0.9987745098039216,epsilon_cosine_cap_0p5,31433,0.0,0.9987745098039216
8,1,candidate,0.9901960784313726,epsilon_cosine_cap_0p5,31433,0.0024509803921568627,0.9926470588235294
9,1,candidate,0.991421568627451,epsilon_cosine_cap_0p5,31433,0.004901960784313725,0.9963235294117647
10,1,candidate,0.9963235294117647,epsilon_cosine_cap_0p5,31433,0.0012254901960784314,0.9975490196078431
11,1,candidate,0.9938725490196079,epsilon_cosine_cap_0p5,31433,0.003676470588235294,0.9975490196078431
12,1,candidate,0.9938725490196079,epsilon_cosine_cap_0p5,31433,0.0024509803921568627,0.9963235294117647
13,1,candidate,0.9987745098039216,epsilon_cosine_cap_0p5,31433,0.0,0.9987745098039216
14,1,candidate,0.9938725490196079,epsilon_cosine_cap_0p5,31433,0.003676470588235294,0.9975490196078431
15,1,candidate,0.9963235294117647,epsilon_cosine_cap_0p5,31433,0.0024509803921568627,0.9987745098039216
16,1,candidate,0.9963235294117647,epsilon_cosine_cap_0p5,31433,0.0024509803921568627,0.9987745098039216
17,1,candidate,0.9987745098039216,epsilon_cosine_cap_0p5,31433,0.0,0.9987745098039216
18,1,candidate,0.9926470588235294,epsilon_cosine_cap_0p5,31433,0.0,0.9926470588235294
19,1,candidate,0.9975490196078431,epsilon_cosine_cap_0p5,31433,0.0,0.9975490196078431
20,1,candidate,0.9975490196078431,epsilon_cosine_cap_0p5,31433,0.0,0.9975490196078431
21,1,candidate,0.9950980392156863,epsilon_cosine_cap_0p5,31433,0.0012254901960784314,0.9963235294117647
22,1,candidate,1.0,epsilon_cosine_cap_0p5,31433,0.0,1.0
0,2,candidate,1.0,epsilon_cosine_cap_0p5,31433,0.0,1.0
1,2,candidate,0.9987745098039216,epsilon_cosine_cap_0p5,31433,0.0,0.9987745098039216
2,2,candidate,0.9950980392156863,epsilon_cosine_cap_0p5,31433,0.0,0.9950980392156863
3,2,candidate,0.991421568627451,epsilon_cosine_cap_0p5,31433,0.0012254901960784314,0.9926470588235294
4,2,candidate,0.9987745098039216,epsilon_cosine_cap_0p5,31433,0.0,0.9987745098039216
5,2,candidate,0.9963235294117647,epsilon_cosine_cap_0p5,31433,0.0024509803921568627,0.9987745098039216
6,2,candidate,0.9975490196078431,epsilon_cosine_cap_0p5,31433,0.0012254901960784314,0.9987745098039216
7,2,candidate,0.9975490196078431,epsilon_cosine_cap_0p5,31433,0.0,0.9975490196078431
8,2,candidate,0.9975490196078431,epsilon_cosine_cap_0p5,31433,0.0,0.9975490196078431
9,2,candidate,0.991421568627451,epsilon_cosine_cap_0p5,31433,0.004901960784313725,0.9963235294117647
10,2,candidate,0.9901960784313726,epsilon_cosine_cap_0p5,31433,0.003676470588235294,0.9938725490196079
11,2,candidate,0.9877450980392157,epsilon_cosine_cap_0p5,31433,0.004901960784313725,0.9926470588235294
12,2,candidate,0.9950980392156863,epsilon_cosine_cap_0p5,31433,0.0012254901960784314,0.9963235294117647
13,2,candidate,0.9963235294117647,epsilon_cosine_cap_0p5,31433,0.0012254901960784314,0.9975490196078431
14,2,candidate,0.9926470588235294,epsilon_cosine_cap_0p5,31433,0.0024509803921568627,0.9950980392156863
15,2,candidate,0.9975490196078431,epsilon_cosine_cap_0p5,31433,0.0,0.9975490196078431
16,2,candidate,0.9975490196078431,epsilon_cosine_cap_0p5,31433,0.0,0.9975490196078431
17,2,candidate,0.9950980392156863,epsilon_cosine_cap_0p5,31433,0.0024509803921568627,0.9975490196078431
18,2,candidate,0.9987745098039216,epsilon_cosine_cap_0p5,31433,0.0,0.9987745098039216
19,2,candidate,0.9938725490196079,epsilon_cosine_cap_0p5,31433,0.0,0.9938725490196079
20,2,candidate,0.9950980392156863,epsilon_cosine_cap_0p5,31433,0.0,0.9950980392156863
21,2,candidate,0.9926470588235294,epsilon_cosine_cap_0p5,31433,0.0012254901960784314,0.9938725490196079
22,2,candidate,0.9975490196078431,epsilon_cosine_cap_0p5,31433,0.0,0.9975490196078431
0,3,candidate,0.9975490196078431,epsilon_cosine_cap_0p5,31433,0.0024509803921568627,1.0
1,3,candidate,0.9987745098039216,epsilon_cosine_cap_0p5,31433,0.0,0.9987745098039216
2,3,candidate,0.9938725490196079,epsilon_cosine_cap_0p5,31433,0.0012254901960784314,0.9950980392156863
3,3,candidate,0.9950980392156863,epsilon_cosine_cap_0p5,31433,0.0,0.9950980392156863
4,3,candidate,0.9950980392156863,epsilon_cosine_cap_0p5,31433,0.0024509803921568627,0.9975490196078431
5,3,candidate,0.9938725490196079,epsilon_cosine_cap_0p5,31433,0.0012254901960784314,0.9950980392156863
6,3,candidate,0.9950980392156863,epsilon_cosine_cap_0p5,31433,0.0,0.9950980392156863
7,3,candidate,0.9963235294117647,epsilon_cosine_cap_0p5,31433,0.0012254901960784314,0.9975490196078431
8,3,candidate,0.9926470588235294,epsilon_cosine_cap_0p5,31433,0.0012254901960784314,0.9938725490196079
9,3,candidate,0.9987745098039216,epsilon_cosine_cap_0p5,31433,0.0012254901960784314,1.0
10,3,candidate,0.9975490196078431,epsilon_cosine_cap_0p5,31433,0.0012254901960784314,0.9987745098039216
11,3,candidate,1.0,epsilon_cosine_cap_0p5,31433,0.0,1.0
12,3,candidate,0.9926470588235294,epsilon_cosine_cap_0p5,31433,0.006127450980392157,0.9987745098039216
13,3,candidate,0.9950980392156863,epsilon_cosine_cap_0p5,31433,0.003676470588235294,0.9987745098039216
14,3,candidate,0.9926470588235294,epsilon_cosine_cap_0p5,31433,0.004901960784313725,0.9975490196078431
15,3,candidate,0.9987745098039216,epsilon_cosine_cap_0p5,31433,0.0,0.9987745098039216
16,3,candidate,0.9938725490196079,epsilon_cosine_cap_0p5,31433,0.0024509803921568627,0.9963235294117647
17,3,candidate,0.9975490196078431,epsilon_cosine_cap_0p5,31433,0.0012254901960784314,0.9987745098039216
18,3,candidate,0.9889705882352942,epsilon_cosine_cap_0p5,31433,0.0,0.9889705882352942
19,3,candidate,0.9975490196078431,epsilon_cosine_cap_0p5,31433,0.0012254901960784314,0.9987745098039216
20,3,candidate,0.9987745098039216,epsilon_cosine_cap_0p5,31433,0.0,0.9987745098039216
21,3,candidate,0.9975490196078431,epsilon_cosine_cap_0p5,31433,0.0012254901960784314,0.9987745098039216
22,3,candidate,1.0,epsilon_cosine_cap_0p5,31433,0.0,1.0
0,0,candidate,0.0,sample_cosine,31431,0.8075980392156863,0.8075980392156863
1,0,candidate,0.0,sample_cosine,31431,0.5588235294117647,0.5588235294117647
2,0,candidate,0.0,sample_cosine,31431,0.0,0.0
3,0,candidate,0.0392156862745098,sample_cosine,31431,0.0,0.0392156862745098
4,0,candidate,0.0,sample_cosine,31431,0.9607843137254902,0.9607843137254902
5,0,candidate,0.0,sample_cosine,31431,0.5441176470588235,0.5441176470588235
6,0,candidate,0.0,sample_cosine,31431,1.0,1.0
7,0,candidate,0.0,sample_cosine,31431,0.29411764705882354,0.29411764705882354
8,0,candidate,0.0,sample_cosine,31431,0.0,0.0
9,0,candidate,0.0,sample_cosine,31431,0.5882352941176471,0.5882352941176471
10,0,candidate,0.0,sample_cosine,31431,1.0,1.0
11,0,candidate,0.0,sample_cosine,31431,1.0,1.0
12,0,candidate,0.0,sample_cosine,31431,1.0,1.0
13,0,candidate,0.0,sample_cosine,31431,1.0,1.0
14,0,candidate,0.0,sample_cosine,31431,0.5122549019607843,0.5122549019607843
15,0,candidate,0.0,sample_cosine,31431,1.0,1.0
16,0,candidate,0.0,sample_cosine,31431,1.0,1.0
17,0,candidate,0.0,sample_cosine,31431,1.0,1.0
18,0,candidate,0.0,sample_cosine,31431,0.0,0.0
19,0,candidate,0.0,sample_cosine,31431,0.8284313725490197,0.8284313725490197
20,0,candidate,0.0,sample_cosine,31431,0.09803921568627451,0.09803921568627451
21,0,candidate,0.0,sample_cosine,31431,0.9558823529411765,0.9558823529411765
22,0,candidate,0.0,sample_cosine,31431,0.16666666666666666,0.16666666666666666
0,1,candidate,0.0,sample_cosine,31431,0.6078431372549019,0.6078431372549019
1,1,candidate,0.0,sample_cosine,31431,0.5686274509803921,0.5686274509803921
2,1,candidate,0.0,sample_cosine,31431,0.36764705882352944,0.36764705882352944
3,1,candidate,0.0,sample_cosine,31431,0.0,0.0
4,1,candidate,0.0,sample_cosine,31431,0.8002450980392157,0.8002450980392157
5,1,candidate,0.0,sample_cosine,31431,1.0,1.0
6,1,candidate,0.0,sample_cosine,31431,0.9889705882352942,0.9889705882352942
7,1,candidate,0.0,sample_cosine,31431,0.4950980392156863,0.4950980392156863
8,1,candidate,0.0,sample_cosine,31431,0.9607843137254902,0.9607843137254902
9,1,candidate,0.0,sample_cosine,31431,1.0,1.0
10,1,candidate,0.0,sample_cosine,31431,1.0,1.0
11,1,candidate,0.0,sample_cosine,31431,0.9607843137254902,0.9607843137254902
12,1,candidate,0.0,sample_cosine,31431,1.0,1.0
13,1,candidate,0.0,sample_cosine,31431,1.0,1.0
14,1,candidate,0.0,sample_cosine,31431,0.7083333333333334,0.7083333333333334
15,1,candidate,0.0,sample_cosine,31431,0.1642156862745098,0.1642156862745098
16,1,candidate,0.0,sample_cosine,31431,1.0,1.0
17,1,candidate,0.0,sample_cosine,31431,1.0,1.0
18,1,candidate,0.0,sample_cosine,31431,0.0,0.0
19,1,candidate,0.0,sample_cosine,31431,0.9632352941176471,0.9632352941176471
20,1,candidate,0.0,sample_cosine,31431,0.7132352941176471,0.7132352941176471
21,1,candidate,0.18627450980392157,sample_cosine,31431,0.0,0.18627450980392157
22,1,candidate,0.0,sample_cosine,31431,0.0,0.0
0,2,candidate,0.0,sample_cosine,31431,0.9215686274509803,0.9215686274509803
1,2,candidate,0.0,sample_cosine,31431,0.8394607843137255,0.8394607843137255
2,2,candidate,0.0,sample_cosine,31431,0.0,0.0
3,2,candidate,0.0,sample_cosine,31431,0.7610294117647058,0.7610294117647058
4,2,candidate,0.0,sample_cosine,31431,0.6654411764705882,0.6654411764705882
5,2,candidate,0.0,sample_cosine,31431,1.0,1.0
6,2,candidate,0.0,sample_cosine,31431,1.0,1.0
7,2,candidate,0.0,sample_cosine,31431,1.0,1.0
8,2,candidate,0.0,sample_cosine,31431,0.9852941176470589,0.9852941176470589
9,2,candidate,0.0,sample_cosine,31431,1.0,1.0
10,2,candidate,0.0,sample_cosine,31431,0.0,0.0
11,2,candidate,0.9399509803921569,sample_cosine,31431,0.0,0.9399509803921569
12,2,candidate,0.5686274509803921,sample_cosine,31431,0.0,0.5686274509803921
13,2,candidate,0.0,sample_cosine,31431,1.0,1.0
14,2,candidate,0.0,sample_cosine,31431,0.9080882352941176,0.9080882352941176
15,2,candidate,0.0,sample_cosine,31431,0.6862745098039216,0.6862745098039216
16,2,candidate,0.0,sample_cosine,31431,0.8602941176470589,0.8602941176470589
17,2,candidate,0.0,sample_cosine,31431,1.0,1.0
18,2,candidate,0.0,sample_cosine,31431,0.0,0.0
19,2,candidate,0.0,sample_cosine,31431,0.9595588235294118,0.9595588235294118
20,2,candidate,0.0,sample_cosine,31431,0.025735294117647058,0.025735294117647058
21,2,candidate,0.0,sample_cosine,31431,0.8051470588235294,0.8051470588235294
22,2,candidate,0.0,sample_cosine,31431,1.0,1.0
0,3,candidate,0.0,sample_cosine,31431,0.9411764705882353,0.9411764705882353
1,3,candidate,0.0,sample_cosine,31431,0.012254901960784314,0.012254901960784314
2,3,candidate,0.0,sample_cosine,31431,1.0,1.0
3,3,candidate,0.0,sample_cosine,31431,0.0012254901960784314,0.0012254901960784314
4,3,candidate,0.09313725490196079,sample_cosine,31431,0.0,0.09313725490196079
5,3,candidate,0.0,sample_cosine,31431,0.6666666666666666,0.6666666666666666
6,3,candidate,0.0,sample_cosine,31431,1.0,1.0
7,3,candidate,0.0,sample_cosine,31431,1.0,1.0
8,3,candidate,0.0,sample_cosine,31431,1.0,1.0
9,3,candidate,0.0,sample_cosine,31431,0.20833333333333334,0.20833333333333334
10,3,candidate,0.0,sample_cosine,31431,0.9411764705882353,0.9411764705882353
11,3,candidate,0.0,sample_cosine,31431,0.9840686274509803,0.9840686274509803
12,3,candidate,0.0,sample_cosine,31431,1.0,1.0
13,3,candidate,0.0,sample_cosine,31431,1.0,1.0
14,3,candidate,0.0,sample_cosine,31431,0.16666666666666666,0.16666666666666666
15,3,candidate,0.0,sample_cosine,31431,0.0,0.0
16,3,candidate,0.0,sample_cosine,31431,1.0,1.0
17,3,candidate,0.0,sample_cosine,31431,1.0,1.0
18,3,candidate,0.0,sample_cosine,31431,0.0,0.0
19,3,candidate,0.0,sample_cosine,31431,0.25735294117647056,0.25735294117647056
20,3,candidate,0.0,sample_cosine,31431,0.6139705882352942,0.6139705882352942
21,3,candidate,0.0,sample_cosine,31431,0.9166666666666666,0.9166666666666666
22,3,candidate,0.0,sample_cosine,31431,0.0,0.0
0,0,candidate,0.0,sample_cosine,31432,0.3897058823529412,0.3897058823529412
1,0,candidate,0.0,sample_cosine,31432,0.0,0.0
2,0,candidate,0.0,sample_cosine,31432,0.0,0.0
3,0,candidate,0.0,sample_cosine,31432,0.5882352941176471,0.5882352941176471
4,0,candidate,0.0,sample_cosine,31432,0.37254901960784315,0.37254901960784315
5,0,candidate,0.0,sample_cosine,31432,0.5269607843137255,0.5269607843137255
6,0,candidate,0.0,sample_cosine,31432,0.0,0.0
7,0,candidate,0.0,sample_cosine,31432,0.25980392156862747,0.25980392156862747
8,0,candidate,0.0,sample_cosine,31432,1.0,1.0
9,0,candidate,0.0,sample_cosine,31432,1.0,1.0
10,0,candidate,0.0,sample_cosine,31432,1.0,1.0
11,0,candidate,0.0,sample_cosine,31432,1.0,1.0
12,0,candidate,0.0,sample_cosine,31432,1.0,1.0
13,0,candidate,0.0,sample_cosine,31432,1.0,1.0
14,0,candidate,0.0,sample_cosine,31432,0.9215686274509803,0.9215686274509803
15,0,candidate,0.0,sample_cosine,31432,1.0,1.0
16,0,candidate,0.00980392156862745,sample_cosine,31432,0.11764705882352941,0.12745098039215685
17,0,candidate,0.0,sample_cosine,31432,0.1801470588235294,0.1801470588235294
18,0,candidate,0.0,sample_cosine,31432,0.0,0.0
19,0,candidate,0.0,sample_cosine,31432,0.8676470588235294,0.8676470588235294
20,0,candidate,0.0,sample_cosine,31432,0.0196078431372549,0.0196078431372549
21,0,candidate,0.0,sample_cosine,31432,0.7058823529411765,0.7058823529411765
22,0,candidate,0.0,sample_cosine,31432,0.6605392156862745,0.6605392156862745
0,1,candidate,0.0,sample_cosine,31432,0.3333333333333333,0.3333333333333333
1,1,candidate,0.0,sample_cosine,31432,0.16544117647058823,0.16544117647058823
2,1,candidate,0.0,sample_cosine,31432,1.0,1.0
3,1,candidate,0.0,sample_cosine,31432,0.1409313725490196,0.1409313725490196
4,1,candidate,0.0,sample_cosine,31432,0.11764705882352941,0.11764705882352941
5,1,candidate,0.0,sample_cosine,31432,1.0,1.0
6,1,candidate,0.0,sample_cosine,31432,0.9399509803921569,0.9399509803921569
7,1,candidate,0.0,sample_cosine,31432,1.0,1.0
8,1,candidate,0.0,sample_cosine,31432,1.0,1.0
9,1,candidate,0.0,sample_cosine,31432,1.0,1.0
10,1,candidate,0.0,sample_cosine,31432,1.0,1.0
11,1,candidate,0.0,sample_cosine,31432,1.0,1.0
12,1,candidate,0.0,sample_cosine,31432,1.0,1.0
13,1,candidate,0.0,sample_cosine,31432,1.0,1.0
14,1,candidate,0.0,sample_cosine,31432,1.0,1.0
15,1,candidate,0.0,sample_cosine,31432,0.09803921568627451,0.09803921568627451
16,1,candidate,0.0,sample_cosine,31432,1.0,1.0
17,1,candidate,0.0,sample_cosine,31432,1.0,1.0
18,1,candidate,0.0,sample_cosine,31432,0.0,0.0
19,1,candidate,0.0,sample_cosine,31432,0.4522058823529412,0.4522058823529412
20,1,candidate,0.0,sample_cosine,31432,0.0,0.0
21,1,candidate,0.0,sample_cosine,31432,1.0,1.0
22,1,candidate,0.0392156862745098,sample_cosine,31432,0.0,0.0392156862745098
0,2,candidate,0.0,sample_cosine,31432,0.7450980392156863,0.7450980392156863
1,2,candidate,0.0,sample_cosine,31432,0.4852941176470588,0.4852941176470588
2,2,candidate,0.0,sample_cosine,31432,0.07965686274509803,0.07965686274509803
3,2,candidate,0.0,sample_cosine,31432,1.0,1.0
4,2,candidate,0.0,sample_cosine,31432,0.9865196078431373,0.9865196078431373
5,2,candidate,0.0,sample_cosine,31432,1.0,1.0
6,2,candidate,0.0,sample_cosine,31432,1.0,1.0
7,2,candidate,0.0,sample_cosine,31432,0.9203431372549019,0.9203431372549019
8,2,candidate,0.0,sample_cosine,31432,1.0,1.0
9,2,candidate,0.0,sample_cosine,31432,1.0,1.0
10,2,candidate,0.0,sample_cosine,31432,1.0,1.0
11,2,candidate,0.43137254901960786,sample_cosine,31432,0.12254901960784313,0.553921568627451
12,2,candidate,0.0,sample_cosine,31432,1.0,1.0
13,2,candidate,0.0,sample_cosine,31432,1.0,1.0
14,2,candidate,0.0,sample_cosine,31432,0.7438725490196079,0.7438725490196079
15,2,candidate,0.0,sample_cosine,31432,1.0,1.0
16,2,candidate,0.0196078431372549,sample_cosine,31432,0.49264705882352944,0.5122549019607843
17,2,candidate,0.0,sample_cosine,31432,1.0,1.0
18,2,candidate,0.0,sample_cosine,31432,0.0,0.0
19,2,candidate,0.0,sample_cosine,31432,0.0,0.0
20,2,candidate,0.0,sample_cosine,31432,0.0,0.0
21,2,candidate,0.0,sample_cosine,31432,1.0,1.0
22,2,candidate,0.0,sample_cosine,31432,0.0,0.0
0,3,candidate,0.0,sample_cosine,31432,0.9632352941176471,0.9632352941176471
1,3,candidate,0.0,sample_cosine,31432,1.0,1.0
2,3,candidate,0.0,sample_cosine,31432,0.0,0.0
3,3,candidate,0.09803921568627451,sample_cosine,31432,0.0,0.09803921568627451
4,3,candidate,0.0,sample_cosine,31432,0.0196078431372549,0.0196078431372549
5,3,candidate,0.0,sample_cosine,31432,1.0,1.0
6,3,candidate,0.0,sample_cosine,31432,0.5686274509803921,0.5686274509803921
7,3,candidate,0.0,sample_cosine,31432,1.0,1.0
8,3,candidate,0.0,sample_cosine,31432,1.0,1.0
9,3,candidate,0.0,sample_cosine,31432,1.0,1.0
10,3,candidate,0.0,sample_cosine,31432,1.0,1.0
11,3,candidate,0.0,sample_cosine,31432,1.0,1.0
12,3,candidate,0.0,sample_cosine,31432,1.0,1.0
13,3,candidate,0.0,sample_cosine,31432,1.0,1.0
14,3,candidate,0.0,sample_cosine,31432,1.0,1.0
15,3,candidate,0.0,sample_cosine,31432,0.5723039215686274,0.5723039215686274
16,3,candidate,0.0,sample_cosine,31432,0.003676470588235294,0.003676470588235294
17,3,candidate,0.0,sample_cosine,31432,1.0,1.0
18,3,candidate,0.0,sample_cosine,31432,0.0,0.0
19,3,candidate,0.0,sample_cosine,31432,0.32230392156862747,0.32230392156862747
20,3,candidate,0.0,sample_cosine,31432,0.0,0.0
21,3,candidate,0.0,sample_cosine,31432,0.9950980392156863,0.9950980392156863
22,3,candidate,0.0,sample_cosine,31432,1.0,1.0
0,0,candidate,0.0392156862745098,sample_cosine,31433,0.3137254901960784,0.35294117647058826
1,0,candidate,0.0,sample_cosine,31433,0.1715686274509804,0.1715686274509804
2,0,candidate,0.0,sample_cosine,31433,0.0,0.0
3,0,candidate,0.0,sample_cosine,31433,0.4485294117647059,0.4485294117647059
4,0,candidate,0.0,sample_cosine,31433,1.0,1.0
5,0,candidate,0.0,sample_cosine,31433,0.7696078431372549,0.7696078431372549
6,0,candidate,0.0,sample_cosine,31433,0.9975490196078431,0.9975490196078431
7,0,candidate,0.0,sample_cosine,31433,0.9754901960784313,0.9754901960784313
8,0,candidate,0.0,sample_cosine,31433,0.0,0.0
9,0,candidate,0.0,sample_cosine,31433,1.0,1.0
10,0,candidate,0.0,sample_cosine,31433,1.0,1.0
11,0,candidate,0.0,sample_cosine,31433,1.0,1.0
12,0,candidate,0.0,sample_cosine,31433,1.0,1.0
13,0,candidate,0.0,sample_cosine,31433,1.0,1.0
14,0,candidate,0.0,sample_cosine,31433,0.9607843137254902,0.9607843137254902
15,0,candidate,0.0,sample_cosine,31433,1.0,1.0
16,0,candidate,0.0,sample_cosine,31433,0.7549019607843137,0.7549019607843137
17,0,candidate,0.0,sample_cosine,31433,0.3333333333333333,0.3333333333333333
18,0,candidate,0.0,sample_cosine,31433,0.0,0.0
19,0,candidate,0.0,sample_cosine,31433,0.1556372549019608,0.1556372549019608
20,0,candidate,0.04411764705882353,sample_cosine,31433,0.025735294117647058,0.06985294117647059
21,0,candidate,0.0,sample_cosine,31433,0.7463235294117647,0.7463235294117647
22,0,candidate,0.0,sample_cosine,31433,0.1568627450980392,0.1568627450980392
0,1,candidate,0.0,sample_cosine,31433,0.6642156862745098,0.6642156862745098
1,1,candidate,0.0,sample_cosine,31433,0.0,0.0
2,1,candidate,0.0,sample_cosine,31433,0.9938725490196079,0.9938725490196079
3,1,candidate,0.0,sample_cosine,31433,0.20955882352941177,0.20955882352941177
4,1,candidate,0.3333333333333333,sample_cosine,31433,0.0,0.3333333333333333
5,1,candidate,0.0392156862745098,sample_cosine,31433,0.0,0.0392156862745098
6,1,candidate,0.0,sample_cosine,31433,0.0,0.0
7,1,candidate,0.0,sample_cosine,31433,0.03308823529411765,0.03308823529411765
8,1,candidate,0.05269607843137255,sample_cosine,31433,0.0784313725490196,0.13112745098039216
9,1,candidate,0.058823529411764705,sample_cosine,31433,0.6470588235294118,0.7058823529411765
10,1,candidate,0.0,sample_cosine,31433,1.0,1.0
11,1,candidate,0.0,sample_cosine,31433,1.0,1.0
12,1,candidate,0.0,sample_cosine,31433,1.0,1.0
13,1,candidate,0.0,sample_cosine,31433,1.0,1.0
14,1,candidate,0.0,sample_cosine,31433,0.7022058823529411,0.7022058823529411
15,1,candidate,0.0,sample_cosine,31433,0.9203431372549019,0.9203431372549019
16,1,candidate,0.3002450980392157,sample_cosine,31433,0.1568627450980392,0.4571078431372549
17,1,candidate,0.1568627450980392,sample_cosine,31433,0.35294117647058826,0.5098039215686274
18,1,candidate,0.0,sample_cosine,31433,0.0,0.0
19,1,candidate,0.0,sample_cosine,31433,0.12990196078431374,0.12990196078431374
20,1,candidate,0.0,sample_cosine,31433,0.0,0.0
21,1,candidate,0.0,sample_cosine,31433,0.9215686274509803,0.9215686274509803
22,1,candidate,0.0,sample_cosine,31433,0.0,0.0
0,2,candidate,0.5306372549019608,sample_cosine,31433,0.0,0.5306372549019608
1,2,candidate,0.0,sample_cosine,31433,0.29411764705882354,0.29411764705882354
2,2,candidate,0.0,sample_cosine,31433,1.0,1.0
3,2,candidate,0.0,sample_cosine,31433,0.6850490196078431,0.6850490196078431
4,2,candidate,0.0,sample_cosine,31433,0.38848039215686275,0.38848039215686275
5,2,candidate,0.01715686274509804,sample_cosine,31433,0.5098039215686274,0.5269607843137255
6,2,candidate,0.0,sample_cosine,31433,0.5490196078431373,0.5490196078431373
7,2,candidate,0.0,sample_cosine,31433,0.9093137254901961,0.9093137254901961
8,2,candidate,0.0,sample_cosine,31433,1.0,1.0
9,2,candidate,0.0,sample_cosine,31433,1.0,1.0
10,2,candidate,0.0,sample_cosine,31433,1.0,1.0
11,2,candidate,0.0,sample_cosine,31433,1.0,1.0
12,2,candidate,0.23161764705882354,sample_cosine,31433,0.3112745098039216,0.5428921568627451
13,2,candidate,0.0,sample_cosine,31433,1.0,1.0
14,2,candidate,0.0,sample_cosine,31433,1.0,1.0
15,2,candidate,0.0,sample_cosine,31433,1.0,1.0
16,2,candidate,0.0,sample_cosine,31433,1.0,1.0
17,2,candidate,0.058823529411764705,sample_cosine,31433,0.38848039215686275,0.44730392156862747
18,2,candidate,0.0,sample_cosine,31433,0.0,0.0
19,2,candidate,0.0,sample_cosine,31433,1.0,1.0
20,2,candidate,0.025735294117647058,sample_cosine,31433,0.0,0.025735294117647058
21,2,candidate,0.0,sample_cosine,31433,0.42034313725490197,0.42034313725490197
22,2,candidate,0.0,sample_cosine,31433,0.5036764705882353,0.5036764705882353
0,3,candidate,0.0,sample_cosine,31433,0.8235294117647058,0.8235294117647058
1,3,candidate,0.0,sample_cosine,31433,0.2622549019607843,0.2622549019607843
2,3,candidate,0.0,sample_cosine,31433,0.48651960784313725,0.48651960784313725
3,3,candidate,0.0,sample_cosine,31433,0.9473039215686274,0.9473039215686274
4,3,candidate,0.0,sample_cosine,31433,0.5686274509803921,0.5686274509803921
5,3,candidate,0.0,sample_cosine,31433,1.0,1.0
6,3,candidate,0.5882352941176471,sample_cosine,31433,0.0,0.5882352941176471
7,3,candidate,0.07720588235294118,sample_cosine,31433,0.0,0.07720588235294118
8,3,candidate,0.06004901960784314,sample_cosine,31433,0.0,0.06004901960784314
9,3,candidate,0.0,sample_cosine,31433,0.8627450980392157,0.8627450980392157
10,3,candidate,0.0,sample_cosine,31433,1.0,1.0
11,3,candidate,0.0,sample_cosine,31433,0.9448529411764706,0.9448529411764706
12,3,candidate,0.0,sample_cosine,31433,1.0,1.0
13,3,candidate,0.0,sample_cosine,31433,0.9803921568627451,0.9803921568627451
14,3,candidate,0.0,sample_cosine,31433,0.741421568627451,0.741421568627451
15,3,candidate,0.0,sample_cosine,31433,1.0,1.0
16,3,candidate,0.0,sample_cosine,31433,0.9803921568627451,0.9803921568627451
17,3,candidate,0.0392156862745098,sample_cosine,31433,0.8259803921568627,0.8651960784313726
18,3,candidate,0.0,sample_cosine,31433,0.0,0.0
19,3,candidate,0.11764705882352941,sample_cosine,31433,0.0,0.11764705882352941
20,3,candidate,0.0,sample_cosine,31433,1.0,1.0
21,3,candidate,0.0,sample_cosine,31433,0.058823529411764705,0.058823529411764705
22,3,candidate,0.0,sample_cosine,31433,1.0,1.0
0,0,candidate,0.9938725490196079,v_prediction_cosine,31431,0.0024509803921568627,0.9963235294117647
1,0,candidate,0.9975490196078431,v_prediction_cosine,31431,0.0,0.9975490196078431
2,0,candidate,0.991421568627451,v_prediction_cosine,31431,0.0012254901960784314,0.9926470588235294
3,0,candidate,0.9950980392156863,v_prediction_cosine,31431,0.0012254901960784314,0.9963235294117647
4,0,candidate,0.9950980392156863,v_prediction_cosine,31431,0.0012254901960784314,0.9963235294117647
5,0,candidate,0.9963235294117647,v_prediction_cosine,31431,0.0024509803921568627,0.9987745098039216
6,0,candidate,0.9901960784313726,v_prediction_cosine,31431,0.0024509803921568627,0.9926470588235294
7,0,candidate,0.9938725490196079,v_prediction_cosine,31431,0.0024509803921568627,0.9963235294117647
8,0,candidate,0.9938725490196079,v_prediction_cosine,31431,0.0012254901960784314,0.9950980392156863
9,0,candidate,0.9901960784313726,v_prediction_cosine,31431,0.007352941176470588,0.9975490196078431
10,0,candidate,0.991421568627451,v_prediction_cosine,31431,0.0024509803921568627,0.9938725490196079
11,0,candidate,0.9950980392156863,v_prediction_cosine,31431,0.0012254901960784314,0.9963235294117647
12,0,candidate,0.991421568627451,v_prediction_cosine,31431,0.007352941176470588,0.9987745098039216
13,0,candidate,0.9926470588235294,v_prediction_cosine,31431,0.004901960784313725,0.9975490196078431
14,0,candidate,0.9938725490196079,v_prediction_cosine,31431,0.0012254901960784314,0.9950980392156863
15,0,candidate,0.991421568627451,v_prediction_cosine,31431,0.003676470588235294,0.9950980392156863
16,0,candidate,0.9889705882352942,v_prediction_cosine,31431,0.003676470588235294,0.9926470588235294
17,0,candidate,0.9950980392156863,v_prediction_cosine,31431,0.003676470588235294,0.9987745098039216
18,0,candidate,0.9963235294117647,v_prediction_cosine,31431,0.0,0.9963235294117647
19,0,candidate,0.9963235294117647,v_prediction_cosine,31431,0.003676470588235294,1.0
20,0,candidate,0.9926470588235294,v_prediction_cosine,31431,0.0024509803921568627,0.9950980392156863
21,0,candidate,0.9926470588235294,v_prediction_cosine,31431,0.0012254901960784314,0.9938725490196079
22,0,candidate,0.9963235294117647,v_prediction_cosine,31431,0.0,0.9963235294117647
0,1,candidate,1.0,v_prediction_cosine,31431,0.0,1.0
1,1,candidate,0.9963235294117647,v_prediction_cosine,31431,0.0,0.9963235294117647
2,1,candidate,0.9963235294117647,v_prediction_cosine,31431,0.0012254901960784314,0.9975490196078431
3,1,candidate,0.9950980392156863,v_prediction_cosine,31431,0.0012254901960784314,0.9963235294117647
4,1,candidate,0.9938725490196079,v_prediction_cosine,31431,0.0012254901960784314,0.9950980392156863
5,1,candidate,0.9950980392156863,v_prediction_cosine,31431,0.0024509803921568627,0.9975490196078431
6,1,candidate,0.9938725490196079,v_prediction_cosine,31431,0.0012254901960784314,0.9950980392156863
7,1,candidate,0.9840686274509803,v_prediction_cosine,31431,0.006127450980392157,0.9901960784313726
8,1,candidate,0.9926470588235294,v_prediction_cosine,31431,0.0,0.9926470588235294
9,1,candidate,0.9926470588235294,v_prediction_cosine,31431,0.004901960784313725,0.9975490196078431
10,1,candidate,0.9926470588235294,v_prediction_cosine,31431,0.003676470588235294,0.9963235294117647
11,1,candidate,0.9877450980392157,v_prediction_cosine,31431,0.00857843137254902,0.9963235294117647
12,1,candidate,0.9840686274509803,v_prediction_cosine,31431,0.006127450980392157,0.9901960784313726
13,1,candidate,0.9938725490196079,v_prediction_cosine,31431,0.0024509803921568627,0.9963235294117647
14,1,candidate,0.9901960784313726,v_prediction_cosine,31431,0.004901960784313725,0.9950980392156863
15,1,candidate,0.991421568627451,v_prediction_cosine,31431,0.003676470588235294,0.9950980392156863
16,1,candidate,0.9950980392156863,v_prediction_cosine,31431,0.0024509803921568627,0.9975490196078431
17,1,candidate,0.9975490196078431,v_prediction_cosine,31431,0.0012254901960784314,0.9987745098039216
18,1,candidate,0.991421568627451,v_prediction_cosine,31431,0.0,0.991421568627451
19,1,candidate,0.9950980392156863,v_prediction_cosine,31431,0.0,0.9950980392156863
20,1,candidate,1.0,v_prediction_cosine,31431,0.0,1.0
21,1,candidate,0.9987745098039216,v_prediction_cosine,31431,0.0,0.9987745098039216
22,1,candidate,0.9987745098039216,v_prediction_cosine,31431,0.0,0.9987745098039216
0,2,candidate,0.9950980392156863,v_prediction_cosine,31431,0.0,0.9950980392156863
1,2,candidate,0.991421568627451,v_prediction_cosine,31431,0.0024509803921568627,0.9938725490196079
2,2,candidate,0.9975490196078431,v_prediction_cosine,31431,0.0,0.9975490196078431
3,2,candidate,0.9926470588235294,v_prediction_cosine,31431,0.0012254901960784314,0.9938725490196079
4,2,candidate,0.9950980392156863,v_prediction_cosine,31431,0.0024509803921568627,0.9975490196078431
5,2,candidate,0.991421568627451,v_prediction_cosine,31431,0.0012254901960784314,0.9926470588235294
6,2,candidate,0.9975490196078431,v_prediction_cosine,31431,0.0012254901960784314,0.9987745098039216
7,2,candidate,0.9938725490196079,v_prediction_cosine,31431,0.0024509803921568627,0.9963235294117647
8,2,candidate,0.9926470588235294,v_prediction_cosine,31431,0.0024509803921568627,0.9950980392156863
9,2,candidate,0.9938725490196079,v_prediction_cosine,31431,0.003676470588235294,0.9975490196078431
10,2,candidate,0.9852941176470589,v_prediction_cosine,31431,0.007352941176470588,0.9926470588235294
11,2,candidate,0.9889705882352942,v_prediction_cosine,31431,0.007352941176470588,0.9963235294117647
12,2,candidate,0.9877450980392157,v_prediction_cosine,31431,0.003676470588235294,0.991421568627451
13,2,candidate,0.9926470588235294,v_prediction_cosine,31431,0.003676470588235294,0.9963235294117647
14,2,candidate,0.9926470588235294,v_prediction_cosine,31431,0.003676470588235294,0.9963235294117647
15,2,candidate,0.9938725490196079,v_prediction_cosine,31431,0.0012254901960784314,0.9950980392156863
16,2,candidate,0.9889705882352942,v_prediction_cosine,31431,0.006127450980392157,0.9950980392156863
17,2,candidate,0.9963235294117647,v_prediction_cosine,31431,0.0,0.9963235294117647
18,2,candidate,0.9877450980392157,v_prediction_cosine,31431,0.0,0.9877450980392157
19,2,candidate,0.9963235294117647,v_prediction_cosine,31431,0.0,0.9963235294117647
20,2,candidate,0.9975490196078431,v_prediction_cosine,31431,0.0,0.9975490196078431
21,2,candidate,0.9963235294117647,v_prediction_cosine,31431,0.0012254901960784314,0.9975490196078431
22,2,candidate,0.9987745098039216,v_prediction_cosine,31431,0.0,0.9987745098039216
0,3,candidate,0.9950980392156863,v_prediction_cosine,31431,0.0012254901960784314,0.9963235294117647
1,3,candidate,0.9963235294117647,v_prediction_cosine,31431,0.0,0.9963235294117647
2,3,candidate,0.991421568627451,v_prediction_cosine,31431,0.0,0.991421568627451
3,3,candidate,0.9963235294117647,v_prediction_cosine,31431,0.0,0.9963235294117647
4,3,candidate,0.9975490196078431,v_prediction_cosine,31431,0.0,0.9975490196078431
5,3,candidate,0.9865196078431373,v_prediction_cosine,31431,0.004901960784313725,0.991421568627451
6,3,candidate,0.9889705882352942,v_prediction_cosine,31431,0.0024509803921568627,0.991421568627451
7,3,candidate,0.9938725490196079,v_prediction_cosine,31431,0.0012254901960784314,0.9950980392156863
8,3,candidate,0.991421568627451,v_prediction_cosine,31431,0.0012254901960784314,0.9926470588235294
9,3,candidate,0.9938725490196079,v_prediction_cosine,31431,0.0024509803921568627,0.9963235294117647
10,3,candidate,0.9877450980392157,v_prediction_cosine,31431,0.00980392156862745,0.9975490196078431
11,3,candidate,0.9901960784313726,v_prediction_cosine,31431,0.006127450980392157,0.9963235294117647
12,3,candidate,0.9938725490196079,v_prediction_cosine,31431,0.0024509803921568627,0.9963235294117647
13,3,candidate,0.9963235294117647,v_prediction_cosine,31431,0.0024509803921568627,0.9987745098039216
14,3,candidate,0.9926470588235294,v_prediction_cosine,31431,0.003676470588235294,0.9963235294117647
15,3,candidate,0.9938725490196079,v_prediction_cosine,31431,0.0024509803921568627,0.9963235294117647
16,3,candidate,0.9938725490196079,v_prediction_cosine,31431,0.003676470588235294,0.9975490196078431
17,3,candidate,0.9963235294117647,v_prediction_cosine,31431,0.0012254901960784314,0.9975490196078431
18,3,candidate,0.9938725490196079,v_prediction_cosine,31431,0.0,0.9938725490196079
19,3,candidate,0.9987745098039216,v_prediction_cosine,31431,0.0012254901960784314,1.0
20,3,candidate,0.9975490196078431,v_prediction_cosine,31431,0.0,0.9975490196078431
21,3,candidate,0.9975490196078431,v_prediction_cosine,31431,0.0012254901960784314,0.9987745098039216
22,3,candidate,0.9975490196078431,v_prediction_cosine,31431,0.0,0.9975490196078431
0,0,candidate,0.9963235294117647,v_prediction_cosine,31432,0.0024509803921568627,0.9987745098039216
1,0,candidate,0.9975490196078431,v_prediction_cosine,31432,0.0012254901960784314,0.9987745098039216
2,0,candidate,0.9938725490196079,v_prediction_cosine,31432,0.0,0.9938725490196079
3,0,candidate,0.991421568627451,v_prediction_cosine,31432,0.0012254901960784314,0.9926470588235294
4,0,candidate,0.9938725490196079,v_prediction_cosine,31432,0.0,0.9938725490196079
5,0,candidate,0.9926470588235294,v_prediction_cosine,31432,0.0012254901960784314,0.9938725490196079
6,0,candidate,0.9938725490196079,v_prediction_cosine,31432,0.0012254901960784314,0.9950980392156863
7,0,candidate,0.9975490196078431,v_prediction_cosine,31432,0.0,0.9975490196078431
8,0,candidate,0.9963235294117647,v_prediction_cosine,31432,0.0,0.9963235294117647
9,0,candidate,0.9963235294117647,v_prediction_cosine,31432,0.003676470588235294,1.0
10,0,candidate,0.9926470588235294,v_prediction_cosine,31432,0.003676470588235294,0.9963235294117647
11,0,candidate,0.9950980392156863,v_prediction_cosine,31432,0.003676470588235294,0.9987745098039216
12,0,candidate,0.9926470588235294,v_prediction_cosine,31432,0.004901960784313725,0.9975490196078431
13,0,candidate,0.9963235294117647,v_prediction_cosine,31432,0.0024509803921568627,0.9987745098039216
14,0,candidate,0.9926470588235294,v_prediction_cosine,31432,0.003676470588235294,0.9963235294117647
15,0,candidate,0.9950980392156863,v_prediction_cosine,31432,0.0012254901960784314,0.9963235294117647
16,0,candidate,0.9938725490196079,v_prediction_cosine,31432,0.0,0.9938725490196079
17,0,candidate,0.9938725490196079,v_prediction_cosine,31432,0.003676470588235294,0.9975490196078431
18,0,candidate,0.9938725490196079,v_prediction_cosine,31432,0.0,0.9938725490196079
19,0,candidate,0.9938725490196079,v_prediction_cosine,31432,0.0024509803921568627,0.9963235294117647
20,0,candidate,0.9975490196078431,v_prediction_cosine,31432,0.0024509803921568627,1.0
21,0,candidate,0.9963235294117647,v_prediction_cosine,31432,0.0,0.9963235294117647
22,0,candidate,0.9950980392156863,v_prediction_cosine,31432,0.0012254901960784314,0.9963235294117647
0,1,candidate,0.9975490196078431,v_prediction_cosine,31432,0.0012254901960784314,0.9987745098039216
1,1,candidate,0.9987745098039216,v_prediction_cosine,31432,0.0,0.9987745098039216
2,1,candidate,0.9926470588235294,v_prediction_cosine,31432,0.0,0.9926470588235294
3,1,candidate,0.9950980392156863,v_prediction_cosine,31432,0.0,0.9950980392156863
4,1,candidate,0.9975490196078431,v_prediction_cosine,31432,0.0,0.9975490196078431
5,1,candidate,0.9901960784313726,v_prediction_cosine,31432,0.006127450980392157,0.9963235294117647
6,1,candidate,0.9901960784313726,v_prediction_cosine,31432,0.0012254901960784314,0.991421568627451
7,1,candidate,0.991421568627451,v_prediction_cosine,31432,0.0012254901960784314,0.9926470588235294
8,1,candidate,0.9889705882352942,v_prediction_cosine,31432,0.0024509803921568627,0.991421568627451
9,1,candidate,0.9852941176470589,v_prediction_cosine,31432,0.00980392156862745,0.9950980392156863
10,1,candidate,0.9950980392156863,v_prediction_cosine,31432,0.0024509803921568627,0.9975490196078431
11,1,candidate,0.9926470588235294,v_prediction_cosine,31432,0.003676470588235294,0.9963235294117647
12,1,candidate,0.9901960784313726,v_prediction_cosine,31432,0.007352941176470588,0.9975490196078431
13,1,candidate,0.9901960784313726,v_prediction_cosine,31432,0.006127450980392157,0.9963235294117647
14,1,candidate,0.9889705882352942,v_prediction_cosine,31432,0.00980392156862745,0.9987745098039216
15,1,candidate,0.9926470588235294,v_prediction_cosine,31432,0.003676470588235294,0.9963235294117647
16,1,candidate,0.9975490196078431,v_prediction_cosine,31432,0.0012254901960784314,0.9987745098039216
17,1,candidate,0.9901960784313726,v_prediction_cosine,31432,0.0024509803921568627,0.9926470588235294
18,1,candidate,0.9963235294117647,v_prediction_cosine,31432,0.0,0.9963235294117647
19,1,candidate,0.9963235294117647,v_prediction_cosine,31432,0.0012254901960784314,0.9975490196078431
20,1,candidate,0.9950980392156863,v_prediction_cosine,31432,0.0024509803921568627,0.9975490196078431
21,1,candidate,0.9963235294117647,v_prediction_cosine,31432,0.0024509803921568627,0.9987745098039216
22,1,candidate,0.9987745098039216,v_prediction_cosine,31432,0.0,0.9987745098039216
0,2,candidate,0.9950980392156863,v_prediction_cosine,31432,0.0012254901960784314,0.9963235294117647
1,2,candidate,0.9938725490196079,v_prediction_cosine,31432,0.0012254901960784314,0.9950980392156863
2,2,candidate,0.9950980392156863,v_prediction_cosine,31432,0.0,0.9950980392156863
3,2,candidate,0.9950980392156863,v_prediction_cosine,31432,0.0,0.9950980392156863
4,2,candidate,0.9938725490196079,v_prediction_cosine,31432,0.0012254901960784314,0.9950980392156863
5,2,candidate,0.9938725490196079,v_prediction_cosine,31432,0.0024509803921568627,0.9963235294117647
6,2,candidate,0.9938725490196079,v_prediction_cosine,31432,0.0012254901960784314,0.9950980392156863
7,2,candidate,0.9975490196078431,v_prediction_cosine,31432,0.0012254901960784314,0.9987745098039216
8,2,candidate,0.9950980392156863,v_prediction_cosine,31432,0.0,0.9950980392156863
9,2,candidate,0.9877450980392157,v_prediction_cosine,31432,0.0012254901960784314,0.9889705882352942
10,2,candidate,0.9950980392156863,v_prediction_cosine,31432,0.0012254901960784314,0.9963235294117647
11,2,candidate,0.9926470588235294,v_prediction_cosine,31432,0.004901960784313725,0.9975490196078431
12,2,candidate,0.9840686274509803,v_prediction_cosine,31432,0.00980392156862745,0.9938725490196079
13,2,candidate,0.991421568627451,v_prediction_cosine,31432,0.0012254901960784314,0.9926470588235294
14,2,candidate,0.9926470588235294,v_prediction_cosine,31432,0.004901960784313725,0.9975490196078431
15,2,candidate,0.991421568627451,v_prediction_cosine,31432,0.0024509803921568627,0.9938725490196079
16,2,candidate,0.9950980392156863,v_prediction_cosine,31432,0.0012254901960784314,0.9963235294117647
17,2,candidate,0.9963235294117647,v_prediction_cosine,31432,0.0012254901960784314,0.9975490196078431
18,2,candidate,0.9950980392156863,v_prediction_cosine,31432,0.0,0.9950980392156863
19,2,candidate,0.9987745098039216,v_prediction_cosine,31432,0.0012254901960784314,1.0
20,2,candidate,1.0,v_prediction_cosine,31432,0.0,1.0
21,2,candidate,0.9926470588235294,v_prediction_cosine,31432,0.0,0.9926470588235294
22,2,candidate,0.9975490196078431,v_prediction_cosine,31432,0.0012254901960784314,0.9987745098039216
0,3,candidate,0.9938725490196079,v_prediction_cosine,31432,0.003676470588235294,0.9975490196078431
1,3,candidate,0.9975490196078431,v_prediction_cosine,31432,0.0012254901960784314,0.9987745098039216
2,3,candidate,1.0,v_prediction_cosine,31432,0.0,1.0
3,3,candidate,0.9926470588235294,v_prediction_cosine,31432,0.0012254901960784314,0.9938725490196079
4,3,candidate,0.9950980392156863,v_prediction_cosine,31432,0.0,0.9950980392156863
5,3,candidate,0.9938725490196079,v_prediction_cosine,31432,0.003676470588235294,0.9975490196078431
6,3,candidate,0.9938725490196079,v_prediction_cosine,31432,0.0,0.9938725490196079
7,3,candidate,0.9926470588235294,v_prediction_cosine,31432,0.0012254901960784314,0.9938725490196079
8,3,candidate,0.9901960784313726,v_prediction_cosine,31432,0.0,0.9901960784313726
9,3,candidate,0.9938725490196079,v_prediction_cosine,31432,0.003676470588235294,0.9975490196078431
10,3,candidate,0.9865196078431373,v_prediction_cosine,31432,0.006127450980392157,0.9926470588235294
11,3,candidate,0.9877450980392157,v_prediction_cosine,31432,0.006127450980392157,0.9938725490196079
12,3,candidate,0.9889705882352942,v_prediction_cosine,31432,0.0024509803921568627,0.991421568627451
13,3,candidate,0.9926470588235294,v_prediction_cosine,31432,0.004901960784313725,0.9975490196078431
14,3,candidate,0.9865196078431373,v_prediction_cosine,31432,0.004901960784313725,0.991421568627451
15,3,candidate,0.9975490196078431,v_prediction_cosine,31432,0.0012254901960784314,0.9987745098039216
16,3,candidate,0.9926470588235294,v_prediction_cosine,31432,0.0024509803921568627,0.9950980392156863
17,3,candidate,0.9963235294117647,v_prediction_cosine,31432,0.0024509803921568627,0.9987745098039216
18,3,candidate,0.9938725490196079,v_prediction_cosine,31432,0.0,0.9938725490196079
19,3,candidate,1.0,v_prediction_cosine,31432,0.0,1.0
20,3,candidate,0.9950980392156863,v_prediction_cosine,31432,0.0,0.9950980392156863
21,3,candidate,0.9950980392156863,v_prediction_cosine,31432,0.0,0.9950980392156863
22,3,candidate,0.9926470588235294,v_prediction_cosine,31432,0.0012254901960784314,0.9938725490196079
0,0,candidate,0.9950980392156863,v_prediction_cosine,31433,0.0012254901960784314,0.9963235294117647
1,0,candidate,0.9926470588235294,v_prediction_cosine,31433,0.0012254901960784314,0.9938725490196079
2,0,candidate,0.9938725490196079,v_prediction_cosine,31433,0.0012254901960784314,0.9950980392156863
3,0,candidate,0.9963235294117647,v_prediction_cosine,31433,0.0012254901960784314,0.9975490196078431
4,0,candidate,0.9975490196078431,v_prediction_cosine,31433,0.0012254901960784314,0.9987745098039216
5,0,candidate,0.9950980392156863,v_prediction_cosine,31433,0.0,0.9950980392156863
6,0,candidate,0.9938725490196079,v_prediction_cosine,31433,0.0,0.9938725490196079
7,0,candidate,0.9926470588235294,v_prediction_cosine,31433,0.0,0.9926470588235294
8,0,candidate,0.9926470588235294,v_prediction_cosine,31433,0.0024509803921568627,0.9950980392156863
9,0,candidate,0.9963235294117647,v_prediction_cosine,31433,0.0012254901960784314,0.9975490196078431
10,0,candidate,0.9950980392156863,v_prediction_cosine,31433,0.0024509803921568627,0.9975490196078431
11,0,candidate,0.9889705882352942,v_prediction_cosine,31433,0.003676470588235294,0.9926470588235294
12,0,candidate,0.9791666666666666,v_prediction_cosine,31433,0.00857843137254902,0.9877450980392157
13,0,candidate,0.9901960784313726,v_prediction_cosine,31433,0.003676470588235294,0.9938725490196079
14,0,candidate,0.991421568627451,v_prediction_cosine,31433,0.003676470588235294,0.9950980392156863
15,0,candidate,0.9950980392156863,v_prediction_cosine,31433,0.004901960784313725,1.0
16,0,candidate,0.9950980392156863,v_prediction_cosine,31433,0.0,0.9950980392156863
17,0,candidate,0.9963235294117647,v_prediction_cosine,31433,0.0024509803921568627,0.9987745098039216
18,0,candidate,0.9963235294117647,v_prediction_cosine,31433,0.0,0.9963235294117647
19,0,candidate,0.9950980392156863,v_prediction_cosine,31433,0.0012254901960784314,0.9963235294117647
20,0,candidate,0.9975490196078431,v_prediction_cosine,31433,0.0,0.9975490196078431
21,0,candidate,0.9963235294117647,v_prediction_cosine,31433,0.0,0.9963235294117647
22,0,candidate,0.9963235294117647,v_prediction_cosine,31433,0.0,0.9963235294117647
0,1,candidate,0.9963235294117647,v_prediction_cosine,31433,0.0,0.9963235294117647
1,1,candidate,0.9975490196078431,v_prediction_cosine,31433,0.0012254901960784314,0.9987745098039216
2,1,candidate,0.9975490196078431,v_prediction_cosine,31433,0.0,0.9975490196078431
3,1,candidate,0.9963235294117647,v_prediction_cosine,31433,0.0012254901960784314,0.9975490196078431
4,1,candidate,0.9926470588235294,v_prediction_cosine,31433,0.0012254901960784314,0.9938725490196079
5,1,candidate,0.9926470588235294,v_prediction_cosine,31433,0.004901960784313725,0.9975490196078431
6,1,candidate,0.9926470588235294,v_prediction_cosine,31433,0.0,0.9926470588235294
7,1,candidate,0.9963235294117647,v_prediction_cosine,31433,0.0012254901960784314,0.9975490196078431
8,1,candidate,0.991421568627451,v_prediction_cosine,31433,0.0012254901960784314,0.9926470588235294
9,1,candidate,0.9950980392156863,v_prediction_cosine,31433,0.0024509803921568627,0.9975490196078431
10,1,candidate,0.9877450980392157,v_prediction_cosine,31433,0.006127450980392157,0.9938725490196079
11,1,candidate,0.9926470588235294,v_prediction_cosine,31433,0.004901960784313725,0.9975490196078431
12,1,candidate,0.991421568627451,v_prediction_cosine,31433,0.006127450980392157,0.9975490196078431
13,1,candidate,0.9865196078431373,v_prediction_cosine,31433,0.007352941176470588,0.9938725490196079
14,1,candidate,0.9926470588235294,v_prediction_cosine,31433,0.003676470588235294,0.9963235294117647
15,1,candidate,0.9963235294117647,v_prediction_cosine,31433,0.0012254901960784314,0.9975490196078431
16,1,candidate,0.9926470588235294,v_prediction_cosine,31433,0.0012254901960784314,0.9938725490196079
17,1,candidate,0.9963235294117647,v_prediction_cosine,31433,0.0,0.9963235294117647
18,1,candidate,0.9926470588235294,v_prediction_cosine,31433,0.0,0.9926470588235294
19,1,candidate,0.9975490196078431,v_prediction_cosine,31433,0.0,0.9975490196078431
20,1,candidate,1.0,v_prediction_cosine,31433,0.0,1.0
21,1,candidate,0.991421568627451,v_prediction_cosine,31433,0.003676470588235294,0.9950980392156863
22,1,candidate,0.9987745098039216,v_prediction_cosine,31433,0.0,0.9987745098039216
0,2,candidate,0.9975490196078431,v_prediction_cosine,31433,0.0,0.9975490196078431
1,2,candidate,0.9938725490196079,v_prediction_cosine,31433,0.0,0.9938725490196079
2,2,candidate,0.991421568627451,v_prediction_cosine,31433,0.0012254901960784314,0.9926470588235294
3,2,candidate,0.9963235294117647,v_prediction_cosine,31433,0.0,0.9963235294117647
4,2,candidate,0.9975490196078431,v_prediction_cosine,31433,0.0,0.9975490196078431
5,2,candidate,0.991421568627451,v_prediction_cosine,31433,0.0024509803921568627,0.9938725490196079
6,2,candidate,0.9938725490196079,v_prediction_cosine,31433,0.0024509803921568627,0.9963235294117647
7,2,candidate,0.9963235294117647,v_prediction_cosine,31433,0.0,0.9963235294117647
8,2,candidate,0.991421568627451,v_prediction_cosine,31433,0.0,0.991421568627451
9,2,candidate,0.991421568627451,v_prediction_cosine,31433,0.0024509803921568627,0.9938725490196079
10,2,candidate,0.9889705882352942,v_prediction_cosine,31433,0.003676470588235294,0.9926470588235294
11,2,candidate,0.9889705882352942,v_prediction_cosine,31433,0.006127450980392157,0.9950980392156863
12,2,candidate,0.991421568627451,v_prediction_cosine,31433,0.004901960784313725,0.9963235294117647
13,2,candidate,0.9877450980392157,v_prediction_cosine,31433,0.00857843137254902,0.9963235294117647
14,2,candidate,0.9938725490196079,v_prediction_cosine,31433,0.0024509803921568627,0.9963235294117647
15,2,candidate,0.9865196078431373,v_prediction_cosine,31433,0.003676470588235294,0.9901960784313726
16,2,candidate,0.9950980392156863,v_prediction_cosine,31433,0.0,0.9950980392156863
17,2,candidate,0.9926470588235294,v_prediction_cosine,31433,0.003676470588235294,0.9963235294117647
18,2,candidate,0.9901960784313726,v_prediction_cosine,31433,0.0,0.9901960784313726
19,2,candidate,0.9926470588235294,v_prediction_cosine,31433,0.0012254901960784314,0.9938725490196079
20,2,candidate,0.9950980392156863,v_prediction_cosine,31433,0.0,0.9950980392156863
21,2,candidate,0.991421568627451,v_prediction_cosine,31433,0.003676470588235294,0.9950980392156863
22,2,candidate,0.9963235294117647,v_prediction_cosine,31433,0.0,0.9963235294117647
0,3,candidate,0.9963235294117647,v_prediction_cosine,31433,0.0012254901960784314,0.9975490196078431
1,3,candidate,0.9938725490196079,v_prediction_cosine,31433,0.0,0.9938725490196079
2,3,candidate,0.9950980392156863,v_prediction_cosine,31433,0.0,0.9950980392156863
3,3,candidate,0.9950980392156863,v_prediction_cosine,31433,0.0012254901960784314,0.9963235294117647
4,3,candidate,0.9950980392156863,v_prediction_cosine,31433,0.0,0.9950980392156863
5,3,candidate,0.9938725490196079,v_prediction_cosine,31433,0.0,0.9938725490196079
6,3,candidate,0.9950980392156863,v_prediction_cosine,31433,0.0012254901960784314,0.9963235294117647
7,3,candidate,0.9938725490196079,v_prediction_cosine,31433,0.0024509803921568627,0.9963235294117647
8,3,candidate,0.9901960784313726,v_prediction_cosine,31433,0.0024509803921568627,0.9926470588235294
9,3,candidate,0.9926470588235294,v_prediction_cosine,31433,0.004901960784313725,0.9975490196078431
10,3,candidate,0.9889705882352942,v_prediction_cosine,31433,0.003676470588235294,0.9926470588235294
11,3,candidate,0.9865196078431373,v_prediction_cosine,31433,0.006127450980392157,0.9926470588235294
12,3,candidate,0.9828431372549019,v_prediction_cosine,31433,0.012254901960784314,0.9950980392156863
13,3,candidate,0.991421568627451,v_prediction_cosine,31433,0.003676470588235294,0.9950980392156863
14,3,candidate,0.9987745098039216,v_prediction_cosine,31433,0.0,0.9987745098039216
15,3,candidate,0.9852941176470589,v_prediction_cosine,31433,0.007352941176470588,0.9926470588235294
16,3,candidate,0.9950980392156863,v_prediction_cosine,31433,0.0,0.9950980392156863
17,3,candidate,0.9938725490196079,v_prediction_cosine,31433,0.0012254901960784314,0.9950980392156863
18,3,candidate,0.9975490196078431,v_prediction_cosine,31433,0.0,0.9975490196078431
19,3,candidate,0.9987745098039216,v_prediction_cosine,31433,0.0,0.9987745098039216
20,3,candidate,0.9938725490196079,v_prediction_cosine,31433,0.0,0.9938725490196079
21,3,candidate,0.9963235294117647,v_prediction_cosine,31433,0.0,0.9963235294117647
22,3,candidate,0.9975490196078431,v_prediction_cosine,31433,0.0,0.9975490196078431
