status,started_at,finished_at,duration_sec,worker_returncode,worker_timeout,worker_stderr_tail,window_idx,condition,visible_seed,window_t,source_file,baseline,action_source,future_key,future_mae,primitive,has_params,pose0_x,pose0_y,pose0_z,pose1_x,pose1_y,pose1_z,pose0_quat_norm,pose1_quat_norm,pull_xy_len,action_valid,action_l2_to_gt,action_mae_to_gt,action_max_abs_to_gt,action_cosine_to_gt,action_norm,gt_action_norm,pose0_xy_dist_to_gt,pose0_z_abs_diff_to_gt,pose1_xy_dist_to_gt,pose1_z_abs_diff_to_gt,pull_angle_deg_to_gt,pull_len_ratio_to_gt,exec_success,exec_done,exec_reward,exec_final_fraction_before,exec_final_fraction_after,exec_delta_final_fraction,exec_prefix_state_mae,exec_prefix_state_l2,exec_prefix_source,exec_failure_reason,scope,action_repr
ok,2026-07-06T19:35:43+0800,2026-07-06T19:35:56+0800,12.987,0,0,"/miniforge3/envs/coord_bimanual/lib/python3.9/site-packages/wandb/apis/public.py:2997: UserWarning: pkg_resources is deprecated as an API. See https://setuptools.pypa.io/en/latest/pkg_resources.html. The pkg_resources package is slated for removal as early as 2025-11-30. Refrain from using this package or pin to Setuptools<81.
  from pkg_resources import parse_version

{""condition"": ""free"", ""delta"": 0.9166666666666666, ""source"": ""gt_reference"", ""status"": ""ok""}
",0,free,1000,0,000000-9.pkl,state_action,gt_reference,y_state,0.055330920964479446,pick_place,True,0.668749988079071,0.40625,0.03550928086042404,0.3997460603713989,-0.016988500952720642,-0.00808842945843935,1.0,1.0,0.5014917165924684,True,0.0,0.0,0.0,1.0000000000000002,1.665436029434204,1.665436029434204,0.0,0.0,0.0,0.0,1.2074182697257333e-06,1.0,0,0,0.9166666666666666,0.0,0.9166666666666666,0.9166666666666666,0.003817483317106962,0.09245157986879349,raw_action_file_high_confidence,,phase3_9_geometry_idm_controlled_retry_no_phase4_no_cps,"{""camera_config"": [{""image_size"": [480, 640], ""intrinsics"": [450.0, 0, 320.0, 0, 450.0, 240.0, 0, 0, 1], ""position"": [1.0, 0, 0.75], ""rotation"": [0.6532814824381883, 0.6532814824381884, -0.2705980500730986, -0.27059805007309845], ""zrange"": [0.01, 10.0], ""noise"": false}, {""image_size"": [480, 640], ""intrinsics"": [450.0, 0, 320.0, 0, 450.0, 240.0, 0, 0, 1], ""position"": [0, 0.5, 0.75], ""rotation"": [-0.3596047974904982, 0.8681627791959909, -0.3159854101251621, 0.1308854423858669], ""zrange"": [0.01, 10.0], ""noise"": false}, {""image_size"": [480, 640], ""intrinsics"": [450.0, 0, 320.0, 0, 450.0, 240.0, 0, 0, 1], ""position"": [0, -0.5, 0.75], ""rotation"": [-0.8681627791959909, 0.3596047974904982, -0.13088544238586683, 0.3159854101251621], ""zrange"": [0.01, 10.0], ""noise"": false}], ""primitive"": ""pick_place"", ""params"": {""pose0"": [[0.668749988079071, 0.40625, 0.03550928086042404], [0.0, 0.0, 0.0, 1.0]], ""pose1"": [[0.3997460603713989, -0.016988500952720642, -0.00808842945843935], [0.0, 0.0, 0.0, 1.0]]}}"
ok,2026-07-06T19:35:56+0800,2026-07-06T19:36:06+0800,9.390,0,0,"/miniforge3/envs/coord_bimanual/lib/python3.9/site-packages/wandb/apis/public.py:2997: UserWarning: pkg_resources is deprecated as an API. See https://setuptools.pypa.io/en/latest/pkg_resources.html. The pkg_resources package is slated for removal as early as 2025-11-30. Refrain from using this package or pin to Setuptools<81.
  from pkg_resources import parse_version

{""condition"": ""free"", ""delta"": 0.0, ""source"": ""old_idm_gt_future"", ""status"": ""ok""}
",0,free,1000,0,000000-9.pkl,state_action,old_idm_gt_future,y_state,0.055330920964479446,pick_place,True,0.6872899532318115,0.37839624285697937,0.02587382309138775,0.38476863503456116,-0.012341138906776905,0.002450771862640977,1.0000000000000016,0.9999999403953582,0.49416075266192216,True,0.039615657180547714,0.006156672723591328,0.02785375714302063,0.9997180127378612,1.6626561880111694,1.665436029434204,0.03345985796214927,0.009635457769036293,0.015681876281447585,0.010539201321080327,5.308760409848856,0.985381684905269,0,0,0.0,0.0,0.0,0.0,0.003830097382888198,0.09244836121797562,raw_action_file_high_confidence,,phase3_9_geometry_idm_controlled_retry_no_phase4_no_cps,"{""camera_config"": [{""image_size"": [480, 640], ""intrinsics"": [450.0, 0, 320.0, 0, 450.0, 240.0, 0, 0, 1], ""position"": [1.0, 0, 0.75], ""rotation"": [0.6532814824381883, 0.6532814824381884, -0.2705980500730986, -0.27059805007309845], ""zrange"": [0.01, 10.0], ""noise"": false}, {""image_size"": [480, 640], ""intrinsics"": [450.0, 0, 320.0, 0, 450.0, 240.0, 0, 0, 1], ""position"": [0, 0.5, 0.75], ""rotation"": [-0.3596047974904982, 0.8681627791959909, -0.3159854101251621, 0.1308854423858669], ""zrange"": [0.01, 10.0], ""noise"": false}, {""image_size"": [480, 640], ""intrinsics"": [450.0, 0, 320.0, 0, 450.0, 240.0, 0, 0, 1], ""position"": [0, -0.5, 0.75], ""rotation"": [-0.8681627791959909, 0.3596047974904982, -0.13088544238586683, 0.3159854101251621], ""zrange"": [0.01, 10.0], ""noise"": false}], ""primitive"": ""pick_place"", ""params"": {""pose0"": [[0.6872899532318115, 0.37839624285697937, 0.02587382309138775], [-5.5747396032757024e-08, 6.306841715542078e-10, 2.0122752353302076e-09, 1.0]], ""pose1"": [[0.38476863503456116, -0.012341138906776905, 0.002450771862640977], [4.7320277474227623e-08, -4.955422738817106e-08, -3.4006575333478395e-08, 0.9999999403953552]]}}"
ok,2026-07-06T19:36:06+0800,2026-07-06T19:36:19+0800,13.017,0,0,"/miniforge3/envs/coord_bimanual/lib/python3.9/site-packages/wandb/apis/public.py:2997: UserWarning: pkg_resources is deprecated as an API. See https://setuptools.pypa.io/en/latest/pkg_resources.html. The pkg_resources package is slated for removal as early as 2025-11-30. Refrain from using this package or pin to Setuptools<81.
  from pkg_resources import parse_version

{""condition"": ""free"", ""delta"": 0.9166666666666666, ""source"": ""phase39_idm_gt_future"", ""status"": ""ok""}
",0,free,1000,0,000000-9.pkl,state_action,phase39_idm_gt_future,y_state,0.055330920964479446,pick_place,True,0.6667659282684326,0.4160436689853668,0.02798321470618248,0.3921559154987335,-0.02392488345503807,-0.008030509576201439,1.0,1.0,0.5186356970455076,True,0.016193244606256485,0.0024205923546105623,0.009793668985366821,0.9999527340338603,1.6651952266693115,1.665436029434204,0.00999261955280629,0.007526066154241562,0.010282203139721776,5.7919882237911224e-05,0.46872656086542064,1.0341859693506585,0,0,0.9166666666666666,0.0,0.9166666666666666,0.9166666666666666,0.0038309097290039062,0.0924571081995964,raw_action_file_high_confidence,,phase3_9_geometry_idm_controlled_retry_no_phase4_no_cps,"{""camera_config"": [{""image_size"": [480, 640], ""intrinsics"": [450.0, 0, 320.0, 0, 450.0, 240.0, 0, 0, 1], ""position"": [1.0, 0, 0.75], ""rotation"": [0.6532814824381883, 0.6532814824381884, -0.2705980500730986, -0.27059805007309845], ""zrange"": [0.01, 10.0], ""noise"": false}, {""image_size"": [480, 640], ""intrinsics"": [450.0, 0, 320.0, 0, 450.0, 240.0, 0, 0, 1], ""position"": [0, 0.5, 0.75], ""rotation"": [-0.3596047974904982, 0.8681627791959909, -0.3159854101251621, 0.1308854423858669], ""zrange"": [0.01, 10.0], ""noise"": false}, {""image_size"": [480, 640], ""intrinsics"": [450.0, 0, 320.0, 0, 450.0, 240.0, 0, 0, 1], ""position"": [0, -0.5, 0.75], ""rotation"": [-0.8681627791959909, 0.3596047974904982, -0.13088544238586683, 0.3159854101251621], ""zrange"": [0.01, 10.0], ""noise"": false}], ""primitive"": ""pick_place"", ""params"": {""pose0"": [[0.6667659282684326, 0.4160436689853668, 0.02798321470618248], [-1.0391656424246776e-08, 5.425662585878399e-09, 9.305523462899146e-09, 1.0]], ""pose1"": [[0.3921559154987335, -0.02392488345503807, -0.008030509576201439], [-7.089886455702299e-09, 1.3968359802163377e-08, -1.2598894150173123e-09, 1.0]]}}"
ok,2026-07-06T19:36:19+0800,2026-07-06T19:36:30+0800,11.151,0,0,"/miniforge3/envs/coord_bimanual/lib/python3.9/site-packages/wandb/apis/public.py:2997: UserWarning: pkg_resources is deprecated as an API. See https://setuptools.pypa.io/en/latest/pkg_resources.html. The pkg_resources package is slated for removal as early as 2025-11-30. Refrain from using this package or pin to Setuptools<81.
  from pkg_resources import parse_version

{""condition"": ""free"", ""delta"": 0.0, ""source"": ""gt_reference"", ""status"": ""ok""}
",4,free,1000,1,000000-9.pkl,state_action,gt_reference,y_state,0.043516095727682114,pick_place,True,0.6000000238418579,0.23125000298023224,0.013128692284226418,0.6216307878494263,0.18776901066303253,0.0047466750256717205,1.0,1.0,0.04856425274252137,True,0.0,0.0,0.0,1.0000000000000002,1.683850884437561,1.683850884437561,0.0,0.0,0.0,0.0,0.0,1.0,0,0,0.0,0.0,0.0,0.0,0.0908975675702095,1.8503060340881348,raw_action_file_high_confidence,,phase3_9_geometry_idm_controlled_retry_no_phase4_no_cps,"{""camera_config"": [{""image_size"": [480, 640], ""intrinsics"": [450.0, 0, 320.0, 0, 450.0, 240.0, 0, 0, 1], ""position"": [1.0, 0, 0.75], ""rotation"": [0.6532814824381883, 0.6532814824381884, -0.2705980500730986, -0.27059805007309845], ""zrange"": [0.01, 10.0], ""noise"": false}, {""image_size"": [480, 640], ""intrinsics"": [450.0, 0, 320.0, 0, 450.0, 240.0, 0, 0, 1], ""position"": [0, 0.5, 0.75], ""rotation"": [-0.3596047974904982, 0.8681627791959909, -0.3159854101251621, 0.1308854423858669], ""zrange"": [0.01, 10.0], ""noise"": false}, {""image_size"": [480, 640], ""intrinsics"": [450.0, 0, 320.0, 0, 450.0, 240.0, 0, 0, 1], ""position"": [0, -0.5, 0.75], ""rotation"": [-0.8681627791959909, 0.3596047974904982, -0.13088544238586683, 0.3159854101251621], ""zrange"": [0.01, 10.0], ""noise"": false}], ""primitive"": ""pick_place"", ""params"": {""pose0"": [[0.6000000238418579, 0.23125000298023224, 0.013128692284226418], [0.0, 0.0, 0.0, 1.0]], ""pose1"": [[0.6216307878494263, 0.18776901066303253, 0.0047466750256717205], [0.0, 0.0, 0.0, 1.0]]}}"
ok,2026-07-06T19:36:30+0800,2026-07-06T19:36:41+0800,11.204,0,0,"/miniforge3/envs/coord_bimanual/lib/python3.9/site-packages/wandb/apis/public.py:2997: UserWarning: pkg_resources is deprecated as an API. See https://setuptools.pypa.io/en/latest/pkg_resources.html. The pkg_resources package is slated for removal as early as 2025-11-30. Refrain from using this package or pin to Setuptools<81.
  from pkg_resources import parse_version

{""condition"": ""free"", ""delta"": 0.0, ""source"": ""old_idm_gt_future"", ""status"": ""ok""}
",4,free,1000,1,000000-9.pkl,state_action,old_idm_gt_future,y_state,0.043516095727682114,pick_place,True,0.6340979337692261,0.3086932301521301,0.015534686855971813,0.6389330625534058,0.11077744513750076,0.0037453784607350826,1.0000000000000004,1.000000000000001,0.19797483786662534,True,0.11573237180709839,0.01494588516652584,0.07744322717189789,0.997775304811007,1.7082546949386597,1.683850884437561,0.08461749757711519,0.0024059945717453957,0.07891178538091899,0.0010012965649366379,25.049786549671673,4.0765548049560465,0,0,0.0,0.0,0.0,0.0,0.09090293943881989,1.850305199623108,raw_action_file_high_confidence,,phase3_9_geometry_idm_controlled_retry_no_phase4_no_cps,"{""camera_config"": [{""image_size"": [480, 640], ""intrinsics"": [450.0, 0, 320.0, 0, 450.0, 240.0, 0, 0, 1], ""position"": [1.0, 0, 0.75], ""rotation"": [0.6532814824381883, 0.6532814824381884, -0.2705980500730986, -0.27059805007309845], ""zrange"": [0.01, 10.0], ""noise"": false}, {""image_size"": [480, 640], ""intrinsics"": [450.0, 0, 320.0, 0, 450.0, 240.0, 0, 0, 1], ""position"": [0, 0.5, 0.75], ""rotation"": [-0.3596047974904982, 0.8681627791959909, -0.3159854101251621, 0.1308854423858669], ""zrange"": [0.01, 10.0], ""noise"": false}, {""image_size"": [480, 640], ""intrinsics"": [450.0, 0, 320.0, 0, 450.0, 240.0, 0, 0, 1], ""position"": [0, -0.5, 0.75], ""rotation"": [-0.8681627791959909, 0.3596047974904982, -0.13088544238586683, 0.3159854101251621], ""zrange"": [0.01, 10.0], ""noise"": false}], ""primitive"": ""pick_place"", ""params"": {""pose0"": [[0.6340979337692261, 0.3086932301521301, 0.015534686855971813], [7.186086836696859e-09, -3.090096711844126e-08, -9.036448034294153e-09, 1.0]], ""pose1"": [[0.6389330625534058, 0.11077744513750076, 0.0037453784607350826], [-3.4178714969357316e-08, 2.6593992785706178e-08, 1.7295310072995562e-08, 1.0]]}}"
ok,2026-07-06T19:36:41+0800,2026-07-06T19:36:52+0800,11.418,0,0,"/miniforge3/envs/coord_bimanual/lib/python3.9/site-packages/wandb/apis/public.py:2997: UserWarning: pkg_resources is deprecated as an API. See https://setuptools.pypa.io/en/latest/pkg_resources.html. The pkg_resources package is slated for removal as early as 2025-11-30. Refrain from using this package or pin to Setuptools<81.
  from pkg_resources import parse_version

{""condition"": ""free"", ""delta"": 0.0, ""source"": ""phase39_idm_gt_future"", ""status"": ""ok""}
",4,free,1000,1,000000-9.pkl,state_action,phase39_idm_gt_future,y_state,0.043516095727682114,pick_place,True,0.5945073366165161,0.23299673199653625,0.013564304448664188,0.6181025505065918,0.18007983267307281,0.004707728046923876,1.0,1.0,0.05793903996898797,True,0.010246163234114647,0.0013522442895919085,0.007689177989959717,0.9999840602841271,1.6800035238265991,1.683850884437561,0.0057637379548198895,0.00043561216443777084,0.008460018729805072,3.8946978747844696e-05,2.417554875962684,1.1930388443567737,0,0,0.0,0.0,0.0,0.0,0.09090156108140945,1.850306510925293,raw_action_file_high_confidence,,phase3_9_geometry_idm_controlled_retry_no_phase4_no_cps,"{""camera_config"": [{""image_size"": [480, 640], ""intrinsics"": [450.0, 0, 320.0, 0, 450.0, 240.0, 0, 0, 1], ""position"": [1.0, 0, 0.75], ""rotation"": [0.6532814824381883, 0.6532814824381884, -0.2705980500730986, -0.27059805007309845], ""zrange"": [0.01, 10.0], ""noise"": false}, {""image_size"": [480, 640], ""intrinsics"": [450.0, 0, 320.0, 0, 450.0, 240.0, 0, 0, 1], ""position"": [0, 0.5, 0.75], ""rotation"": [-0.3596047974904982, 0.8681627791959909, -0.3159854101251621, 0.1308854423858669], ""zrange"": [0.01, 10.0], ""noise"": false}, {""image_size"": [480, 640], ""intrinsics"": [450.0, 0, 320.0, 0, 450.0, 240.0, 0, 0, 1], ""position"": [0, -0.5, 0.75], ""rotation"": [-0.8681627791959909, 0.3596047974904982, -0.13088544238586683, 0.3159854101251621], ""zrange"": [0.01, 10.0], ""noise"": false}], ""primitive"": ""pick_place"", ""params"": {""pose0"": [[0.5945073366165161, 0.23299673199653625, 0.013564304448664188], [7.868467655214317e-09, 5.503809075158017e-10, 9.938517564478389e-09, 1.0]], ""pose1"": [[0.6181025505065918, 0.18007983267307281, 0.004707728046923876], [2.911300367447467e-10, 5.335815345119954e-09, 3.2852338627265e-09, 1.0]]}}"
ok,2026-07-06T19:36:52+0800,2026-07-06T19:37:06+0800,13.892,0,0,"/miniforge3/envs/coord_bimanual/lib/python3.9/site-packages/wandb/apis/public.py:2997: UserWarning: pkg_resources is deprecated as an API. See https://setuptools.pypa.io/en/latest/pkg_resources.html. The pkg_resources package is slated for removal as early as 2025-11-30. Refrain from using this package or pin to Setuptools<81.
  from pkg_resources import parse_version

{""condition"": ""hidden_breakaway_pin"", ""delta"": 0.75, ""source"": ""gt_reference"", ""status"": ""ok""}
",3,hidden_breakaway_pin,1000,0,000000-4.pkl,state_action,gt_reference,y_state,0.04621757194399834,pick_place,True,0.671875,0.40625,0.03601432591676712,0.3977108895778656,-0.014461454004049301,-0.007450219243764877,1.0,1.0,0.5021594238623444,True,0.0,0.0,0.0,0.9999999999999999,1.666190505027771,1.666190505027771,0.0,0.0,0.0,0.0,1.2074182697257333e-06,1.0,0,0,0.75,0.0,0.75,0.75,0.003884389763697982,0.09271617233753204,raw_action_file_high_confidence,,phase3_9_geometry_idm_controlled_retry_no_phase4_no_cps,"{""camera_config"": [{""image_size"": [480, 640], ""intrinsics"": [450.0, 0, 320.0, 0, 450.0, 240.0, 0, 0, 1], ""position"": [1.0, 0, 0.75], ""rotation"": [0.6532814824381883, 0.6532814824381884, -0.2705980500730986, -0.27059805007309845], ""zrange"": [0.01, 10.0], ""noise"": false}, {""image_size"": [480, 640], ""intrinsics"": [450.0, 0, 320.0, 0, 450.0, 240.0, 0, 0, 1], ""position"": [0, 0.5, 0.75], ""rotation"": [-0.3596047974904982, 0.8681627791959909, -0.3159854101251621, 0.1308854423858669], ""zrange"": [0.01, 10.0], ""noise"": false}, {""image_size"": [480, 640], ""intrinsics"": [450.0, 0, 320.0, 0, 450.0, 240.0, 0, 0, 1], ""position"": [0, -0.5, 0.75], ""rotation"": [-0.8681627791959909, 0.3596047974904982, -0.13088544238586683, 0.3159854101251621], ""zrange"": [0.01, 10.0], ""noise"": false}], ""primitive"": ""pick_place"", ""params"": {""pose0"": [[0.671875, 0.40625, 0.03601432591676712], [0.0, 0.0, 0.0, 1.0]], ""pose1"": [[0.3977108895778656, -0.014461454004049301, -0.007450219243764877], [0.0, 0.0, 0.0, 1.0]]}}"
ok,2026-07-06T19:37:06+0800,2026-07-06T19:37:20+0800,13.877,0,0,"/miniforge3/envs/coord_bimanual/lib/python3.9/site-packages/wandb/apis/public.py:2997: UserWarning: pkg_resources is deprecated as an API. See https://setuptools.pypa.io/en/latest/pkg_resources.html. The pkg_resources package is slated for removal as early as 2025-11-30. Refrain from using this package or pin to Setuptools<81.
  from pkg_resources import parse_version

{""condition"": ""hidden_breakaway_pin"", ""delta"": 0.041666666666666664, ""source"": ""old_idm_gt_future"", ""status"": ""ok""}
",3,hidden_breakaway_pin,1000,0,000000-4.pkl,state_action,old_idm_gt_future,y_state,0.04621757194399834,pick_place,True,0.6992624402046204,0.42327454686164856,0.026445746421813965,0.37959757447242737,0.00625365786254406,0.0025615037884563208,1.0000001192092915,0.9999999403953572,0.5254446195796322,True,0.044597167521715164,0.007344364188611507,0.02738744020462036,0.9996657919670124,1.6771907806396484,1.666190505027771,0.03224759024804991,0.009568579494953156,0.02751741346410258,0.010011723032221198,4.3807606137861175,1.046370125921745,0,0,0.041666666666666664,0.0,0.041666666666666664,0.041666666666666664,0.003834655974060297,0.0924902856349945,raw_action_file_high_confidence,,phase3_9_geometry_idm_controlled_retry_no_phase4_no_cps,"{""camera_config"": [{""image_size"": [480, 640], ""intrinsics"": [450.0, 0, 320.0, 0, 450.0, 240.0, 0, 0, 1], ""position"": [1.0, 0, 0.75], ""rotation"": [0.6532814824381883, 0.6532814824381884, -0.2705980500730986, -0.27059805007309845], ""zrange"": [0.01, 10.0], ""noise"": false}, {""image_size"": [480, 640], ""intrinsics"": [450.0, 0, 320.0, 0, 450.0, 240.0, 0, 0, 1], ""position"": [0, 0.5, 0.75], ""rotation"": [-0.3596047974904982, 0.8681627791959909, -0.3159854101251621, 0.1308854423858669], ""zrange"": [0.01, 10.0], ""noise"": false}, {""image_size"": [480, 640], ""intrinsics"": [450.0, 0, 320.0, 0, 450.0, 240.0, 0, 0, 1], ""position"": [0, -0.5, 0.75], ""rotation"": [-0.8681627791959909, 0.3596047974904982, -0.13088544238586683, 0.3159854101251621], ""zrange"": [0.01, 10.0], ""noise"": false}], ""primitive"": ""pick_place"", ""params"": {""pose0"": [[0.6992624402046204, 0.42327454686164856, 0.026445746421813965], [-5.3208008665706075e-08, -3.307003737518244e-08, 1.9309084109409014e-08, 1.0000001192092896]], ""pose1"": [[0.37959757447242737, 0.00625365786254406, 0.0025615037884563208], [5.6425058403419825e-08, -1.0820652818210874e-08, -2.641755258991907e-08, 0.9999999403953552]]}}"
ok,2026-07-06T19:37:20+0800,2026-07-06T19:37:33+0800,13.380,0,0,"/miniforge3/envs/coord_bimanual/lib/python3.9/site-packages/wandb/apis/public.py:2997: UserWarning: pkg_resources is deprecated as an API. See https://setuptools.pypa.io/en/latest/pkg_resources.html. The pkg_resources package is slated for removal as early as 2025-11-30. Refrain from using this package or pin to Setuptools<81.
  from pkg_resources import parse_version

{""condition"": ""hidden_breakaway_pin"", ""delta"": 0.875, ""source"": ""phase39_idm_gt_future"", ""status"": ""ok""}
",3,hidden_breakaway_pin,1000,0,000000-4.pkl,state_action,phase39_idm_gt_future,y_state,0.04621757194399834,pick_place,True,0.6647401452064514,0.4164722263813019,0.02798321470618248,0.3913610577583313,-0.019342249259352684,-0.007669896353036165,1.0000000000000002,1.0,0.5144612547431591,True,0.01685495674610138,0.002631325041875243,0.01022222638130188,0.9999494579687438,1.6642440557479858,1.666190505027771,0.012465956245535571,0.00803111121058464,0.008008902949877862,0.00021967710927128792,0.9916358784246609,1.0244978592379996,0,0,0.875,0.0,0.875,0.875,0.003814801573753357,0.09252864122390747,raw_action_file_high_confidence,,phase3_9_geometry_idm_controlled_retry_no_phase4_no_cps,"{""camera_config"": [{""image_size"": [480, 640], ""intrinsics"": [450.0, 0, 320.0, 0, 450.0, 240.0, 0, 0, 1], ""position"": [1.0, 0, 0.75], ""rotation"": [0.6532814824381883, 0.6532814824381884, -0.2705980500730986, -0.27059805007309845], ""zrange"": [0.01, 10.0], ""noise"": false}, {""image_size"": [480, 640], ""intrinsics"": [450.0, 0, 320.0, 0, 450.0, 240.0, 0, 0, 1], ""position"": [0, 0.5, 0.75], ""rotation"": [-0.3596047974904982, 0.8681627791959909, -0.3159854101251621, 0.1308854423858669], ""zrange"": [0.01, 10.0], ""noise"": false}, {""image_size"": [480, 640], ""intrinsics"": [450.0, 0, 320.0, 0, 450.0, 240.0, 0, 0, 1], ""position"": [0, -0.5, 0.75], ""rotation"": [-0.8681627791959909, 0.3596047974904982, -0.13088544238586683, 0.3159854101251621], ""zrange"": [0.01, 10.0], ""noise"": false}], ""primitive"": ""pick_place"", ""params"": {""pose0"": [[0.6647401452064514, 0.4164722263813019, 0.02798321470618248], [1.8527208212049118e-08, -6.8236634120921735e-09, -4.375694473424119e-09, 1.0]], ""pose1"": [[0.3913610577583313, -0.019342249259352684, -0.007669896353036165], [-4.867346525827543e-09, 2.9140114765624503e-09, -1.3970490542192238e-08, 1.0]]}}"
ok,2026-07-06T19:37:33+0800,2026-07-06T19:37:45+0800,11.272,0,0,"/miniforge3/envs/coord_bimanual/lib/python3.9/site-packages/wandb/apis/public.py:2997: UserWarning: pkg_resources is deprecated as an API. See https://setuptools.pypa.io/en/latest/pkg_resources.html. The pkg_resources package is slated for removal as early as 2025-11-30. Refrain from using this package or pin to Setuptools<81.
  from pkg_resources import parse_version

{""condition"": ""hidden_breakaway_pin"", ""delta"": 0.0, ""source"": ""gt_reference"", ""status"": ""ok""}
",7,hidden_breakaway_pin,1000,1,000000-4.pkl,state_action,gt_reference,y_state,0.05437381938099861,pick_place,True,0.609375,0.22812500596046448,0.013410571962594986,0.6213554739952087,0.1864524483680725,0.004288728814572096,1.0,1.0,0.04336050983834367,True,0.0,0.0,0.0,1.0,1.6865421533584595,1.6865421533584595,0.0,0.0,0.0,0.0,0.0,1.0,0,0,0.0,0.0,0.0,0.0,0.09095645695924759,1.851113200187683,raw_action_file_high_confidence,,phase3_9_geometry_idm_controlled_retry_no_phase4_no_cps,"{""camera_config"": [{""image_size"": [480, 640], ""intrinsics"": [450.0, 0, 320.0, 0, 450.0, 240.0, 0, 0, 1], ""position"": [1.0, 0, 0.75], ""rotation"": [0.6532814824381883, 0.6532814824381884, -0.2705980500730986, -0.27059805007309845], ""zrange"": [0.01, 10.0], ""noise"": false}, {""image_size"": [480, 640], ""intrinsics"": [450.0, 0, 320.0, 0, 450.0, 240.0, 0, 0, 1], ""position"": [0, 0.5, 0.75], ""rotation"": [-0.3596047974904982, 0.8681627791959909, -0.3159854101251621, 0.1308854423858669], ""zrange"": [0.01, 10.0], ""noise"": false}, {""image_size"": [480, 640], ""intrinsics"": [450.0, 0, 320.0, 0, 450.0, 240.0, 0, 0, 1], ""position"": [0, -0.5, 0.75], ""rotation"": [-0.8681627791959909, 0.3596047974904982, -0.13088544238586683, 0.3159854101251621], ""zrange"": [0.01, 10.0], ""noise"": false}], ""primitive"": ""pick_place"", ""params"": {""pose0"": [[0.609375, 0.22812500596046448, 0.013410571962594986], [0.0, 0.0, 0.0, 1.0]], ""pose1"": [[0.6213554739952087, 0.1864524483680725, 0.004288728814572096], [0.0, 0.0, 0.0, 1.0]]}}"
ok,2026-07-06T19:37:45+0800,2026-07-06T19:37:56+0800,11.333,0,0,"/miniforge3/envs/coord_bimanual/lib/python3.9/site-packages/wandb/apis/public.py:2997: UserWarning: pkg_resources is deprecated as an API. See https://setuptools.pypa.io/en/latest/pkg_resources.html. The pkg_resources package is slated for removal as early as 2025-11-30. Refrain from using this package or pin to Setuptools<81.
  from pkg_resources import parse_version

{""condition"": ""hidden_breakaway_pin"", ""delta"": 0.0, ""source"": ""old_idm_gt_future"", ""status"": ""ok""}
",7,hidden_breakaway_pin,1000,1,000000-4.pkl,state_action,old_idm_gt_future,y_state,0.05437381938099861,pick_place,True,0.6366445422172546,0.29326769709587097,0.011017014272511005,0.6123977303504944,0.09697837382555008,0.001020536758005619,0.9999999403953556,1.0000000000000007,0.19778120819638706,True,0.1144091784954071,0.014036139473319054,0.08947407454252243,0.9977268400960136,1.6958420276641846,1.6865421533584595,0.07062009728895594,0.0023935576900839806,0.08992136112429171,0.003268192056566477,23.081292708981096,4.561321094557086,0,0,0.0,0.0,0.0,0.0,0.09095156192779541,1.8512201309204102,raw_action_file_high_confidence,,phase3_9_geometry_idm_controlled_retry_no_phase4_no_cps,"{""camera_config"": [{""image_size"": [480, 640], ""intrinsics"": [450.0, 0, 320.0, 0, 450.0, 240.0, 0, 0, 1], ""position"": [1.0, 0, 0.75], ""rotation"": [0.6532814824381883, 0.6532814824381884, -0.2705980500730986, -0.27059805007309845], ""zrange"": [0.01, 10.0], ""noise"": false}, {""image_size"": [480, 640], ""intrinsics"": [450.0, 0, 320.0, 0, 450.0, 240.0, 0, 0, 1], ""position"": [0, 0.5, 0.75], ""rotation"": [-0.3596047974904982, 0.8681627791959909, -0.3159854101251621, 0.1308854423858669], ""zrange"": [0.01, 10.0], ""noise"": false}, {""image_size"": [480, 640], ""intrinsics"": [450.0, 0, 320.0, 0, 450.0, 240.0, 0, 0, 1], ""position"": [0, -0.5, 0.75], ""rotation"": [-0.8681627791959909, 0.3596047974904982, -0.13088544238586683, 0.3159854101251621], ""zrange"": [0.01, 10.0], ""noise"": false}], ""primitive"": ""pick_place"", ""params"": {""pose0"": [[0.6366445422172546, 0.29326769709587097, 0.011017014272511005], [-7.850267103037822e-10, -1.684319173023141e-08, -1.5000473752024845e-08, 0.9999999403953552]], ""pose1"": [[0.6123977303504944, 0.09697837382555008, 0.001020536758005619], [-1.7186537748514752e-09, 2.985948555078721e-08, -2.5879048237698044e-08, 1.0]]}}"
ok,2026-07-06T19:37:56+0800,2026-07-06T19:38:07+0800,11.174,0,0,"/miniforge3/envs/coord_bimanual/lib/python3.9/site-packages/wandb/apis/public.py:2997: UserWarning: pkg_resources is deprecated as an API. See https://setuptools.pypa.io/en/latest/pkg_resources.html. The pkg_resources package is slated for removal as early as 2025-11-30. Refrain from using this package or pin to Setuptools<81.
  from pkg_resources import parse_version

{""condition"": ""hidden_breakaway_pin"", ""delta"": 0.0, ""source"": ""phase39_idm_gt_future"", ""status"": ""ok""}
",7,hidden_breakaway_pin,1000,1,000000-4.pkl,state_action,phase39_idm_gt_future,y_state,0.05437381938099861,pick_place,True,0.6002554893493652,0.23329642415046692,0.013731423765420914,0.6186023950576782,0.17984311282634735,0.00419017905369401,1.0,1.0,0.05651429412620295,True,0.01269978191703558,0.0017194842221215367,0.009119510650634766,0.9999748288597257,1.682246208190918,1.6865421533584595,0.010483751265788838,0.00032085180282592773,0.007159801668997931,9.854976087808609e-05,2.904426047955991,1.303358616789773,0,0,0.0,0.0,0.0,0.0,0.0909469723701477,1.851091742515564,raw_action_file_high_confidence,,phase3_9_geometry_idm_controlled_retry_no_phase4_no_cps,"{""camera_config"": [{""image_size"": [480, 640], ""intrinsics"": [450.0, 0, 320.0, 0, 450.0, 240.0, 0, 0, 1], ""position"": [1.0, 0, 0.75], ""rotation"": [0.6532814824381883, 0.6532814824381884, -0.2705980500730986, -0.27059805007309845], ""zrange"": [0.01, 10.0], ""noise"": false}, {""image_size"": [480, 640], ""intrinsics"": [450.0, 0, 320.0, 0, 450.0, 240.0, 0, 0, 1], ""position"": [0, 0.5, 0.75], ""rotation"": [-0.3596047974904982, 0.8681627791959909, -0.3159854101251621, 0.1308854423858669], ""zrange"": [0.01, 10.0], ""noise"": false}, {""image_size"": [480, 640], ""intrinsics"": [450.0, 0, 320.0, 0, 450.0, 240.0, 0, 0, 1], ""position"": [0, -0.5, 0.75], ""rotation"": [-0.8681627791959909, 0.3596047974904982, -0.13088544238586683, 0.3159854101251621], ""zrange"": [0.01, 10.0], ""noise"": false}], ""primitive"": ""pick_place"", ""params"": {""pose0"": [[0.6002554893493652, 0.23329642415046692, 0.013731423765420914], [-8.900796544253353e-09, 3.7188763180040496e-09, 6.25805907095156e-10, 1.0]], ""pose1"": [[0.6186023950576782, 0.17984311282634735, 0.00419017905369401], [1.3846983559773207e-09, 8.881650970238297e-09, -9.845951609577241e-09, 1.0]]}}"
ok,2026-07-06T19:38:07+0800,2026-07-06T19:38:20+0800,12.676,0,0,"/miniforge3/envs/coord_bimanual/lib/python3.9/site-packages/wandb/apis/public.py:2997: UserWarning: pkg_resources is deprecated as an API. See https://setuptools.pypa.io/en/latest/pkg_resources.html. The pkg_resources package is slated for removal as early as 2025-11-30. Refrain from using this package or pin to Setuptools<81.
  from pkg_resources import parse_version

{""condition"": ""hidden_high_friction"", ""delta"": 0.8333333333333334, ""source"": ""gt_reference"", ""status"": ""ok""}
",2,hidden_high_friction,1000,0,000000-5.pkl,state_action,gt_reference,y_state,0.050519391894340515,pick_place,True,0.671875,0.40625,0.036113280802965164,0.3974373936653137,-0.014007208868861198,-0.007233931217342615,1.0,1.0,0.5019284026402151,True,0.0,0.0,0.0,0.9999999999999999,1.666122555732727,1.666122555732727,0.0,0.0,0.0,0.0,0.0,1.0,0,0,0.8333333333333334,0.0,0.8333333333333334,0.8333333333333334,0.004021942615509033,0.09313889592885971,raw_action_file_high_confidence,,phase3_9_geometry_idm_controlled_retry_no_phase4_no_cps,"{""camera_config"": [{""image_size"": [480, 640], ""intrinsics"": [450.0, 0, 320.0, 0, 450.0, 240.0, 0, 0, 1], ""position"": [1.0, 0, 0.75], ""rotation"": [0.6532814824381883, 0.6532814824381884, -0.2705980500730986, -0.27059805007309845], ""zrange"": [0.01, 10.0], ""noise"": false}, {""image_size"": [480, 640], ""intrinsics"": [450.0, 0, 320.0, 0, 450.0, 240.0, 0, 0, 1], ""position"": [0, 0.5, 0.75], ""rotation"": [-0.3596047974904982, 0.8681627791959909, -0.3159854101251621, 0.1308854423858669], ""zrange"": [0.01, 10.0], ""noise"": false}, {""image_size"": [480, 640], ""intrinsics"": [450.0, 0, 320.0, 0, 450.0, 240.0, 0, 0, 1], ""position"": [0, -0.5, 0.75], ""rotation"": [-0.8681627791959909, 0.3596047974904982, -0.13088544238586683, 0.3159854101251621], ""zrange"": [0.01, 10.0], ""noise"": false}], ""primitive"": ""pick_place"", ""params"": {""pose0"": [[0.671875, 0.40625, 0.036113280802965164], [0.0, 0.0, 0.0, 1.0]], ""pose1"": [[0.3974373936653137, -0.014007208868861198, -0.007233931217342615], [0.0, 0.0, 0.0, 1.0]]}}"
ok,2026-07-06T19:38:20+0800,2026-07-06T19:38:33+0800,13.198,0,0,"/miniforge3/envs/coord_bimanual/lib/python3.9/site-packages/wandb/apis/public.py:2997: UserWarning: pkg_resources is deprecated as an API. See https://setuptools.pypa.io/en/latest/pkg_resources.html. The pkg_resources package is slated for removal as early as 2025-11-30. Refrain from using this package or pin to Setuptools<81.
  from pkg_resources import parse_version

{""condition"": ""hidden_high_friction"", ""delta"": 0.08333333333333333, ""source"": ""old_idm_gt_future"", ""status"": ""ok""}
",2,hidden_high_friction,1000,0,000000-5.pkl,state_action,old_idm_gt_future,y_state,0.050519391894340515,pick_place,True,0.6860044598579407,0.4150821268558502,0.025715794414281845,0.3882003128528595,0.008635411038994789,0.0020865444093942642,1.0000001192092915,0.9999999403953572,0.5038712561475716,True,0.032720621675252914,0.005325687117874622,0.022642619907855988,0.9998132324802079,1.6716264486312866,1.666122555732727,0.016662775899440874,0.010397486388683319,0.0244542817974163,0.00932047562673688,3.0848330361074785,1.0038707781770004,0,0,0.08333333333333333,0.0,0.08333333333333333,0.08333333333333333,0.004020355176180601,0.09319628030061722,raw_action_file_high_confidence,,phase3_9_geometry_idm_controlled_retry_no_phase4_no_cps,"{""camera_config"": [{""image_size"": [480, 640], ""intrinsics"": [450.0, 0, 320.0, 0, 450.0, 240.0, 0, 0, 1], ""position"": [1.0, 0, 0.75], ""rotation"": [0.6532814824381883, 0.6532814824381884, -0.2705980500730986, -0.27059805007309845], ""zrange"": [0.01, 10.0], ""noise"": false}, {""image_size"": [480, 640], ""intrinsics"": [450.0, 0, 320.0, 0, 450.0, 240.0, 0, 0, 1], ""position"": [0, 0.5, 0.75], ""rotation"": [-0.3596047974904982, 0.8681627791959909, -0.3159854101251621, 0.1308854423858669], ""zrange"": [0.01, 10.0], ""noise"": false}, {""image_size"": [480, 640], ""intrinsics"": [450.0, 0, 320.0, 0, 450.0, 240.0, 0, 0, 1], ""position"": [0, -0.5, 0.75], ""rotation"": [-0.8681627791959909, 0.3596047974904982, -0.13088544238586683, 0.3159854101251621], ""zrange"": [0.01, 10.0], ""noise"": false}], ""primitive"": ""pick_place"", ""params"": {""pose0"": [[0.6860044598579407, 0.4150821268558502, 0.025715794414281845], [-5.880028908222812e-08, -1.9139601903361836e-08, 1.739480026685669e-08, 1.0000001192092896]], ""pose1"": [[0.3882003128528595, 0.008635411038994789, 0.0020865444093942642], [4.686140897547375e-08, -3.2198652633042e-08, -2.5453578800238574e-08, 0.9999999403953552]]}}"
ok,2026-07-06T19:38:34+0800,2026-07-06T19:38:47+0800,13.099,0,0,"/miniforge3/envs/coord_bimanual/lib/python3.9/site-packages/wandb/apis/public.py:2997: UserWarning: pkg_resources is deprecated as an API. See https://setuptools.pypa.io/en/latest/pkg_resources.html. The pkg_resources package is slated for removal as early as 2025-11-30. Refrain from using this package or pin to Setuptools<81.
  from pkg_resources import parse_version

{""condition"": ""hidden_high_friction"", ""delta"": 0.875, ""source"": ""phase39_idm_gt_future"", ""status"": ""ok""}
",2,hidden_high_friction,1000,0,000000-5.pkl,state_action,phase39_idm_gt_future,y_state,0.050519391894340515,pick_place,True,0.6637140512466431,0.4166925549507141,0.02798321470618248,0.3921458125114441,-0.023722000420093536,-0.0075074490159749985,1.0000000000000002,1.0,0.5174111410398932,True,0.019083993509411812,0.003000965341925621,0.010442554950714111,0.9999350386127827,1.6641302108764648,1.666122555732727,0.013253227473095068,0.008130066096782684,0.011062459310292781,0.00027351779863238335,1.486662346774391,1.0308465078250935,0,0,0.875,0.0,0.875,0.875,0.004067333415150642,0.09293539077043533,raw_action_file_high_confidence,,phase3_9_geometry_idm_controlled_retry_no_phase4_no_cps,"{""camera_config"": [{""image_size"": [480, 640], ""intrinsics"": [450.0, 0, 320.0, 0, 450.0, 240.0, 0, 0, 1], ""position"": [1.0, 0, 0.75], ""rotation"": [0.6532814824381883, 0.6532814824381884, -0.2705980500730986, -0.27059805007309845], ""zrange"": [0.01, 10.0], ""noise"": false}, {""image_size"": [480, 640], ""intrinsics"": [450.0, 0, 320.0, 0, 450.0, 240.0, 0, 0, 1], ""position"": [0, 0.5, 0.75], ""rotation"": [-0.3596047974904982, 0.8681627791959909, -0.3159854101251621, 0.1308854423858669], ""zrange"": [0.01, 10.0], ""noise"": false}, {""image_size"": [480, 640], ""intrinsics"": [450.0, 0, 320.0, 0, 450.0, 240.0, 0, 0, 1], ""position"": [0, -0.5, 0.75], ""rotation"": [-0.8681627791959909, 0.3596047974904982, -0.13088544238586683, 0.3159854101251621], ""zrange"": [0.01, 10.0], ""noise"": false}], ""primitive"": ""pick_place"", ""params"": {""pose0"": [[0.6637140512466431, 0.4166925549507141, 0.02798321470618248], [2.0331240691007224e-08, -6.798933416263253e-09, -3.015985683418876e-09, 1.0]], ""pose1"": [[0.3921458125114441, -0.023722000420093536, -0.0075074490159749985], [-8.643034732358501e-09, 4.053819946392423e-09, -1.542368011087092e-08, 1.0]]}}"
ok,2026-07-06T19:38:47+0800,2026-07-06T19:39:02+0800,14.892,0,0,"/miniforge3/envs/coord_bimanual/lib/python3.9/site-packages/wandb/apis/public.py:2997: UserWarning: pkg_resources is deprecated as an API. See https://setuptools.pypa.io/en/latest/pkg_resources.html. The pkg_resources package is slated for removal as early as 2025-11-30. Refrain from using this package or pin to Setuptools<81.
  from pkg_resources import parse_version

{""condition"": ""hidden_high_friction"", ""delta"": NaN, ""source"": ""gt_reference"", ""status"": ""ok""}
",6,hidden_high_friction,1000,1,000000-5.pkl,state_action,gt_reference,y_state,0.05457597225904465,pick_place,True,0.6000000238418579,0.24687500298023224,0.013311483897268772,0.6214526891708374,0.1858459711074829,0.0033436266239732504,1.0,1.0,0.06468971773815567,True,0.0,0.0,0.0,1.0000000000000002,1.6857869625091553,1.6857869625091553,0.0,0.0,0.0,0.0,0.0,1.0,1,1,0.0,nan,nan,nan,0.040394376963377,0.8685706257820129,raw_action_file_high_confidence,,phase3_9_geometry_idm_controlled_retry_no_phase4_no_cps,"{""camera_config"": [{""image_size"": [480, 640], ""intrinsics"": [450.0, 0, 320.0, 0, 450.0, 240.0, 0, 0, 1], ""position"": [1.0, 0, 0.75], ""rotation"": [0.6532814824381883, 0.6532814824381884, -0.2705980500730986, -0.27059805007309845], ""zrange"": [0.01, 10.0], ""noise"": false}, {""image_size"": [480, 640], ""intrinsics"": [450.0, 0, 320.0, 0, 450.0, 240.0, 0, 0, 1], ""position"": [0, 0.5, 0.75], ""rotation"": [-0.3596047974904982, 0.8681627791959909, -0.3159854101251621, 0.1308854423858669], ""zrange"": [0.01, 10.0], ""noise"": false}, {""image_size"": [480, 640], ""intrinsics"": [450.0, 0, 320.0, 0, 450.0, 240.0, 0, 0, 1], ""position"": [0, -0.5, 0.75], ""rotation"": [-0.8681627791959909, 0.3596047974904982, -0.13088544238586683, 0.3159854101251621], ""zrange"": [0.01, 10.0], ""noise"": false}], ""primitive"": ""pick_place"", ""params"": {""pose0"": [[0.6000000238418579, 0.24687500298023224, 0.013311483897268772], [0.0, 0.0, 0.0, 1.0]], ""pose1"": [[0.6214526891708374, 0.1858459711074829, 0.0033436266239732504], [0.0, 0.0, 0.0, 1.0]]}}"
ok,2026-07-06T19:39:02+0800,2026-07-06T19:39:17+0800,14.898,0,0,"/miniforge3/envs/coord_bimanual/lib/python3.9/site-packages/wandb/apis/public.py:2997: UserWarning: pkg_resources is deprecated as an API. See https://setuptools.pypa.io/en/latest/pkg_resources.html. The pkg_resources package is slated for removal as early as 2025-11-30. Refrain from using this package or pin to Setuptools<81.
  from pkg_resources import parse_version

{""condition"": ""hidden_high_friction"", ""delta"": NaN, ""source"": ""old_idm_gt_future"", ""status"": ""ok""}
",6,hidden_high_friction,1000,1,000000-5.pkl,state_action,old_idm_gt_future,y_state,0.05457597225904465,pick_place,True,0.6361978650093079,0.29687705636024475,0.011752673424780369,0.6125283241271973,0.11285414546728134,0.0012634873855859041,0.9999999403953559,1.0000000000000007,0.1855388878351098,True,0.09604528546333313,0.012268228456377983,0.07299182564020157,0.9984113582147737,1.697336196899414,1.6857869625091553,0.06172915881009197,0.0015588104724884033,0.07353537177251321,0.0020801392383873463,26.69667936264641,2.868135684037375,1,1,0.0,nan,nan,nan,0.04094427078962326,0.8718295097351074,raw_action_file_high_confidence,,phase3_9_geometry_idm_controlled_retry_no_phase4_no_cps,"{""camera_config"": [{""image_size"": [480, 640], ""intrinsics"": [450.0, 0, 320.0, 0, 450.0, 240.0, 0, 0, 1], ""position"": [1.0, 0, 0.75], ""rotation"": [0.6532814824381883, 0.6532814824381884, -0.2705980500730986, -0.27059805007309845], ""zrange"": [0.01, 10.0], ""noise"": false}, {""image_size"": [480, 640], ""intrinsics"": [450.0, 0, 320.0, 0, 450.0, 240.0, 0, 0, 1], ""position"": [0, 0.5, 0.75], ""rotation"": [-0.3596047974904982, 0.8681627791959909, -0.3159854101251621, 0.1308854423858669], ""zrange"": [0.01, 10.0], ""noise"": false}, {""image_size"": [480, 640], ""intrinsics"": [450.0, 0, 320.0, 0, 450.0, 240.0, 0, 0, 1], ""position"": [0, -0.5, 0.75], ""rotation"": [-0.8681627791959909, 0.3596047974904982, -0.13088544238586683, 0.3159854101251621], ""zrange"": [0.01, 10.0], ""noise"": false}], ""primitive"": ""pick_place"", ""params"": {""pose0"": [[0.6361978650093079, 0.29687705636024475, 0.011752673424780369], [2.181990144123347e-09, -3.3297066437398826e-08, -1.3827370359820179e-08, 0.9999999403953552]], ""pose1"": [[0.6125283241271973, 0.11285414546728134, 0.0012634873855859041], [-1.4347008914228354e-08, 3.0573254150567664e-08, -9.28451093784588e-09, 1.0]]}}"
ok,2026-07-06T19:39:17+0800,2026-07-06T19:39:31+0800,14.752,0,0,"/miniforge3/envs/coord_bimanual/lib/python3.9/site-packages/wandb/apis/public.py:2997: UserWarning: pkg_resources is deprecated as an API. See https://setuptools.pypa.io/en/latest/pkg_resources.html. The pkg_resources package is slated for removal as early as 2025-11-30. Refrain from using this package or pin to Setuptools<81.
  from pkg_resources import parse_version

{""condition"": ""hidden_high_friction"", ""delta"": NaN, ""source"": ""phase39_idm_gt_future"", ""status"": ""ok""}
",6,hidden_high_friction,1000,1,000000-5.pkl,state_action,phase39_idm_gt_future,y_state,0.05457597225904465,pick_place,True,0.5996838212013245,0.2472515106201172,0.013603752478957176,0.6211411356925964,0.1830666959285736,0.0036154831759631634,1.0,1.0,0.06767648618364534,True,0.0028674909844994545,0.0003105505311395973,0.0027792751789093018,0.9999985923719049,1.6853135824203491,1.6857869625091553,0.0004916727700127989,0.0002922685816884041,0.0027966830513852254,0.000271856551989913,0.8823301714368608,1.0461706829140793,1,1,0.0,nan,nan,nan,0.04094427078962326,0.8718295097351074,raw_action_file_high_confidence,,phase3_9_geometry_idm_controlled_retry_no_phase4_no_cps,"{""camera_config"": [{""image_size"": [480, 640], ""intrinsics"": [450.0, 0, 320.0, 0, 450.0, 240.0, 0, 0, 1], ""position"": [1.0, 0, 0.75], ""rotation"": [0.6532814824381883, 0.6532814824381884, -0.2705980500730986, -0.27059805007309845], ""zrange"": [0.01, 10.0], ""noise"": false}, {""image_size"": [480, 640], ""intrinsics"": [450.0, 0, 320.0, 0, 450.0, 240.0, 0, 0, 1], ""position"": [0, 0.5, 0.75], ""rotation"": [-0.3596047974904982, 0.8681627791959909, -0.3159854101251621, 0.1308854423858669], ""zrange"": [0.01, 10.0], ""noise"": false}, {""image_size"": [480, 640], ""intrinsics"": [450.0, 0, 320.0, 0, 450.0, 240.0, 0, 0, 1], ""position"": [0, -0.5, 0.75], ""rotation"": [-0.8681627791959909, 0.3596047974904982, -0.13088544238586683, 0.3159854101251621], ""zrange"": [0.01, 10.0], ""noise"": false}], ""primitive"": ""pick_place"", ""params"": {""pose0"": [[0.5996838212013245, 0.2472515106201172, 0.013603752478957176], [-5.1134994016877044e-09, 5.6475615295426e-09, -6.248408901399216e-09, 1.0]], ""pose1"": [[0.6211411356925964, 0.1830666959285736, 0.0036154831759631634], [-6.973566168966272e-09, 1.2887275246953322e-08, -6.528744656009167e-09, 1.0]]}}"
