visible_seed,condition_a,condition_b,file_a,file_b,initial_chamfer,initial_ordered_l2,action_distance,rgb_mean_abs_diff,rgb_max_abs_diff,depth_mean_abs_diff,depth_max_abs_diff,final_chamfer,final_ordered_l2,trajectory_chamfer,contact_diff,success_a,success_b,success_diff,final_fraction_a,final_fraction_b,final_curve_a,final_curve_b,branch_a,branch_b,visible_pass,action_pass,contact_pass,future_pass,ccda_state,ccda_success,failure_reason
0,free,hidden_pin,000000-9.pkl,000000-1.pkl,9.785133443074301e-05,4.8925667215371504e-05,4.975100200209017e-08,0.000539279542863369,53.0,1.9673956330734654e-07,0.0106581449508667,0.20195704698562622,0.14754392206668854,0.0795554369688034,True,True,False,True,1.0,0.0,0.004003699868917465,0.01109615620225668,success_line,pinned_bend,True,True,True,True,True,True,ccda_state
0,free,hidden_high_friction,000000-9.pkl,000000-6.pkl,0.0003622347430791706,0.0001811173715395853,1.327471772447688e-07,0.002865668386220932,105.0,1.0444690587974037e-06,0.024972140789031982,0.025410182774066925,0.020913556218147278,0.0165190229502817,True,True,True,False,1.0,1.0,0.004003699868917465,0.004212762229144573,success_line,weak_contact_success,True,True,True,False,False,False,future_not_different
0,hidden_pin,hidden_high_friction,000000-1.pkl,000000-6.pkl,0.00040880925371311605,0.00020440462685655802,1.1118360120022983e-07,0.0031684027053415775,105.0,1.1408104683141573e-06,0.025354087352752686,0.1814958155155182,0.13201792538166046,0.09723124653100967,True,False,True,True,0.0,1.0,0.01109615620225668,0.004212762229144573,pinned_bend,weak_contact_success,True,True,True,True,True,True,ccda_state
1,free,hidden_pin,000001-4.pkl,000001-1.pkl,5.975610110908747e-05,2.9878050554543734e-05,5.708936040211082e-07,0.000167100690305233,1.0,1.0951402629189033e-07,0.00030744075775146484,0.7065567970275879,0.4524337351322174,0.6728601455688477,True,True,False,True,1.0,0.0,0.0037665662821382284,0.013933178968727589,success_line,pinned_bend,True,True,True,True,True,True,ccda_state
1,free,hidden_high_friction,000001-4.pkl,000001-4.pkl,0.00017600726278033108,8.800363139016554e-05,5.151040650988844e-07,0.0007660590345039964,57.0,2.3051610753554996e-07,0.006247878074645996,0.0203392431139946,0.015684405341744423,0.021581109147518873,True,True,True,False,1.0,1.0,0.0037665662821382284,0.002890439936891198,success_line,weak_contact_success,True,True,True,False,False,False,future_not_different
1,hidden_pin,hidden_high_friction,000001-1.pkl,000001-4.pkl,0.00015326337597798556,7.663168798899278e-05,7.648251592801497e-08,0.0007400173344649374,57.0,1.9327329425777862e-07,0.006080269813537598,0.6818637847900391,0.4407462775707245,0.7999424338340759,True,False,True,True,0.0,1.0,0.013933178968727589,0.002890439936891198,pinned_bend,weak_contact_success,True,True,True,True,True,True,ccda_state
2,free,hidden_pin,000002-6.pkl,000002-1.pkl,7.239668775582686e-05,3.619834387791343e-05,5.602115533139266e-07,0.00023437499476131052,78.0,1.240880607156214e-07,0.009151816368103027,0.2451370656490326,0.19519193470478058,0.20344898104667664,True,True,False,True,1.0,0.0,0.0022835840936750174,0.015449763275682926,success_line,pinned_bend,True,True,True,True,True,True,ccda_state
2,free,hidden_high_friction,000002-6.pkl,000002-6.pkl,0.0005556599353440106,0.0002778299676720053,3.1479272342063244e-07,0.0023231336381286383,98.0,1.296764480684942e-06,0.027084946632385254,0.01858137920498848,0.013699513860046864,0.018822448949019115,True,True,True,False,1.0,1.0,0.0022835840936750174,0.005415129009634256,success_line,weak_contact_success,True,True,True,False,False,False,future_not_different
2,hidden_pin,hidden_high_friction,000002-1.pkl,000002-6.pkl,0.000573798781260848,0.000286899390630424,3.199173599049183e-07,0.0021690537687391043,98.0,1.2248005987203214e-06,0.027084946632385254,0.25146663188934326,0.20404599606990814,0.19536234438419342,True,False,True,True,0.0,1.0,0.015449763275682926,0.005415129009634256,pinned_bend,weak_contact_success,True,True,True,True,True,True,ccda_state
3,free,hidden_pin,000003-3.pkl,000003-20.pkl,0.00011746954260161147,5.873477130080573e-05,3.87246756589149e-07,0.000668402761220932,91.0,3.0332964229273784e-07,0.026467978954315186,0.157953143119812,0.17050862312316895,0.13820150991280875,True,True,False,True,1.0,0.0,0.0037620507646352053,0.011371787637472153,success_line,pinned_bend,True,True,True,True,True,True,ccda_state
3,free,hidden_high_friction,000003-3.pkl,000003-2.pkl,0.00031887003569863737,0.00015943501784931868,6.285314251632466e-07,0.001489800401031971,100.0,5.770880306954496e-07,0.019331395626068115,0.015235578641295433,0.017027324065566063,0.015843281522393227,True,True,True,False,1.0,1.0,0.0037620507646352053,0.0033699246123433113,success_line,weak_contact_success,True,True,True,False,False,False,future_not_different
3,hidden_pin,hidden_high_friction,000003-20.pkl,000003-2.pkl,0.0003021460142917931,0.00015107300714589655,7.633656447045747e-07,0.0013986545382067561,101.0,5.61712681701465e-07,0.026467978954315186,0.16504836082458496,0.16795599460601807,0.14323818683624268,True,False,True,True,0.0,1.0,0.011371787637472153,0.0033699246123433113,pinned_bend,weak_contact_success,True,True,True,True,True,True,ccda_state
4,free,hidden_pin,000004-7.pkl,000004-1.pkl,6.312293407972902e-05,3.156146703986451e-05,1.845373962960484e-07,0.00034722223062999547,34.0,1.3228854811586643e-07,0.0011001229286193848,0.42144694924354553,0.24681372940540314,0.3409407138824463,True,True,False,True,1.0,0.0,0.00433123204857111,0.013283107429742813,success_line,pinned_bend,True,True,True,True,True,True,ccda_state
4,free,hidden_high_friction,000004-7.pkl,000004-4.pkl,0.0004610428586602211,0.00023052142933011055,1.6857549261268495e-07,0.005302734207361937,117.0,1.8989475165653857e-06,0.029581427574157715,0.018589895218610764,0.017574550583958626,0.022453985642641783,True,True,True,False,1.0,1.0,0.00433123204857111,0.006053811404854059,success_line,weak_contact_success,True,True,True,False,False,False,future_not_different
4,hidden_pin,hidden_high_friction,000004-1.pkl,000004-4.pkl,0.00045388596481643617,0.00022694298240821809,6.520198817801807e-08,0.0053634983487427235,117.0,1.8446606873112614e-06,0.029581427574157715,0.4121096134185791,0.23738126456737518,0.3933402895927429,True,False,True,True,0.0,1.0,0.013283107429742813,0.006053811404854059,pinned_bend,weak_contact_success,True,True,True,True,True,True,ccda_state
5,free,hidden_pin,000005-2.pkl,000005-20.pkl,7.178867963375524e-05,3.589433981687762e-05,2.8999256283459072e-08,0.0009537760633975267,68.0,2.822836790983274e-07,0.017320454120635986,0.20922808349132538,0.20465199649333954,0.20625187456607819,True,True,False,True,1.0,0.125,0.001772611285559833,0.015979046002030373,success_line,pinned_bend,True,True,True,True,True,True,ccda_state
5,free,hidden_high_friction,000005-2.pkl,000005-4.pkl,0.0003059457230847329,0.00015297286154236645,7.892277998117996e-07,0.004012587014585733,95.0,1.0855328582692891e-06,0.01725250482559204,0.015788046643137932,0.014571177773177624,0.014698258135467768,True,True,True,False,1.0,1.0,0.001772611285559833,0.005076387897133827,success_line,weak_contact_success,True,True,True,False,False,False,future_not_different
5,hidden_pin,hidden_high_friction,000005-20.pkl,000005-4.pkl,0.0003008240310009569,0.00015041201550047845,8.164304792397208e-07,0.0037489149253815413,95.0,1.0753602737167967e-06,0.01705831289291382,0.20922495424747467,0.19360236823558807,0.18344860151410103,True,False,True,True,0.125,1.0,0.015979046002030373,0.005076387897133827,pinned_bend,weak_contact_success,True,True,True,True,True,True,ccda_state
6,free,hidden_pin,000006-6.pkl,000006-1.pkl,0.00010104302782565355,5.0521513912826777e-05,7.872054025087833e-08,0.0009559461614117026,100.0,2.350916190607677e-07,0.010239005088806152,0.17786309123039246,0.12163203209638596,0.04402008280158043,True,True,False,True,1.0,0.0,0.002202903153374791,0.009461138397455215,success_line,pinned_bend,True,True,True,True,True,True,ccda_state
6,free,hidden_high_friction,000006-6.pkl,000006-8.pkl,0.00041788563248701394,0.00020894281624350697,3.436514391494286e-07,0.0034266493748873472,104.0,9.789717978492263e-07,0.025508880615234375,0.021463412791490555,0.014326010830700397,0.020865156936148804,True,True,True,False,1.0,1.0,0.002202903153374791,0.003119190689176321,success_line,weak_contact_success,True,True,True,False,False,False,future_not_different
6,hidden_pin,hidden_high_friction,000006-1.pkl,000006-8.pkl,0.0003508421068545431,0.00017542105342727154,3.745088226376585e-07,0.0031586370896548033,104.0,9.7172392088396e-07,0.025538980960845947,0.19617679715156555,0.12534809112548828,0.034755416214466095,True,False,True,True,0.0,1.0,0.009461138397455215,0.003119190689176321,pinned_bend,weak_contact_success,True,True,True,True,True,True,ccda_state
7,free,hidden_pin,000007-3.pkl,000007-1.pkl,7.079343049554154e-05,3.539671524777077e-05,6.827473374538716e-08,0.00043077257578261197,71.0,1.5273553799488582e-07,0.010040581226348877,0.18074756860733032,0.17427130043506622,0.2709910571575165,True,True,False,True,1.0,0.16666666666666666,0.004174347501248121,0.013671747408807278,success_line,pinned_bend,True,True,True,True,True,True,ccda_state
7,free,hidden_high_friction,000007-3.pkl,000007-6.pkl,0.00042769688297994435,0.00021384844148997217,6.870334788812203e-08,0.0020084634888917208,67.0,8.845738648233237e-07,0.03449738025665283,0.009684016928076744,0.012175378389656544,0.038500700145959854,True,True,True,False,1.0,1.0,0.004174347501248121,0.004353117663413286,success_line,weak_contact_success,True,True,True,False,False,False,future_not_different
7,hidden_pin,hidden_high_friction,000007-1.pkl,000007-6.pkl,0.0003798305115196854,0.0001899152557598427,4.0930988145735136e-08,0.0018858506809920073,72.0,8.239280759880785e-07,0.03449738025665283,0.18985645473003387,0.1820526123046875,0.31336331367492676,True,False,True,True,0.16666666666666666,1.0,0.013671747408807278,0.004353117663413286,pinned_bend,weak_contact_success,True,True,True,True,True,True,ccda_state
8,free,hidden_pin,000008-6.pkl,000008-1.pkl,3.935714266845025e-05,1.9678571334225126e-05,1.3816568091649308e-08,0.0004264322924427688,106.0,9.570455006269185e-08,0.014365851879119873,0.2976859509944916,0.21682007610797882,0.2187138795852661,True,True,False,True,1.0,0.0,0.0016349427169188857,0.012875393033027649,success_line,pinned_bend,True,True,True,True,True,True,ccda_state
8,free,hidden_high_friction,000008-6.pkl,000008-6.pkl,0.00012204993981868029,6.22364750597626e-05,1.9373497447564399e-07,0.0010221353732049465,110.0,3.629249647474353e-07,0.027354061603546143,0.012533910572528839,0.012060470879077911,0.024829337373375893,True,True,True,False,1.0,1.0,0.0016349427169188857,0.0044477349147200584,success_line,weak_contact_success,True,True,True,False,False,False,future_not_different
8,hidden_pin,hidden_high_friction,000008-1.pkl,000008-6.pkl,0.00012938037980347872,6.62137899780646e-05,1.890663964320095e-07,0.0011360676726326346,110.0,4.0265294387609174e-07,0.027354061603546143,0.2896918058395386,0.21546213328838348,0.35311436653137207,True,False,True,True,0.0,1.0,0.012875393033027649,0.0044477349147200584,pinned_bend,weak_contact_success,True,True,True,True,True,True,ccda_state
9,free,hidden_pin,000009-6.pkl,000009-1.pkl,0.0007667355239391327,0.00038336776196956635,1.1073564553055791e-07,0.013451606035232544,168.0,4.156249815423507e-06,0.026041626930236816,0.4850870370864868,0.2762007713317871,0.24941881000995636,True,True,False,True,1.0,0.0,0.005319214891642332,0.01231725886464119,success_line,pinned_bend,True,True,True,True,True,True,ccda_state
9,free,hidden_high_friction,000009-6.pkl,000009-4.pkl,0.0012763190316036344,0.0006381595158018172,7.32474019331404e-08,0.020585937425494194,180.0,5.513227733899839e-06,0.024975240230560303,0.015699202194809914,0.012609564699232578,0.04025869723409414,True,True,True,False,1.0,1.0,0.005319214891642332,0.008814445696771145,success_line,weak_contact_success,True,True,True,False,False,False,future_not_different
9,hidden_pin,hidden_high_friction,000009-1.pkl,000009-4.pkl,0.0007775436970405281,0.00038877184852026403,9.170154552013227e-08,0.009493272751569748,166.0,2.2475094283436192e-06,0.024174392223358154,0.4856112599372864,0.27535030245780945,0.43115830421447754,True,False,True,True,0.0,1.0,0.01231725886464119,0.008814445696771145,pinned_bend,weak_contact_success,True,True,True,True,True,True,ccda_state
10,free,hidden_pin,000010-3.pkl,000010-20.pkl,6.57951895846054e-05,3.28975947923027e-05,2.411410392809345e-07,0.001118706539273262,92.0,2.222661521500413e-07,0.009382367134094238,0.02410423383116722,0.035204190760850906,0.02730465990801652,True,True,False,True,1.0,0.875,0.0026192080695182085,0.00985664688050747,success_line,pinned_bend,True,True,True,False,False,False,future_not_different
10,free,hidden_high_friction,000010-3.pkl,000010-4.pkl,0.0002411275781923905,0.00012056378909619525,1.3490505146116696e-06,0.002976345596835017,110.0,8.838540566102893e-07,0.02178347110748291,0.015312585979700089,0.012612126767635345,0.02080624271184206,True,True,True,False,1.0,1.0,0.0026192080695182085,0.004576469771564007,success_line,weak_contact_success,True,True,True,False,False,False,future_not_different
10,hidden_pin,hidden_high_friction,000010-20.pkl,000010-4.pkl,0.0002651707036420703,0.00013258535182103515,1.140206246394906e-06,0.0035959200467914343,110.0,9.548519983582082e-07,0.02178347110748291,0.018890107050538063,0.03812694922089577,0.02277605002745986,True,False,True,True,0.875,1.0,0.00985664688050747,0.004576469771564007,pinned_bend,weak_contact_success,True,True,True,False,False,False,future_not_different
11,free,hidden_pin,000011-7.pkl,000011-1.pkl,0.0011074215872213244,0.0005537107936106622,2.6769283705378896e-06,0.011694878339767456,171.0,3.6230951536708744e-06,0.02442634105682373,0.32715725898742676,0.20369522273540497,0.19414515793323517,True,True,False,True,1.0,0.0,0.0017288384260609746,0.011593622155487537,success_line,pinned_bend,True,True,True,True,True,True,ccda_state
11,free,hidden_high_friction,000011-7.pkl,000011-7.pkl,0.0017373828450217843,0.0008686914225108922,6.260950187850115e-06,0.018249783664941788,149.0,5.144464466866339e-06,0.0340120792388916,0.018765244632959366,0.024972891435027122,0.015076734258660249,True,True,True,False,1.0,1.0,0.0017288384260609746,0.005727626383304596,success_line,weak_contact_success,True,True,True,False,False,False,future_not_different
11,hidden_pin,hidden_high_friction,000011-1.pkl,000011-7.pkl,0.001023590681143105,0.0005117953405715525,6.047829640908288e-06,0.011767578311264515,171.0,3.02178887068294e-06,0.03557521104812622,0.34338539838790894,0.21941310167312622,0.17922280728816986,True,False,True,True,0.0,1.0,0.011593622155487537,0.005727626383304596,pinned_bend,weak_contact_success,True,True,True,True,True,True,ccda_state
12,free,hidden_pin,000012-6.pkl,000012-1.pkl,0.0001489051792304963,7.445258961524814e-05,1.2537518927416244e-05,0.0013997395290061831,99.0,3.7284829090822313e-07,0.03595280647277832,0.3678068518638611,0.21773605048656464,0.1539619266986847,True,True,False,True,1.0,0.0,0.0054956055246293545,0.010875234380364418,success_line,pinned_bend,True,True,True,True,True,True,ccda_state
12,free,hidden_high_friction,000012-6.pkl,000012-7.pkl,0.00042560556903481483,0.00021280278451740742,2.012623915472975e-05,0.0026486546266824007,149.0,5.69276721762435e-07,0.012006878852844238,0.01405637152493,0.010759088210761547,0.015592679070929686,True,True,True,False,1.0,1.0,0.0054956055246293545,0.003184305736795068,success_line,weak_contact_success,True,True,True,False,False,False,future_not_different
12,hidden_pin,hidden_high_friction,000012-1.pkl,000012-7.pkl,0.000530158809851855,0.0002650794049259275,1.4737231789955071e-05,0.003560112789273262,153.0,7.986482160049491e-07,0.03595280647277832,0.37572556734085083,0.22237086296081543,0.1671326905488968,True,False,True,True,0.0,1.0,0.010875234380364418,0.003184305736795068,pinned_bend,weak_contact_success,True,True,True,True,True,True,ccda_state
13,free,hidden_pin,000013-4.pkl,000013-20.pkl,8.656510181026533e-05,4.3282550905132666e-05,1.0388179976257266e-07,0.0006673177122138441,93.0,2.1508671466108353e-07,0.010255575180053711,0.10044006258249283,0.14672671258449554,0.10207632929086685,True,True,False,True,1.0,0.5,0.0020008254796266556,0.010930713266134262,success_line,pinned_bend,True,True,True,True,True,True,ccda_state
13,free,hidden_high_friction,000013-4.pkl,000013-5.pkl,0.00019990403961855918,9.995201980927959e-05,5.127424617069653e-08,0.0019585504196584225,93.0,6.28106533895334e-07,0.014905750751495361,0.01725875958800316,0.01956360787153244,0.016460273880511522,True,True,True,False,1.0,1.0,0.0020008254796266556,0.005749023053795099,success_line,weak_contact_success,True,True,True,False,False,False,future_not_different
13,hidden_pin,hidden_high_friction,000013-20.pkl,000013-5.pkl,0.00020133859652560204,0.00010066929826280102,5.3235772292601405e-08,0.0016384548507630825,93.0,5.88327736750216e-07,0.014929652214050293,0.10976925492286682,0.15453632175922394,0.10065485686063766,True,False,True,True,0.5,1.0,0.010930713266134262,0.005749023053795099,pinned_bend,weak_contact_success,True,True,True,True,True,True,ccda_state
14,free,hidden_pin,000014-8.pkl,000014-5.pkl,6.198840856086463e-05,3.0994204280432314e-05,3.8330899297324756e-08,0.0006792534841224551,57.0,1.6213171250001324e-07,0.006025791168212891,0.43826770782470703,0.3212449848651886,0.3950501918792725,True,True,False,True,1.0,0.0,0.0035294124390929937,0.012154418043792248,success_line,pinned_bend,True,True,True,True,True,True,ccda_state
14,free,hidden_high_friction,000014-8.pkl,000014-6.pkl,0.00036052954965271056,0.00018026477482635528,6.978067389142082e-08,0.003674045205116272,176.0,1.2547520782391075e-06,0.02713596820831299,0.01903507485985756,0.01771482639014721,0.028709307002524536,True,True,True,False,1.0,1.0,0.0035294124390929937,0.003798719262704253,success_line,weak_contact_success,True,True,True,False,False,False,future_not_different
14,hidden_pin,hidden_high_friction,000014-5.pkl,000014-6.pkl,0.00035575346555560827,0.00017787673277780414,1.0243837261276151e-07,0.003661024384200573,176.0,1.2470866295188898e-06,0.02713596820831299,0.409866601228714,0.3136845827102661,0.42035900354385375,True,False,True,True,0.0,1.0,0.012154418043792248,0.003798719262704253,pinned_bend,weak_contact_success,True,True,True,True,True,True,ccda_state
15,free,hidden_pin,000015-7.pkl,000015-1.pkl,6.721195677528158e-05,3.360597838764079e-05,1.310084153137959e-08,0.0009592013666406274,99.0,3.152249519189354e-07,0.0146254301071167,0.9099757671356201,0.563142716884613,0.9399129152297974,True,True,False,True,1.0,0.0,0.004555732477456331,0.010296671651303768,success_line,pinned_bend,True,True,True,True,True,True,ccda_state
15,free,hidden_high_friction,000015-7.pkl,000015-8.pkl,0.00021333976474124938,0.00010666988237062469,1.3254628522025252e-07,0.0015917968703433871,101.0,5.527977577912679e-07,0.015686094760894775,0.011241111904382706,0.008513509295880795,0.01980934212250369,True,True,True,False,1.0,1.0,0.004555732477456331,0.003572868648916483,success_line,weak_contact_success,True,True,True,False,False,False,future_not_different
15,hidden_pin,hidden_high_friction,000015-1.pkl,000015-8.pkl,0.00018337259825784713,9.168629912892357e-05,1.2697072834979935e-07,0.0010731336660683155,76.0,4.347388653513917e-07,0.01478201150894165,0.9013527631759644,0.5614843964576721,1.064847707748413,True,False,True,True,0.0,1.0,0.010296671651303768,0.003572868648916483,pinned_bend,weak_contact_success,True,True,True,True,True,True,ccda_state
16,free,hidden_pin,000016-7.pkl,000016-1.pkl,2.526531352486927e-05,1.2632656762434635e-05,2.2717361023208103e-07,0.0003830295172519982,105.0,1.2916513014715747e-07,0.010528504848480225,0.3318309783935547,0.192237988114357,0.09654717147350311,True,True,False,True,1.0,0.0,0.004587620962411165,0.010177009738981724,success_line,pinned_bend,True,True,True,True,True,True,ccda_state
16,free,hidden_high_friction,000016-7.pkl,000016-10.pkl,0.00016706401947885752,8.353200973942876e-05,1.7024939989386876e-07,0.001282552140764892,105.0,4.59768443761277e-07,0.013197779655456543,0.012496288865804672,0.01072128489613533,0.016612776422074864,True,True,True,False,1.0,1.0,0.004587620962411165,0.003093004459515214,success_line,weak_contact_success,True,True,True,False,False,False,future_not_different
16,hidden_pin,hidden_high_friction,000016-1.pkl,000016-10.pkl,0.00017515121726319194,8.757560863159597e-05,2.4833285091777467e-07,0.0011903211707249284,106.0,3.98937373802255e-07,0.013488829135894775,0.3299609422683716,0.19447378814220428,0.12379945814609528,True,False,True,True,0.0,1.0,0.010177009738981724,0.003093004459515214,pinned_bend,weak_contact_success,True,True,True,True,True,True,ccda_state
17,free,hidden_pin,000017-6.pkl,000017-1.pkl,0.0002947230532299727,0.00014736152661498636,8.831883163808228e-05,0.0017979600233957171,96.0,5.908942739552003e-07,0.020737826824188232,0.29407405853271484,0.20580141246318817,0.14841493964195251,True,True,False,True,1.0,0.0,0.004216077271848917,0.013037582859396935,success_line,pinned_bend,True,True,True,True,True,True,ccda_state
17,free,hidden_high_friction,000017-6.pkl,000017-6.pkl,0.00023230740043800324,0.00011615370021900162,0.0003967123565735755,0.0021430121269077063,96.0,6.49094090476865e-07,0.021739065647125244,0.016060497611761093,0.009408831596374512,0.015124681405723095,True,True,True,False,1.0,1.0,0.004216077271848917,0.004592415411025286,success_line,weak_contact_success,True,True,True,False,False,False,future_not_different
17,hidden_pin,hidden_high_friction,000017-1.pkl,000017-6.pkl,0.00038062353269197047,0.00019031176634598523,0.0004519532833780561,0.0022721353452652693,89.0,6.689436986562214e-07,0.023269355297088623,0.28669142723083496,0.2007496953010559,0.24376830458641052,True,False,True,True,0.0,1.0,0.013037582859396935,0.004592415411025286,pinned_bend,weak_contact_success,True,True,True,True,True,True,ccda_state
18,free,hidden_pin,000018-7.pkl,000018-10.pkl,0.0003549541288521141,0.00017747706442605704,8.1676421324154e-05,0.0021679687779396772,151.0,7.502183620999858e-07,0.015156269073486328,0.615308940410614,0.3600553572177887,0.5161031527178628,True,True,False,True,1.0,0.0,0.006743356119841337,0.01272621750831604,success_line,pinned_bend,True,True,True,True,True,True,ccda_state
18,free,hidden_high_friction,000018-7.pkl,000018-9.pkl,0.002086111344397068,0.0013587744906544685,0.00018398500011338815,0.0217556431889534,167.0,5.495329332916299e-06,0.037735164165496826,0.014602746814489365,0.010910573415458202,0.022010678159339086,True,True,True,False,1.0,1.0,0.006743356119841337,0.003551344620063901,success_line,weak_contact_success,False,True,True,False,False,False,visible_not_similar_or_rgbd_leakage
18,hidden_pin,hidden_high_friction,000018-10.pkl,000018-9.pkl,0.002039583632722497,0.0013160145608708262,0.00014458105645396492,0.021675346419215202,167.0,5.0518779062258545e-06,0.034212708473205566,0.6172236800193787,0.3587013781070709,0.5404302544063992,True,False,True,True,0.0,1.0,0.01272621750831604,0.003551344620063901,pinned_bend,weak_contact_success,False,True,True,True,False,False,visible_not_similar_or_rgbd_leakage
19,free,hidden_pin,000019-6.pkl,000019-1.pkl,0.0004833212587982416,0.0002416606293991208,0.0004277796327293693,0.0024826389271765947,112.0,7.549629685854597e-07,0.02210056781768799,0.3413368761539459,0.1991157978773117,0.15005339682102203,True,True,False,True,1.0,0.0,0.0032966702710837126,0.011654323898255825,success_line,pinned_bend,True,True,True,True,True,True,ccda_state
19,free,hidden_high_friction,000019-6.pkl,000019-6.pkl,0.0006411924259737134,0.0003205962129868567,0.000429388377573583,0.002445746446028352,112.0,9.018445439323841e-07,0.0223158597946167,0.012737428769469261,0.008333100937306881,0.023062303351859253,True,True,True,False,1.0,1.0,0.0032966702710837126,0.00584987411275506,success_line,weak_contact_success,True,True,True,False,False,False,future_not_different
19,hidden_pin,hidden_high_friction,000019-1.pkl,000019-6.pkl,0.0002562789886724204,0.0001281394943362102,1.3809496923894077e-05,0.0012434895616024733,61.0,3.4880437738138426e-07,0.007140994071960449,0.3428247570991516,0.1998356133699417,0.16227459907531738,True,False,True,True,0.0,1.0,0.011654323898255825,0.00584987411275506,pinned_bend,weak_contact_success,True,True,True,True,True,True,ccda_state
20,free,hidden_pin,000020-6.pkl,000020-1.pkl,4.199774775770493e-05,2.0998873878852464e-05,8.149050676389356e-08,0.00034722223062999547,96.0,1.1112803122159676e-07,0.012404680252075195,0.63398677110672,0.40248796343803406,0.65354323387146,True,True,False,True,1.0,0.0,0.0019310753559693694,0.014559325762093067,success_line,pinned_bend,True,True,True,True,True,True,ccda_state
20,free,hidden_high_friction,000020-6.pkl,000020-3.pkl,0.00040487907244823873,0.00020243953622411937,7.355121450420083e-08,0.005112847313284874,193.0,1.2944520904056844e-06,0.0307309627532959,0.04121524840593338,0.06411520391702652,0.05612826719880104,True,True,True,False,1.0,1.0,0.0019310753559693694,0.009259617887437344,success_line,weak_contact_success,True,True,True,False,False,False,future_not_different
20,hidden_pin,hidden_high_friction,000020-1.pkl,000020-3.pkl,0.00040706442086957395,0.00020353221043478698,2.7797388564114905e-08,0.0052126734517514706,193.0,1.3142675925337244e-06,0.0307309627532959,0.7391024231910706,0.40915653109550476,0.7685142755508423,True,False,True,True,0.0,1.0,0.014559325762093067,0.009259617887437344,pinned_bend,weak_contact_success,True,True,True,True,True,True,ccda_state
21,free,hidden_pin,000021-4.pkl,000021-1.pkl,0.0005207676440477371,0.00026038382202386856,1.4723334521926069e-05,0.0033181423787027597,184.0,8.530960258212872e-07,0.025664448738098145,0.7523934841156006,0.4673348665237427,0.8166738748550415,True,True,False,True,1.0,0.0,0.0035587826278060675,0.014231771230697632,success_line,pinned_bend,True,True,True,True,True,True,ccda_state
21,free,hidden_high_friction,000021-4.pkl,000021-2.pkl,0.0007295401301234961,0.00036477006506174803,2.2066770689924817e-05,0.006359592080116272,184.0,2.3833038085285807e-06,0.044737398624420166,0.01887955702841282,0.019419824704527855,0.03860668931156397,True,True,True,False,1.0,1.0,0.0035587826278060675,0.0037383881863206625,success_line,weak_contact_success,True,True,True,False,False,False,future_not_different
21,hidden_pin,hidden_high_friction,000021-1.pkl,000021-2.pkl,0.0005866577266715467,0.00029332886333577335,2.003351661872554e-05,0.004873046651482582,112.0,2.017879978666315e-06,0.044737398624420166,0.7358791828155518,0.456901878118515,0.7221481800079346,True,False,True,True,0.0,1.0,0.014231771230697632,0.0037383881863206625,pinned_bend,weak_contact_success,True,True,True,True,True,True,ccda_state
22,free,hidden_pin,000022-3.pkl,000022-1.pkl,7.636588998138905e-05,3.818294499069452e-05,5.5432420512343844e-08,0.0013661024859175086,97.0,3.3570697155482776e-07,0.009048104286193848,0.16929274797439575,0.1404508799314499,0.11779127269983292,True,True,False,True,1.0,0.0,0.005057274829596281,0.0108575988560915,success_line,pinned_bend,True,True,True,True,True,True,ccda_state
22,free,hidden_high_friction,000022-3.pkl,000022-3.pkl,0.00033044081646949053,0.00016522040823474526,1.656607245032709e-08,0.004691840149462223,102.0,1.1809858051492483e-06,0.02306002378463745,0.013549651950597763,0.011408112943172455,0.01787596382200718,True,True,True,False,1.0,1.0,0.005057274829596281,0.002100752666592598,success_line,weak_contact_success,True,True,True,False,False,False,future_not_different
22,hidden_pin,hidden_high_friction,000022-1.pkl,000022-3.pkl,0.0002867257280740887,0.00014336286403704435,5.2203111928455266e-08,0.004729817621409893,103.0,1.1314820085317479e-06,0.02306002378463745,0.17588527500629425,0.1403549164533615,0.14405754208564758,True,False,True,True,0.0,1.0,0.0108575988560915,0.002100752666592598,pinned_bend,weak_contact_success,True,True,True,True,True,True,ccda_state
23,free,hidden_pin,000023-8.pkl,000023-1.pkl,3.699351873365231e-05,1.8496759366826154e-05,6.158946931676625e-08,0.00020073784980922937,16.0,1.164354017646474e-07,0.0010575056076049805,0.41799843311309814,0.24301421642303467,0.11830653250217438,True,True,False,True,1.0,0.0,0.0019337604753673077,0.008663859218358994,success_line,pinned_bend,True,True,True,True,True,True,ccda_state
23,free,hidden_high_friction,000023-8.pkl,000023-8.pkl,0.0003120009496342391,0.00015600047481711954,3.963246299108859e-08,0.003018663264811039,101.0,9.238579536940961e-07,0.014310657978057861,0.012451522052288055,0.013477668166160583,0.019118685042485595,True,True,True,False,1.0,1.0,0.0019337604753673077,0.004174015950411558,success_line,weak_contact_success,True,True,True,False,False,False,future_not_different
23,hidden_pin,hidden_high_friction,000023-1.pkl,000023-8.pkl,0.0003141395282000303,0.00015706976410001516,3.278645423264394e-08,0.0030631511472165585,101.0,9.56062535806268e-07,0.014374136924743652,0.41532498598098755,0.23892611265182495,0.16058357059955597,True,False,True,True,0.0,1.0,0.008663859218358994,0.004174015950411558,pinned_bend,weak_contact_success,True,True,True,True,True,True,ccda_state
24,free,hidden_pin,000024-10.pkl,000024-4.pkl,0.00014656658458989114,7.328329229494557e-05,9.620079218656393e-08,0.002570529468357563,171.0,5.530969815481512e-07,0.020130693912506104,0.42565613985061646,0.3077058792114258,0.19099686791014392,True,True,False,True,1.0,0.0,0.002996329218149185,0.01193784549832344,success_line,pinned_bend,True,True,True,True,True,True,ccda_state
24,free,hidden_high_friction,000024-10.pkl,000024-8.pkl,0.00033654269645921886,0.00016827134822960943,1.1659902203926368e-08,0.005373263731598854,149.0,1.3938401934865396e-06,0.025983870029449463,0.02658260241150856,0.025246163830161095,0.018245076498715207,True,True,True,False,1.0,1.0,0.002996329218149185,0.004684294108301401,success_line,weak_contact_success,True,True,True,False,False,False,future_not_different
24,hidden_pin,hidden_high_friction,000024-4.pkl,000024-8.pkl,0.0003894186520483345,0.00019470932602416724,9.579249993518491e-08,0.007412109524011612,171.0,1.7939343024409027e-06,0.025983870029449463,0.4031652808189392,0.29281434416770935,0.234435630380176,True,False,True,True,0.0,1.0,0.01193784549832344,0.004684294108301401,pinned_bend,weak_contact_success,True,True,True,True,True,True,ccda_state
25,free,hidden_pin,000025-8.pkl,000025-2.pkl,8.188501669792458e-05,4.094250834896229e-05,1.0126593708689627e-06,0.0007020399207249284,56.0,2.40402499684933e-07,0.007044553756713867,0.6161476969718933,0.3490699529647827,0.4513437747955322,True,True,False,True,1.0,0.0,0.002605605870485306,0.010592476464807987,success_line,pinned_bend,True,True,True,True,True,True,ccda_state
25,free,hidden_high_friction,000025-8.pkl,000025-5.pkl,0.0003574213769752532,0.0001787106884876266,5.22847335737247e-05,0.0039778645150363445,114.0,1.2383736702759052e-06,0.024017155170440674,0.01612822897732258,0.01511783991008997,0.024076168611645698,True,True,True,False,1.0,1.0,0.002605605870485306,0.004441638942807913,success_line,weak_contact_success,True,True,True,False,False,False,future_not_different
25,hidden_pin,hidden_high_friction,000025-2.pkl,000025-5.pkl,0.00033200811594724655,0.00016600405797362328,5.207384948606615e-05,0.0037749565672129393,114.0,1.205162561745965e-06,0.024017155170440674,0.6164299249649048,0.3542322814464569,0.42349179089069366,True,False,True,True,0.0,1.0,0.010592476464807987,0.004441638942807913,pinned_bend,weak_contact_success,True,True,True,True,True,True,ccda_state
26,free,hidden_pin,000026-6.pkl,000026-1.pkl,5.473298369906843e-05,2.7366491849534214e-05,2.0882737760087354e-07,0.0004937066114507616,65.0,1.2837902829687664e-07,0.007866322994232178,0.664726734161377,0.35698017477989197,0.5106427073478699,True,True,False,True,1.0,0.0,0.0017086274456232786,0.011079777963459492,success_line,pinned_bend,True,True,True,True,True,True,ccda_state
26,free,hidden_high_friction,000026-6.pkl,000026-7.pkl,0.00026604323647916317,0.00013302161823958158,4.0558238238604233e-07,0.0020345051307231188,65.0,7.273423534570611e-07,0.016207575798034668,0.01914830133318901,0.018803782761096954,0.015358048335959515,True,True,True,False,1.0,1.0,0.0017086274456232786,0.0035571069456636906,success_line,weak_contact_success,True,True,True,False,False,False,future_not_different
26,hidden_pin,hidden_high_friction,000026-1.pkl,000026-7.pkl,0.00025703851133584976,0.00012851925566792488,2.2848460550401843e-07,0.0020855034235864878,60.0,7.32168643935438e-07,0.01617950201034546,0.6701174378395081,0.35537955164909363,0.5571572780609131,True,False,True,True,0.0,1.0,0.011079777963459492,0.0035571069456636906,pinned_bend,weak_contact_success,True,True,True,True,True,True,ccda_state
27,free,hidden_pin,000027-10.pkl,000027-1.pkl,7.738571002846584e-05,3.869285501423292e-05,1.4949905385214883e-07,0.000886501744389534,110.0,3.416618028495577e-07,0.022303223609924316,0.29076480865478516,0.23127929866313934,0.2816844582557678,True,True,False,True,1.0,0.0,0.002989567816257477,0.010408049449324608,success_line,pinned_bend,True,True,True,True,True,True,ccda_state
27,free,hidden_high_friction,000027-10.pkl,000027-4.pkl,0.0009603937505744398,0.0004801968752872199,1.514730117035812e-07,0.008974608965218067,118.0,2.2779292976338184e-06,0.021266400814056396,0.014736638404428959,0.01017331425100565,0.03508595563471317,True,True,True,False,1.0,1.0,0.002989567816257477,0.0038353779818862677,success_line,weak_contact_success,True,True,True,False,False,False,future_not_different
27,hidden_pin,hidden_high_friction,000027-1.pkl,000027-4.pkl,0.0009276930359192193,0.00046384651795960963,1.505223535078384e-07,0.009101562201976776,118.0,2.256481593576609e-06,0.024327754974365234,0.2854180335998535,0.22884821891784668,0.3878256678581238,True,False,True,True,0.0,1.0,0.010408049449324608,0.0038353779818862677,pinned_bend,weak_contact_success,True,True,True,True,True,True,ccda_state
28,free,hidden_pin,000028-4.pkl,000028-1.pkl,3.81417921744287e-05,1.907089608721435e-05,2.3544337388805367e-07,0.0006705729174427688,79.0,2.0796618116492027e-07,0.0096055269241333,0.8849360942840576,0.479251503944397,0.6170307397842407,True,True,False,True,1.0,0.0,0.004319357220083475,0.012049738317728043,success_line,pinned_bend,True,True,True,True,True,True,ccda_state
28,free,hidden_high_friction,000028-4.pkl,000028-5.pkl,9.534330456517637e-05,4.7671652282588184e-05,1.2996479671965535e-07,0.0013758681016042829,58.0,3.9702814547126764e-07,0.01855599880218506,0.01835615187883377,0.013844522647559643,0.016716613434255123,True,True,True,False,1.0,1.0,0.004319357220083475,0.00489048333838582,success_line,weak_contact_success,True,True,True,False,False,False,future_not_different
28,hidden_pin,hidden_high_friction,000028-1.pkl,000028-5.pkl,0.00012079439329681918,6.039719664840959e-05,1.6341976794586578e-07,0.0019249131437391043,79.0,5.415935788732895e-07,0.018538236618041992,0.8852406740188599,0.47659435868263245,0.6254575252532959,True,False,True,True,0.0,1.0,0.012049738317728043,0.00489048333838582,pinned_bend,weak_contact_success,True,True,True,True,True,True,ccda_state
29,free,hidden_pin,000029-1.pkl,000029-1.pkl,8.000395609997213e-05,4.055288445670158e-05,1.957723961586689e-08,0.00046115450095385313,53.0,1.377483300757376e-07,0.004595577716827393,0.9073922634124756,0.562012791633606,0.9073922634124756,True,True,False,True,1.0,0.0,0.004769280087202787,0.013009755872189999,success_line,pinned_bend,True,True,True,True,True,True,ccda_state
29,free,hidden_high_friction,000029-1.pkl,000029-2.pkl,0.0003891487722285092,0.00019471040286589414,1.2420956149331426e-07,0.0030512153171002865,152.0,1.081218329090916e-06,0.0267789363861084,0.01495344564318657,0.02080804854631424,0.014029229059815407,True,True,True,False,1.0,1.0,0.004769280087202787,0.003501546336337924,success_line,weak_contact_success,True,True,True,False,False,False,future_not_different
29,hidden_pin,hidden_high_friction,000029-1.pkl,000029-2.pkl,0.0003705125127453357,0.00018531123350840062,1.3083956526008785e-07,0.0029199218843132257,153.0,1.0470655524841277e-06,0.0267789363861084,0.8606935143470764,0.5440449714660645,0.8658193349838257,True,False,True,True,0.0,1.0,0.013009755872189999,0.003501546336337924,pinned_bend,weak_contact_success,True,True,True,True,True,True,ccda_state
30,free,hidden_pin,000030-6.pkl,000030-1.pkl,0.00014410146104637533,7.205073052318767e-05,8.715942858071248e-08,0.0014192708767950535,109.0,4.2065462935170217e-07,0.013761460781097412,0.1168011724948883,0.07788228988647461,0.009516737423837185,True,True,False,True,1.0,0.041666666666666664,0.004732665605843067,0.007078090682625771,success_line,pinned_bend,True,True,True,True,True,True,ccda_state
30,free,hidden_high_friction,000030-6.pkl,000030-9.pkl,0.00039919454138725996,0.00019959727069362998,1.0751799501511933e-07,0.003458116203546524,112.0,1.379246555188729e-06,0.02581113576889038,0.01888994872570038,0.012203249149024487,0.018438672336439293,True,True,True,False,1.0,1.0,0.004732665605843067,0.0033289515413343906,success_line,weak_contact_success,True,True,True,False,False,False,future_not_different
30,hidden_pin,hidden_high_friction,000030-1.pkl,000030-9.pkl,0.00030651059933006763,0.00015325529966503382,4.057428609544272e-08,0.002453342080116272,105.0,1.0888986707868753e-06,0.02581113576889038,0.132624089717865,0.08355945348739624,0.01761677674949169,True,False,True,True,0.041666666666666664,1.0,0.007078090682625771,0.0033289515413343906,pinned_bend,weak_contact_success,True,True,True,True,True,True,ccda_state
31,free,hidden_pin,000031-5.pkl,000031-1.pkl,6.68404099997133e-05,3.342020499985665e-05,1.8032753726035847e-08,0.00037977431202307343,80.0,1.5328473068620951e-07,0.009786546230316162,0.7229949235916138,0.42605480551719666,0.5208641886711121,True,True,False,True,1.0,0.0,0.005820312071591616,0.01169293001294136,success_line,pinned_bend,True,True,True,True,True,True,ccda_state
31,free,hidden_high_friction,000031-5.pkl,000031-7.pkl,0.00013438750465866178,6.719375232933089e-05,1.0693079068666768e-08,0.0012738715158775449,110.0,3.7493310856007156e-07,0.014519810676574707,0.021969689056277275,0.01611616462469101,0.030387727729976177,True,True,True,False,1.0,1.0,0.005820312071591616,0.0037145414389669895,success_line,weak_contact_success,True,True,True,False,False,False,future_not_different
31,hidden_pin,hidden_high_friction,000031-1.pkl,000031-7.pkl,0.00011961560812778771,5.9807804063893855e-05,1.8564115670379614e-08,0.0011371527798473835,110.0,3.4795957049027493e-07,0.014519810676574707,0.7427929639816284,0.4300598204135895,0.6899274587631226,True,False,True,True,0.0,1.0,0.01169293001294136,0.0037145414389669895,pinned_bend,weak_contact_success,True,True,True,True,True,True,ccda_state
32,free,hidden_pin,000032-2.pkl,000032-1.pkl,0.0004726598272100091,0.00023632991360500455,8.149673739318167e-08,0.005330946296453476,109.0,2.132940608134959e-06,0.03722137212753296,0.14204904437065125,0.15191423892974854,0.1457298994064331,True,True,False,True,1.0,0.4166666666666667,0.0009037044364959002,0.018102826550602913,success_line,pinned_bend,True,True,True,True,True,True,ccda_state
32,free,hidden_high_friction,000032-2.pkl,000032-4.pkl,0.0013369154185056686,0.0006806734600104392,8.6555304107322e-09,0.015117187052965164,182.0,5.58500050829025e-06,0.03934824466705322,0.02204294502735138,0.014637795276939869,0.0764978788793087,True,True,True,False,1.0,1.0,0.0009037044364959002,0.0041859345510602,success_line,weak_contact_success,True,True,True,False,False,False,future_not_different
32,hidden_pin,hidden_high_friction,000032-1.pkl,000032-4.pkl,0.0015273054596036673,0.0007927981787361205,7.736317846657975e-08,0.016810981556773186,182.0,6.81746450936771e-06,0.03962826728820801,0.16413235664367676,0.1608719676733017,0.39436501264572144,True,False,True,True,0.4166666666666667,1.0,0.018102826550602913,0.0041859345510602,pinned_bend,weak_contact_success,True,True,True,True,True,True,ccda_state
33,free,hidden_pin,000033-7.pkl,000033-2.pkl,8.287661330541596e-05,4.143830665270798e-05,6.291583150567777e-08,0.0017230903031304479,116.0,3.092618499067612e-07,0.013197124004364014,0.1831328272819519,0.15822015702724457,0.1545487567782402,True,True,False,True,1.0,0.0,0.004992063622921705,0.010012722574174404,success_line,pinned_bend,True,True,True,True,True,True,ccda_state
33,free,hidden_high_friction,000033-7.pkl,000033-8.pkl,0.0002674950228538364,0.0001337475114269182,5.356002959586051e-07,0.0044791665859520435,168.0,1.1320609019094263e-06,0.019681155681610107,0.018316976726055145,0.010963707230985165,0.03637802707297461,True,True,True,False,1.0,1.0,0.004992063622921705,0.002958410419523716,success_line,weak_contact_success,True,True,True,False,False,False,future_not_different
33,hidden_pin,hidden_high_friction,000033-2.pkl,000033-8.pkl,0.00031234053312800825,0.00015617026656400412,4.8463126794169e-07,0.005590277723968029,168.0,1.2442294519132702e-06,0.019681155681610107,0.18014037609100342,0.15257994830608368,0.2562702149152756,True,False,True,True,0.0,1.0,0.010012722574174404,0.002958410419523716,pinned_bend,weak_contact_success,True,True,True,True,True,True,ccda_state
34,free,hidden_pin,000034-6.pkl,000034-3.pkl,0.00017800416389945894,8.900208194972947e-05,4.079710225750051e-07,0.0008203124743886292,53.0,3.0980174869910115e-07,0.02309870719909668,0.23066717386245728,0.1650974005460739,0.17999427517255148,True,True,False,True,1.0,0.0,0.004040796309709549,0.014802802354097366,success_line,pinned_bend,True,True,True,True,True,True,ccda_state
34,free,hidden_high_friction,000034-6.pkl,000034-3.pkl,0.0002845723938662559,0.00014228619693312794,1.2090866977058642e-06,0.0016330295475199819,103.0,5.49645847058855e-07,0.02309870719909668,0.011863403022289276,0.020456235855817795,0.029763055965304375,True,True,True,False,1.0,1.0,0.004040796309709549,0.0035929360892623663,success_line,weak_contact_success,True,True,True,False,False,False,future_not_different
34,hidden_pin,hidden_high_friction,000034-3.pkl,000034-3.pkl,0.00023742819030303508,0.00011871409515151754,8.987409309121212e-07,0.0015874565578997135,103.0,4.652974894270301e-07,0.016127943992614746,0.2334156036376953,0.15826481580734253,0.18494572738806406,True,False,True,True,0.0,1.0,0.014802802354097366,0.0035929360892623663,pinned_bend,weak_contact_success,True,True,True,True,True,True,ccda_state
35,free,hidden_pin,000035-3.pkl,000035-1.pkl,8.693713607499376e-05,4.346856803749688e-05,7.274651249066334e-08,0.0006521267350763083,95.0,2.613277558793925e-07,0.023650944232940674,0.21264082193374634,0.17014823853969574,0.16038694977760315,True,True,False,True,1.0,0.0,0.0040726433508098125,0.009937901049852371,success_line,pinned_bend,True,True,True,True,True,True,ccda_state
35,free,hidden_high_friction,000035-3.pkl,000035-5.pkl,0.00029881548834964633,0.00014940774417482316,7.128271029720857e-08,0.0023546006996184587,151.0,7.422171393045573e-07,0.024347126483917236,0.016683515161275864,0.009315441362559795,0.022150905181964237,True,True,True,False,1.0,1.0,0.0040726433508098125,0.0033230262342840433,success_line,weak_contact_success,True,True,True,False,False,False,future_not_different
35,hidden_pin,hidden_high_friction,000035-1.pkl,000035-5.pkl,0.00029081819229759276,0.00014540909614879638,1.0314490087434284e-08,0.0025553384330123663,151.0,7.777898076710699e-07,0.024200379848480225,0.21151039004325867,0.16808883845806122,0.20983880758285522,True,False,True,True,0.0,1.0,0.009937901049852371,0.0033230262342840433,pinned_bend,weak_contact_success,True,True,True,True,True,True,ccda_state
36,free,hidden_pin,000036-6.pkl,000036-1.pkl,8.902740228222683e-05,4.4513701141113415e-05,1.1073020037396678e-07,0.0005305989761836827,78.0,1.7831975185345073e-07,0.009616553783416748,0.4874659776687622,0.2770434617996216,0.29290029406547546,True,True,False,True,1.0,0.0,0.003413210855796933,0.010712272487580776,success_line,pinned_bend,True,True,True,True,True,True,ccda_state
36,free,hidden_high_friction,000036-6.pkl,000036-6.pkl,0.00027553242398425937,0.00013776621199212968,3.4146624229479486e-07,0.002501085167750716,127.0,6.331631539069349e-07,0.016549408435821533,0.014839807525277138,0.01226151641458273,0.022083694115281105,True,True,True,False,1.0,1.0,0.003413210855796933,0.005941246170550585,success_line,weak_contact_success,True,True,True,False,False,False,future_not_different
36,hidden_pin,hidden_high_friction,000036-1.pkl,000036-6.pkl,0.00032414167071692646,0.00016207083535846323,3.756474627578002e-07,0.002814670093357563,127.0,7.542145112893195e-07,0.016692042350769043,0.48676061630249023,0.2782086431980133,0.28873661160469055,True,False,True,True,0.0,1.0,0.010712272487580776,0.005941246170550585,pinned_bend,weak_contact_success,True,True,True,True,True,True,ccda_state
37,free,hidden_pin,000037-8.pkl,000037-1.pkl,0.00014467128494288772,7.233564247144386e-05,4.4847594788781813e-07,0.0020909288432449102,171.0,3.369791841123515e-07,0.008793890476226807,0.9354848861694336,0.4924938678741455,0.7915807962417603,True,True,False,True,1.0,0.0,0.0032309105154126883,0.015209052711725235,success_line,pinned_bend,True,True,True,True,True,True,ccda_state
37,free,hidden_high_friction,000037-8.pkl,000037-6.pkl,0.00031917012529447675,0.00015958506264723837,2.7159074708432348e-06,0.006991102360188961,180.0,1.3374208265304333e-06,0.024653613567352295,0.02253962680697441,0.014987991191446781,0.023192143067717552,True,True,True,False,1.0,1.0,0.0032309105154126883,0.005551165901124477,success_line,weak_contact_success,True,True,True,False,False,False,future_not_different
37,hidden_pin,hidden_high_friction,000037-1.pkl,000037-6.pkl,0.0002966912288684398,0.0001483456144342199,3.1211885151925024e-06,0.0062890625558793545,180.0,1.2900745787192136e-06,0.024653613567352295,0.945842981338501,0.5020919442176819,0.7772358655929565,True,False,True,True,0.0,1.0,0.015209052711725235,0.005551165901124477,pinned_bend,weak_contact_success,True,True,True,True,True,True,ccda_state
38,free,hidden_pin,000038-7.pkl,000038-1.pkl,0.0001529205619590357,7.646028097951785e-05,4.596313669640335e-08,0.0005230034585110843,90.0,2.3384626501865569e-07,0.012341737747192383,0.8977507948875427,0.5332513451576233,0.8412870764732361,True,True,False,True,1.0,0.0,0.005211412440985441,0.016288988292217255,success_line,pinned_bend,True,True,True,True,True,True,ccda_state
38,free,hidden_high_friction,000038-7.pkl,000038-9.pkl,0.0002311348944203928,0.0001155674472101964,1.396947836483732e-07,0.001117621548473835,105.0,4.4195826376380865e-07,0.030603766441345215,0.01678137108683586,0.010471038520336151,0.014427343250385352,True,True,True,False,1.0,1.0,0.005211412440985441,0.0026854262687265873,success_line,weak_contact_success,True,True,True,False,False,False,future_not_different
38,hidden_pin,hidden_high_friction,000038-1.pkl,000038-9.pkl,0.00022567478299606591,0.00011283739149803296,1.270531498306951e-07,0.0010959201026707888,105.0,4.466919847345707e-07,0.030603766441345215,0.8945987224578857,0.5349658131599426,0.8410651087760925,True,False,True,True,0.0,1.0,0.016288988292217255,0.0026854262687265873,pinned_bend,weak_contact_success,True,True,True,True,True,True,ccda_state
39,free,hidden_pin,000039-4.pkl,000039-1.pkl,3.9194408600451425e-05,1.9597204300225712e-05,7.528270343046441e-08,0.000442708347691223,52.0,1.368054682870934e-07,0.007176339626312256,0.30600231885910034,0.2539235055446625,0.3321334719657898,True,True,False,True,1.0,0.0,0.004739312455058098,0.0122140534222126,success_line,pinned_bend,True,True,True,True,True,True,ccda_state
39,free,hidden_high_friction,000039-4.pkl,000039-6.pkl,9.849685011431575e-05,4.9248425057157874e-05,1.9375858590303158e-07,0.0007986110867932439,108.0,2.5146164261968806e-07,0.012310147285461426,0.011674532666802406,0.010669301263988018,0.032383959740400314,True,True,True,False,1.0,1.0,0.004739312455058098,0.006098687648773193,success_line,weak_contact_success,True,True,True,False,False,False,future_not_different
39,hidden_pin,hidden_high_friction,000039-1.pkl,000039-6.pkl,9.132633567787707e-05,4.5663167838938534e-05,1.6539900559121621e-07,0.0008919271058402956,108.0,2.5615591425776074e-07,0.012297868728637695,0.32312220335006714,0.2578640878200531,0.47121375799179077,True,False,True,True,0.0,1.0,0.0122140534222126,0.006098687648773193,pinned_bend,weak_contact_success,True,True,True,True,True,True,ccda_state
40,free,hidden_pin,000040-7.pkl,000040-4.pkl,2.6731775506050326e-05,1.3365887753025163e-05,2.723828437375268e-07,0.0003200954815838486,48.0,7.147298930476609e-08,0.0024490952491760254,0.5916340947151184,0.3432184159755707,0.5608283430337906,True,True,False,True,1.0,0.0,0.003470650175586343,0.01287393644452095,success_line,pinned_bend,True,True,True,True,True,True,ccda_state
40,free,hidden_high_friction,000040-7.pkl,000040-8.pkl,0.00015122347394935787,7.561173697467893e-05,2.884673402197175e-07,0.0015744357369840145,110.0,4.512071711815224e-07,0.013335108757019043,0.01600411720573902,0.01026496384292841,0.01997659115919045,True,True,True,False,1.0,1.0,0.003470650175586343,0.0046601323410868645,success_line,weak_contact_success,True,True,True,False,False,False,future_not_different
40,hidden_pin,hidden_high_friction,000040-4.pkl,000040-8.pkl,0.0001501163496868685,7.505817484343424e-05,8.679106550906518e-08,0.0013780381996184587,110.0,4.4824051315117686e-07,0.013335108757019043,0.5870651006698608,0.3442220389842987,0.5415936410427094,True,False,True,True,0.0,1.0,0.01287393644452095,0.0046601323410868645,pinned_bend,weak_contact_success,True,True,True,True,True,True,ccda_state
41,free,hidden_pin,000041-8.pkl,000041-20.pkl,6.72938404022716e-05,3.36469202011358e-05,6.428843382262177e-07,0.0014116753591224551,183.0,2.579026272542251e-07,0.015716552734375,0.6061303615570068,0.35449591279029846,0.5409428179264069,True,True,False,True,1.0,0.0,0.003997179679572582,0.013014945201575756,success_line,pinned_bend,True,True,True,True,True,True,ccda_state
41,free,hidden_high_friction,000041-8.pkl,000041-8.pkl,0.00033136698766611516,0.00016568349383305758,5.877612108763839e-07,0.003778211772441864,104.0,1.05900403468695e-06,0.019881010055541992,0.012094354256987572,0.014328920282423496,0.01786932989489287,True,True,True,False,1.0,1.0,0.003997179679572582,0.003165649715811014,success_line,weak_contact_success,True,True,True,False,False,False,future_not_different
41,hidden_pin,hidden_high_friction,000041-20.pkl,000041-8.pkl,0.00031651105382479727,0.00015825552691239864,1.1431406306514106e-06,0.00443250872194767,183.0,1.0604367162159178e-06,0.019881010055541992,0.6063030958175659,0.349194198846817,0.527021985501051,True,False,True,True,0.0,1.0,0.013014945201575756,0.003165649715811014,pinned_bend,weak_contact_success,True,True,True,True,True,True,ccda_state
42,free,hidden_pin,000042-6.pkl,000042-1.pkl,4.941951556247659e-05,2.4709757781238295e-05,3.074679838178994e-07,0.0005197482532821596,90.0,1.696473930223874e-07,0.020208299160003662,0.5157987475395203,0.2866722643375397,0.29281312227249146,True,True,False,True,1.0,0.0,0.0039416952058672905,0.013591507449746132,success_line,pinned_bend,True,True,True,True,True,True,ccda_state
42,free,hidden_high_friction,000042-6.pkl,000042-8.pkl,0.00014173344243317842,7.086672121658921e-05,2.309528323851961e-07,0.0020844184327870607,90.0,5.201725912229449e-07,0.018342971801757812,0.016607139259576797,0.009739034809172153,0.03149754026283821,True,True,True,False,1.0,1.0,0.0039416952058672905,0.0018902443116530776,success_line,weak_contact_success,True,True,True,False,False,False,future_not_different
42,hidden_pin,hidden_high_friction,000042-1.pkl,000042-8.pkl,0.0001389783137710765,6.948915688553825e-05,1.7960565536987496e-07,0.0020659721922129393,85.0,5.491638717103342e-07,0.020769357681274414,0.528267502784729,0.2900833785533905,0.3888711929321289,True,False,True,True,0.0,1.0,0.013591507449746132,0.0018902443116530776,pinned_bend,weak_contact_success,True,True,True,True,True,True,ccda_state
43,free,hidden_pin,000043-8.pkl,000043-1.pkl,3.8734677218599245e-05,1.9367338609299622e-05,7.750811294369799e-08,0.0003439670254010707,90.0,1.0486488122296578e-07,0.01088327169418335,0.20448747277259827,0.13937151432037354,0.06145823746919632,True,True,False,True,1.0,0.0,0.0013847359223291278,0.01041453704237938,success_line,pinned_bend,True,True,True,True,True,True,ccda_state
43,free,hidden_high_friction,000043-8.pkl,000043-4.pkl,0.00034997830516658723,0.00017498915258329362,6.905958633234893e-07,0.004128689412027597,110.0,1.3238694691608544e-06,0.0260775089263916,0.01815609633922577,0.014613587409257889,0.03635976370424032,True,True,True,False,1.0,1.0,0.0013847359223291278,0.005030912812799215,success_line,weak_contact_success,True,True,True,False,False,False,future_not_different
43,hidden_pin,hidden_high_friction,000043-1.pkl,000043-4.pkl,0.0003364493604749441,0.00016822468023747206,6.593597520674978e-07,0.003901909803971648,110.0,1.2712295074379654e-06,0.0260775089263916,0.1988517940044403,0.13235460221767426,0.08359479904174805,True,False,True,True,0.0,1.0,0.01041453704237938,0.005030912812799215,pinned_bend,weak_contact_success,True,True,True,True,True,True,ccda_state
44,free,hidden_pin,000044-6.pkl,000044-1.pkl,0.0002641409810166806,0.0001320704905083403,5.3166703847554425e-08,0.002094184048473835,125.0,6.505860596917046e-07,0.02517169713973999,0.14390894770622253,0.09190990775823593,0.029909327626228333,True,True,False,True,1.0,0.0,0.0047050174325704575,0.008150598965585232,success_line,pinned_bend,True,True,True,True,True,True,ccda_state
44,free,hidden_high_friction,000044-6.pkl,000044-5.pkl,0.0004938470083288848,0.0002469235041644424,5.741236586268846e-05,0.0035427517723292112,128.0,9.601914143786416e-07,0.028078794479370117,0.01842631958425045,0.01452475693076849,0.015296509861946106,True,True,True,False,1.0,1.0,0.0047050174325704575,0.0056275189854204655,success_line,weak_contact_success,True,True,True,False,False,False,future_not_different
44,hidden_pin,hidden_high_friction,000044-1.pkl,000044-5.pkl,0.0004392665287014097,0.00021963326435070485,5.7395075919566215e-05,0.0022775607649236917,117.0,7.227177434288024e-07,0.01824367046356201,0.1355711817741394,0.08943281322717667,0.045285675674676895,True,False,True,True,0.0,1.0,0.008150598965585232,0.0056275189854204655,pinned_bend,weak_contact_success,True,True,True,True,True,True,ccda_state
45,free,hidden_pin,000045-5.pkl,000045-2.pkl,0.0001370959507767111,6.854797538835555e-05,1.6300486591221257e-06,0.0011523436987772584,89.0,3.8865138662913523e-07,0.016912221908569336,0.7383736371994019,0.40443411469459534,0.5620275884866714,True,True,False,True,1.0,0.0,0.0049662599340081215,0.009387911297380924,success_line,pinned_bend,True,True,True,True,True,True,ccda_state
45,free,hidden_high_friction,000045-5.pkl,000045-5.pkl,0.0003004313912242651,0.00015021569561213255,5.369316544625666e-05,0.0034798176493495703,160.0,1.3484780083672376e-06,0.026049494743347168,0.016215259209275246,0.014592438004910946,0.021896179765462875,True,True,True,False,1.0,1.0,0.0049662599340081215,0.00435287831351161,success_line,weak_contact_success,True,True,True,False,False,False,future_not_different
45,hidden_pin,hidden_high_friction,000045-2.pkl,000045-5.pkl,0.00030531815718859434,0.00015265907859429717,5.440911665171772e-05,0.0034841580782085657,160.0,1.3252821418063832e-06,0.026049494743347168,0.7399300932884216,0.40683117508888245,0.5832881033420563,True,False,True,True,0.0,1.0,0.009387911297380924,0.00435287831351161,pinned_bend,weak_contact_success,True,True,True,True,True,True,ccda_state
46,free,hidden_pin,000046-6.pkl,000046-2.pkl,0.00023388471163343638,0.00011694235581671819,1.6162417263590863e-06,0.0024620224721729755,99.0,6.420604563572851e-07,0.018632233142852783,0.5277054309844971,0.34212735295295715,0.42422257363796234,True,True,False,True,1.0,0.0,0.004594330210238695,0.009147475473582745,success_line,pinned_bend,True,True,True,True,True,True,ccda_state
46,free,hidden_high_friction,000046-6.pkl,000046-11.pkl,0.0005566115723922849,0.00027830578619614244,1.7352992602224861e-06,0.0072406684048473835,129.0,2.1530177036765963e-06,0.02203613519668579,0.015183959156274796,0.009884142316877842,0.023535047968228657,True,True,True,False,1.0,1.0,0.004594330210238695,0.004084319341927767,success_line,weak_contact_success,True,True,True,False,False,False,future_not_different
46,hidden_pin,hidden_high_friction,000046-2.pkl,000046-11.pkl,0.0005613890825770795,0.00028069454128853977,1.1346041370038089e-06,0.008181423880159855,129.0,2.18930586015631e-06,0.021558403968811035,0.5241794586181641,0.34150052070617676,0.4266616702079773,True,False,True,True,0.0,1.0,0.009147475473582745,0.004084319341927767,pinned_bend,weak_contact_success,True,True,True,True,True,True,ccda_state
47,free,hidden_pin,000047-6.pkl,000047-1.pkl,8.240780880441889e-05,4.1203904402209446e-05,1.3013983310907836e-07,0.0007541232625953853,104.0,3.152868259803654e-07,0.02233099937438965,0.7729998230934143,0.4087700843811035,0.4566410779953003,True,True,False,True,1.0,0.0,0.004295551683753729,0.013272687792778015,success_line,pinned_bend,True,True,True,True,True,True,ccda_state
47,free,hidden_high_friction,000047-6.pkl,000047-5.pkl,0.0003425485629122704,0.0001712742814561352,1.3512008435655288e-07,0.003220486221835017,115.0,1.1097453125330503e-06,0.02341514825820923,0.00874336063861847,0.007054625544697046,0.023416153714060785,True,True,True,False,1.0,1.0,0.004295551683753729,0.00331864133477211,success_line,weak_contact_success,True,True,True,False,False,False,future_not_different
47,hidden_pin,hidden_high_friction,000047-1.pkl,000047-5.pkl,0.00037107057869434357,0.00018553528934717178,1.1431360949895211e-07,0.0031716579105705023,115.0,1.0460411203894182e-06,0.02341514825820923,0.7717444896697998,0.4075208008289337,0.5418514013290405,True,False,True,True,0.0,1.0,0.013272687792778015,0.00331864133477211,pinned_bend,weak_contact_success,True,True,True,True,True,True,ccda_state
48,free,hidden_pin,000048-6.pkl,000048-3.pkl,7.570801972178742e-05,3.785400986089371e-05,2.083161281869299e-06,0.0008669705130159855,56.0,1.988128275343115e-07,0.007868707180023193,0.0672951489686966,0.04718998074531555,0.03305243017772833,True,True,False,True,1.0,0.20833333333333334,0.0013979151844978333,0.003514908952638507,success_line,pinned_bend,True,True,True,True,True,True,ccda_state
48,free,hidden_high_friction,000048-6.pkl,000048-6.pkl,0.0004348047368694097,0.00021740236843470484,6.502267432870803e-06,0.0037424045149236917,140.0,1.1970880677836249e-06,0.018797338008880615,0.0287038441747427,0.02772231586277485,0.021071158659954865,True,True,True,False,1.0,1.0,0.0013979151844978333,0.005278938915580511,success_line,weak_contact_success,True,True,True,False,False,False,future_not_different
48,hidden_pin,hidden_high_friction,000048-3.pkl,000048-6.pkl,0.0004141817626077682,0.0002070908813038841,5.506469668554408e-06,0.0034201389644294977,140.0,1.1566824014153099e-06,0.018797338008880615,0.08091814815998077,0.04513612389564514,0.04153879111011823,True,False,True,True,0.20833333333333334,1.0,0.003514908952638507,0.005278938915580511,pinned_bend,weak_contact_success,True,True,True,True,True,True,ccda_state
49,free,hidden_pin,000049-6.pkl,000049-20.pkl,7.39952884032391e-05,3.699764420161955e-05,1.1138180017549931e-07,0.0016558159841224551,108.0,4.2966703972524556e-07,0.020480096340179443,0.7228461503982544,0.48254942893981934,0.7243942121664683,True,True,False,True,1.0,0.0,0.005672586150467396,0.01032391469925642,success_line,pinned_bend,True,True,True,True,True,True,ccda_state
49,free,hidden_high_friction,000049-6.pkl,000049-3.pkl,0.00032654826645739377,0.00016327413322869688,1.9069269107497456e-07,0.0029134114738553762,116.0,1.1070372920585214e-06,0.027747631072998047,0.015702199190855026,0.013955333270132542,0.02438402610520522,True,True,True,False,1.0,1.0,0.005672586150467396,0.005514457356184721,success_line,weak_contact_success,True,True,True,False,False,False,future_not_different
49,hidden_pin,hidden_high_friction,000049-20.pkl,000049-3.pkl,0.0003113503917120397,0.00015567519585601985,1.9090522935632133e-07,0.0031260850373655558,115.0,1.096911660170008e-06,0.027747631072998047,0.699059247970581,0.47359561920166016,0.6952102979024252,True,False,True,True,0.0,1.0,0.01032391469925642,0.005514457356184721,pinned_bend,weak_contact_success,True,True,True,True,True,True,ccda_state
