status,started_at,finished_at,duration_sec,worker_returncode,worker_timeout,worker_stderr_tail,selector,uses_condition_label,condition,visible_seed,episode_idx,success,initial_fraction,final_fraction,delta_fraction,num_steps,failure_reason,mean_step_delta,num_positive_steps,mean_future_match,mean_future_nn_l2,mean_input_nn_l2,mean_selected_context_l2,mean_selected_score,mean_action_ood,max_action_ood,mean_clip_frac,mean_pull_len,mean_source_pull_len,mean_action_mae_to_source,mean_pull_diff_to_source,mean_future_std,scope
ok,2026-07-07T14:56:23+0800,2026-07-07T14:57:06+0800,43.483,0,0,"/data/state_diff2/scripts/phase3_policy_rollout.py:104: UserWarning: pkg_resources is deprecated as an API. See https://setuptools.pypa.io/en/latest/pkg_resources.html. The pkg_resources package is slated for removal as early as 2025-11-30. Refrain from using this package or pin to Setuptools<81.
  import pkg_resources

{""condition"": ""free"", ""delta_fraction"": 0.0, ""failure"": """", ""final_fraction"": 0.0, ""selector"": ""ddpm_mean"", ""status"": ""ok""}
",ddpm_mean,0,free,312000,0,0,0.0,0.0,0.0,16,,0.0,0,0.0,0.0640764010604471,nan,nan,nan,0.280741473659873,0.6762548685073853,0.0,0.09495832456741482,nan,nan,nan,0.031160263461060822,phase3_12_compat_selection_no_phase4_no_cps
ok,2026-07-07T14:57:06+0800,2026-07-07T14:57:49+0800,42.387,0,0,"/data/state_diff2/scripts/phase3_policy_rollout.py:104: UserWarning: pkg_resources is deprecated as an API. See https://setuptools.pypa.io/en/latest/pkg_resources.html. The pkg_resources package is slated for removal as early as 2025-11-30. Refrain from using this package or pin to Setuptools<81.
  import pkg_resources

{""condition"": ""free"", ""delta_fraction"": 0.08333333333333333, ""failure"": """", ""final_fraction"": 0.08333333333333333, ""selector"": ""ddpm_mean"", ""status"": ""ok""}
",ddpm_mean,0,free,312001,1,0,0.0,0.08333333333333333,0.08333333333333333,16,,0.005208333333333333,1,0.0625,0.04519952833652496,nan,nan,nan,0.2609626301564276,0.6671766638755798,0.0,0.0811454025679268,nan,nan,nan,0.03978812019340694,phase3_12_compat_selection_no_phase4_no_cps
ok,2026-07-07T14:57:49+0800,2026-07-07T14:58:27+0800,38.602,0,0,"/data/state_diff2/scripts/phase3_policy_rollout.py:104: UserWarning: pkg_resources is deprecated as an API. See https://setuptools.pypa.io/en/latest/pkg_resources.html. The pkg_resources package is slated for removal as early as 2025-11-30. Refrain from using this package or pin to Setuptools<81.
  import pkg_resources

{""condition"": ""free"", ""delta_fraction"": 0.0, ""failure"": """", ""final_fraction"": 0.0, ""selector"": ""ddpm_mean"", ""status"": ""ok""}
",ddpm_mean,0,free,312002,2,0,0.0,0.0,0.0,16,,0.0,0,0.0625,0.04566288320347667,nan,nan,nan,0.5649799443781376,0.7566337585449219,0.0,0.24639493506401777,nan,nan,nan,0.039764842949807644,phase3_12_compat_selection_no_phase4_no_cps
ok,2026-07-07T14:58:27+0800,2026-07-07T14:59:11+0800,43.661,0,0,"/data/state_diff2/scripts/phase3_policy_rollout.py:104: UserWarning: pkg_resources is deprecated as an API. See https://setuptools.pypa.io/en/latest/pkg_resources.html. The pkg_resources package is slated for removal as early as 2025-11-30. Refrain from using this package or pin to Setuptools<81.
  import pkg_resources

{""condition"": ""hidden_breakaway_pin"", ""delta_fraction"": 0.20833333333333334, ""failure"": """", ""final_fraction"": 0.20833333333333334, ""selector"": ""ddpm_mean"", ""status"": ""ok""}
",ddpm_mean,0,hidden_breakaway_pin,312000,0,0,0.0,0.20833333333333334,0.20833333333333334,16,,0.013020833333333334,2,0.3125,0.04407672118395567,nan,nan,nan,0.23186264373362064,0.49994292855262756,0.0,0.06402731515117921,nan,nan,nan,0.04008606169372797,phase3_12_compat_selection_no_phase4_no_cps
ok,2026-07-07T14:59:11+0800,2026-07-07T14:59:55+0800,43.987,0,0,"/data/state_diff2/scripts/phase3_policy_rollout.py:104: UserWarning: pkg_resources is deprecated as an API. See https://setuptools.pypa.io/en/latest/pkg_resources.html. The pkg_resources package is slated for removal as early as 2025-11-30. Refrain from using this package or pin to Setuptools<81.
  import pkg_resources

{""condition"": ""hidden_breakaway_pin"", ""delta_fraction"": 0.0, ""failure"": """", ""final_fraction"": 0.0, ""selector"": ""ddpm_mean"", ""status"": ""ok""}
",ddpm_mean,0,hidden_breakaway_pin,312001,1,0,0.0,0.0,0.0,16,,0.0,0,0.375,0.04347500717267394,nan,nan,nan,0.17205462139099836,0.56495201587677,0.0,0.06326772487955168,nan,nan,nan,0.040209097089245915,phase3_12_compat_selection_no_phase4_no_cps
ok,2026-07-07T14:59:55+0800,2026-07-07T15:00:38+0800,43.149,0,0,"/data/state_diff2/scripts/phase3_policy_rollout.py:104: UserWarning: pkg_resources is deprecated as an API. See https://setuptools.pypa.io/en/latest/pkg_resources.html. The pkg_resources package is slated for removal as early as 2025-11-30. Refrain from using this package or pin to Setuptools<81.
  import pkg_resources

{""condition"": ""hidden_breakaway_pin"", ""delta_fraction"": 0.125, ""failure"": """", ""final_fraction"": 0.125, ""selector"": ""ddpm_mean"", ""status"": ""ok""}
",ddpm_mean,0,hidden_breakaway_pin,312002,2,0,0.0,0.125,0.125,16,,0.0078125,1,0.4375,0.05147545947693288,nan,nan,nan,0.3172135418280959,0.6910696029663086,0.0,0.06710264703724533,nan,nan,nan,0.036529443925246596,phase3_12_compat_selection_no_phase4_no_cps
ok,2026-07-07T15:00:38+0800,2026-07-07T15:01:18+0800,39.892,0,0,"/data/state_diff2/scripts/phase3_policy_rollout.py:104: UserWarning: pkg_resources is deprecated as an API. See https://setuptools.pypa.io/en/latest/pkg_resources.html. The pkg_resources package is slated for removal as early as 2025-11-30. Refrain from using this package or pin to Setuptools<81.
  import pkg_resources

{""condition"": ""hidden_high_friction"", ""delta_fraction"": 0.0, ""failure"": """", ""final_fraction"": 0.0, ""selector"": ""ddpm_mean"", ""status"": ""ok""}
",ddpm_mean,0,hidden_high_friction,312000,0,0,0.0,0.0,0.0,16,,0.0,0,0.5,0.04776647035032511,nan,nan,nan,0.4237218555063009,0.8785303831100464,0.0,0.18145059421658516,nan,nan,nan,0.038874132093042135,phase3_12_compat_selection_no_phase4_no_cps
ok,2026-07-07T15:01:18+0800,2026-07-07T15:02:05+0800,47.473,0,0,"/data/state_diff2/scripts/phase3_policy_rollout.py:104: UserWarning: pkg_resources is deprecated as an API. See https://setuptools.pypa.io/en/latest/pkg_resources.html. The pkg_resources package is slated for removal as early as 2025-11-30. Refrain from using this package or pin to Setuptools<81.
  import pkg_resources

{""condition"": ""hidden_high_friction"", ""delta_fraction"": 0.20833333333333334, ""failure"": """", ""final_fraction"": 0.20833333333333334, ""selector"": ""ddpm_mean"", ""status"": ""ok""}
",ddpm_mean,0,hidden_high_friction,312001,1,0,0.0,0.20833333333333334,0.20833333333333334,16,,0.013020833333333332,6,0.6875,0.06470127310603857,nan,nan,nan,0.3288732338696718,0.7152605652809143,0.0,0.09673941589426249,nan,nan,nan,0.030639420612715185,phase3_12_compat_selection_no_phase4_no_cps
ok,2026-07-07T15:02:05+0800,2026-07-07T15:02:47+0800,41.613,0,0,"/data/state_diff2/scripts/phase3_policy_rollout.py:104: UserWarning: pkg_resources is deprecated as an API. See https://setuptools.pypa.io/en/latest/pkg_resources.html. The pkg_resources package is slated for removal as early as 2025-11-30. Refrain from using this package or pin to Setuptools<81.
  import pkg_resources

{""condition"": ""hidden_high_friction"", ""delta_fraction"": -0.041666666666666664, ""failure"": """", ""final_fraction"": 0.0, ""selector"": ""ddpm_mean"", ""status"": ""ok""}
",ddpm_mean,0,hidden_high_friction,312002,2,0,0.041666666666666664,0.0,-0.041666666666666664,16,,-0.002604166666666666,1,0.5625,0.04901145282201469,nan,nan,nan,0.17942114872857928,0.42964106798171997,0.0,0.05460980656789616,nan,nan,nan,0.038373420014977455,phase3_12_compat_selection_no_phase4_no_cps
ok,2026-07-07T15:02:47+0800,2026-07-07T15:03:30+0800,42.880,0,0,"/data/state_diff2/scripts/phase3_policy_rollout.py:104: UserWarning: pkg_resources is deprecated as an API. See https://setuptools.pypa.io/en/latest/pkg_resources.html. The pkg_resources package is slated for removal as early as 2025-11-30. Refrain from using this package or pin to Setuptools<81.
  import pkg_resources

{""condition"": ""free"", ""delta_fraction"": 0.0, ""failure"": """", ""final_fraction"": 0.0, ""selector"": ""input_nearest"", ""status"": ""ok""}
",input_nearest,0,free,312000,0,0,0.0,0.0,0.0,16,,0.0,0,0.5,0.0,0.06518813961884007,0.06518813961884007,nan,0.6282614152878523,0.968641459941864,0.0,0.14377866662107408,nan,nan,nan,0.03957281680777669,phase3_12_compat_selection_no_phase4_no_cps
ok,2026-07-07T15:03:30+0800,2026-07-07T15:04:10+0800,39.710,0,0,"/data/state_diff2/scripts/phase3_policy_rollout.py:104: UserWarning: pkg_resources is deprecated as an API. See https://setuptools.pypa.io/en/latest/pkg_resources.html. The pkg_resources package is slated for removal as early as 2025-11-30. Refrain from using this package or pin to Setuptools<81.
  import pkg_resources

{""condition"": ""free"", ""delta_fraction"": 0.0, ""failure"": """", ""final_fraction"": 0.0, ""selector"": ""input_nearest"", ""status"": ""ok""}
",input_nearest,0,free,312001,1,0,0.0,0.0,0.0,16,,0.0,0,0.1875,0.0,0.11665201839059591,0.11665201839059591,nan,0.7828897144645452,1.052283525466919,0.017857142857142856,0.35941478330641985,nan,nan,nan,0.03902694280259311,phase3_12_compat_selection_no_phase4_no_cps
ok,2026-07-07T15:04:10+0800,2026-07-07T15:04:52+0800,42.460,0,0,"/data/state_diff2/scripts/phase3_policy_rollout.py:104: UserWarning: pkg_resources is deprecated as an API. See https://setuptools.pypa.io/en/latest/pkg_resources.html. The pkg_resources package is slated for removal as early as 2025-11-30. Refrain from using this package or pin to Setuptools<81.
  import pkg_resources

{""condition"": ""free"", ""delta_fraction"": 0.0, ""failure"": """", ""final_fraction"": 0.0, ""selector"": ""input_nearest"", ""status"": ""ok""}
",input_nearest,0,free,312002,2,0,0.0,0.0,0.0,16,,0.0,0,0.375,0.0,0.06359082844574004,0.06359082844574004,nan,0.5139212906360626,0.8751079440116882,0.0,0.13782086817082018,nan,nan,nan,0.03957789530977607,phase3_12_compat_selection_no_phase4_no_cps
ok,2026-07-07T15:04:52+0800,2026-07-07T15:05:35+0800,42.268,0,0,"/data/state_diff2/scripts/phase3_policy_rollout.py:104: UserWarning: pkg_resources is deprecated as an API. See https://setuptools.pypa.io/en/latest/pkg_resources.html. The pkg_resources package is slated for removal as early as 2025-11-30. Refrain from using this package or pin to Setuptools<81.
  import pkg_resources

{""condition"": ""hidden_breakaway_pin"", ""delta_fraction"": 0.0, ""failure"": """", ""final_fraction"": 0.0, ""selector"": ""input_nearest"", ""status"": ""ok""}
",input_nearest,0,hidden_breakaway_pin,312000,0,0,0.0,0.0,0.0,16,,0.0,0,0.8125,0.0,0.07896275835810229,0.07896275835810229,nan,0.5315532553941011,0.7415379285812378,0.0,0.21996486838907003,nan,nan,nan,0.040130746783688664,phase3_12_compat_selection_no_phase4_no_cps
ok,2026-07-07T15:05:35+0800,2026-07-07T15:06:15+0800,40.198,0,0,"/data/state_diff2/scripts/phase3_policy_rollout.py:104: UserWarning: pkg_resources is deprecated as an API. See https://setuptools.pypa.io/en/latest/pkg_resources.html. The pkg_resources package is slated for removal as early as 2025-11-30. Refrain from using this package or pin to Setuptools<81.
  import pkg_resources

{""condition"": ""hidden_breakaway_pin"", ""delta_fraction"": 0.0, ""failure"": """", ""final_fraction"": 0.0, ""selector"": ""input_nearest"", ""status"": ""ok""}
",input_nearest,0,hidden_breakaway_pin,312001,1,0,0.0,0.0,0.0,16,,0.0,0,0.4375,0.0,0.08336499670986086,0.08336499670986086,nan,0.7010824158787727,1.0239622592926025,0.0,0.13965522253420204,nan,nan,nan,0.04003990022465587,phase3_12_compat_selection_no_phase4_no_cps
ok,2026-07-07T15:06:15+0800,2026-07-07T15:06:56+0800,41.463,0,0,"/data/state_diff2/scripts/phase3_policy_rollout.py:104: UserWarning: pkg_resources is deprecated as an API. See https://setuptools.pypa.io/en/latest/pkg_resources.html. The pkg_resources package is slated for removal as early as 2025-11-30. Refrain from using this package or pin to Setuptools<81.
  import pkg_resources

{""condition"": ""hidden_breakaway_pin"", ""delta_fraction"": 0.0, ""failure"": """", ""final_fraction"": 0.0, ""selector"": ""input_nearest"", ""status"": ""ok""}
",input_nearest,0,hidden_breakaway_pin,312002,2,0,0.0,0.0,0.0,16,,0.0,0,0.0,0.0,0.07756737119052559,0.07756737119052559,nan,0.6974907014518976,1.087209701538086,0.0,0.3030564415967092,nan,nan,nan,0.039215474389493465,phase3_12_compat_selection_no_phase4_no_cps
ok,2026-07-07T15:06:56+0800,2026-07-07T15:07:43+0800,46.194,0,0,"/data/state_diff2/scripts/phase3_policy_rollout.py:104: UserWarning: pkg_resources is deprecated as an API. See https://setuptools.pypa.io/en/latest/pkg_resources.html. The pkg_resources package is slated for removal as early as 2025-11-30. Refrain from using this package or pin to Setuptools<81.
  import pkg_resources

{""condition"": ""hidden_high_friction"", ""delta_fraction"": 0.0, ""failure"": """", ""final_fraction"": 0.0, ""selector"": ""input_nearest"", ""status"": ""ok""}
",input_nearest,0,hidden_high_friction,312000,0,0,0.0,0.0,0.0,16,,0.0,0,0.0625,0.0,0.06072370079346001,0.06072370079346001,nan,0.48025738075375557,0.7856411337852478,0.0,0.14917925442568958,nan,nan,nan,0.038552551763132215,phase3_12_compat_selection_no_phase4_no_cps
ok,2026-07-07T15:07:43+0800,2026-07-07T15:08:24+0800,41.610,0,0,"/data/state_diff2/scripts/phase3_policy_rollout.py:104: UserWarning: pkg_resources is deprecated as an API. See https://setuptools.pypa.io/en/latest/pkg_resources.html. The pkg_resources package is slated for removal as early as 2025-11-30. Refrain from using this package or pin to Setuptools<81.
  import pkg_resources

{""condition"": ""hidden_high_friction"", ""delta_fraction"": 0.16666666666666666, ""failure"": """", ""final_fraction"": 0.16666666666666666, ""selector"": ""input_nearest"", ""status"": ""ok""}
",input_nearest,0,hidden_high_friction,312001,1,0,0.0,0.16666666666666666,0.16666666666666666,16,,0.010416666666666666,2,0.0,0.0,0.0507450100267306,0.0507450100267306,nan,0.3912477418780327,0.6311102509498596,0.0,0.09889431728515774,nan,nan,nan,0.040107044856995344,phase3_12_compat_selection_no_phase4_no_cps
ok,2026-07-07T15:08:24+0800,2026-07-07T15:09:05+0800,40.284,0,0,"/data/state_diff2/scripts/phase3_policy_rollout.py:104: UserWarning: pkg_resources is deprecated as an API. See https://setuptools.pypa.io/en/latest/pkg_resources.html. The pkg_resources package is slated for removal as early as 2025-11-30. Refrain from using this package or pin to Setuptools<81.
  import pkg_resources

{""condition"": ""hidden_high_friction"", ""delta_fraction"": 0.0, ""failure"": """", ""final_fraction"": 0.0, ""selector"": ""input_nearest"", ""status"": ""ok""}
",input_nearest,0,hidden_high_friction,312002,2,0,0.0,0.0,0.0,16,,0.0,0,0.125,0.0,0.05417791078798473,0.05417791078798473,nan,0.45696003269404173,0.6749524474143982,0.0,0.12902105133980513,nan,nan,nan,0.039858833653852344,phase3_12_compat_selection_no_phase4_no_cps
ok,2026-07-07T15:09:05+0800,2026-07-07T15:09:47+0800,42.804,0,0,"/data/state_diff2/scripts/phase3_policy_rollout.py:104: UserWarning: pkg_resources is deprecated as an API. See https://setuptools.pypa.io/en/latest/pkg_resources.html. The pkg_resources package is slated for removal as early as 2025-11-30. Refrain from using this package or pin to Setuptools<81.
  import pkg_resources

{""condition"": ""free"", ""delta_fraction"": 0.0, ""failure"": """", ""final_fraction"": 0.0, ""selector"": ""condition_nearest"", ""status"": ""ok""}
",condition_nearest,1,free,312000,0,0,0.0,0.0,0.0,16,,0.0,0,1.0,0.0,0.09387514344416559,0.09387514344416559,nan,0.8318356722593307,1.2125364542007446,0.008928571428571428,0.2134002095554024,nan,nan,nan,0.03882448095828295,phase3_12_compat_selection_no_phase4_no_cps
ok,2026-07-07T15:09:47+0800,2026-07-07T15:10:27+0800,39.905,0,0,"/data/state_diff2/scripts/phase3_policy_rollout.py:104: UserWarning: pkg_resources is deprecated as an API. See https://setuptools.pypa.io/en/latest/pkg_resources.html. The pkg_resources package is slated for removal as early as 2025-11-30. Refrain from using this package or pin to Setuptools<81.
  import pkg_resources

{""condition"": ""free"", ""delta_fraction"": 0.0, ""failure"": """", ""final_fraction"": 0.0, ""selector"": ""condition_nearest"", ""status"": ""ok""}
",condition_nearest,1,free,312001,1,0,0.0,0.0,0.0,16,,0.0,0,1.0,0.0,0.11852017237106338,0.11852017237106338,nan,1.0648775957524776,1.1112995147705078,0.008928571428571428,0.3019154164940119,nan,nan,nan,0.03928613546304405,phase3_12_compat_selection_no_phase4_no_cps
ok,2026-07-07T15:10:27+0800,2026-07-07T15:11:06+0800,38.953,0,0,"/data/state_diff2/scripts/phase3_policy_rollout.py:104: UserWarning: pkg_resources is deprecated as an API. See https://setuptools.pypa.io/en/latest/pkg_resources.html. The pkg_resources package is slated for removal as early as 2025-11-30. Refrain from using this package or pin to Setuptools<81.
  import pkg_resources

{""condition"": ""free"", ""delta_fraction"": 0.0, ""failure"": """", ""final_fraction"": 0.0, ""selector"": ""condition_nearest"", ""status"": ""ok""}
",condition_nearest,1,free,312002,2,0,0.0,0.0,0.0,16,,0.0,0,1.0,0.0,0.048716773046180606,0.048716773046180606,nan,0.20664080325514078,0.5578383803367615,0.0,0.10046229930594563,nan,nan,nan,0.04018385778181255,phase3_12_compat_selection_no_phase4_no_cps
ok,2026-07-07T15:11:06+0800,2026-07-07T15:11:45+0800,38.852,0,0,"/data/state_diff2/scripts/phase3_policy_rollout.py:104: UserWarning: pkg_resources is deprecated as an API. See https://setuptools.pypa.io/en/latest/pkg_resources.html. The pkg_resources package is slated for removal as early as 2025-11-30. Refrain from using this package or pin to Setuptools<81.
  import pkg_resources

{""condition"": ""hidden_breakaway_pin"", ""delta_fraction"": -0.16666666666666666, ""failure"": """", ""final_fraction"": 0.0, ""selector"": ""condition_nearest"", ""status"": ""ok""}
",condition_nearest,1,hidden_breakaway_pin,312000,0,0,0.16666666666666666,0.0,-0.16666666666666666,16,,-0.010416666666666666,1,1.0,0.0,0.06148705177474767,0.06148705177474767,nan,0.595476895570755,0.8816762566566467,0.0,0.07712224393617362,nan,nan,nan,0.03739490103907883,phase3_12_compat_selection_no_phase4_no_cps
ok,2026-07-07T15:11:46+0800,2026-07-07T15:12:29+0800,43.477,0,0,"/data/state_diff2/scripts/phase3_policy_rollout.py:104: UserWarning: pkg_resources is deprecated as an API. See https://setuptools.pypa.io/en/latest/pkg_resources.html. The pkg_resources package is slated for removal as early as 2025-11-30. Refrain from using this package or pin to Setuptools<81.
  import pkg_resources

{""condition"": ""hidden_breakaway_pin"", ""delta_fraction"": 0.0, ""failure"": """", ""final_fraction"": 0.0, ""selector"": ""condition_nearest"", ""status"": ""ok""}
",condition_nearest,1,hidden_breakaway_pin,312001,1,0,0.0,0.0,0.0,16,,0.0,0,1.0,0.0,0.05040935886790976,0.05040935886790976,nan,0.34533729776740074,0.7258086204528809,0.0,0.08200130343902856,nan,nan,nan,0.03978837560862303,phase3_12_compat_selection_no_phase4_no_cps
ok,2026-07-07T15:12:29+0800,2026-07-07T15:13:10+0800,40.968,0,0,"/data/state_diff2/scripts/phase3_policy_rollout.py:104: UserWarning: pkg_resources is deprecated as an API. See https://setuptools.pypa.io/en/latest/pkg_resources.html. The pkg_resources package is slated for removal as early as 2025-11-30. Refrain from using this package or pin to Setuptools<81.
  import pkg_resources

{""condition"": ""hidden_breakaway_pin"", ""delta_fraction"": 0.7083333333333334, ""failure"": """", ""final_fraction"": 0.7083333333333334, ""selector"": ""condition_nearest"", ""status"": ""ok""}
",condition_nearest,1,hidden_breakaway_pin,312002,2,0,0.0,0.7083333333333334,0.7083333333333334,16,,0.04427083333333333,4,1.0,0.0,0.047479955974267796,0.047479955974267796,nan,0.3168241735547781,0.7099236845970154,0.0,0.06939935509581119,nan,nan,nan,0.036584391724318266,phase3_12_compat_selection_no_phase4_no_cps
ok,2026-07-07T15:13:10+0800,2026-07-07T15:13:50+0800,39.953,0,0,"/data/state_diff2/scripts/phase3_policy_rollout.py:104: UserWarning: pkg_resources is deprecated as an API. See https://setuptools.pypa.io/en/latest/pkg_resources.html. The pkg_resources package is slated for removal as early as 2025-11-30. Refrain from using this package or pin to Setuptools<81.
  import pkg_resources

{""condition"": ""hidden_high_friction"", ""delta_fraction"": 0.0, ""failure"": """", ""final_fraction"": 0.0, ""selector"": ""condition_nearest"", ""status"": ""ok""}
",condition_nearest,1,hidden_high_friction,312000,0,0,0.0,0.0,0.0,16,,0.0,0,1.0,0.0,0.05245712777832523,0.05245712777832523,nan,0.45410075411200523,0.6033029556274414,0.0,0.11650812439620495,nan,nan,nan,0.0348120869603008,phase3_12_compat_selection_no_phase4_no_cps
ok,2026-07-07T15:13:50+0800,2026-07-07T15:14:33+0800,43.025,0,0,"/data/state_diff2/scripts/phase3_policy_rollout.py:104: UserWarning: pkg_resources is deprecated as an API. See https://setuptools.pypa.io/en/latest/pkg_resources.html. The pkg_resources package is slated for removal as early as 2025-11-30. Refrain from using this package or pin to Setuptools<81.
  import pkg_resources

{""condition"": ""hidden_high_friction"", ""delta_fraction"": -0.16666666666666666, ""failure"": """", ""final_fraction"": 0.0, ""selector"": ""condition_nearest"", ""status"": ""ok""}
",condition_nearest,1,hidden_high_friction,312001,1,0,0.16666666666666666,0.0,-0.16666666666666666,16,,-0.010416666666666666,0,1.0,0.0,0.054599329829216,0.054599329829216,nan,0.46950613521039486,0.692844569683075,0.0,0.0769336218945682,nan,nan,nan,0.03949673194438219,phase3_12_compat_selection_no_phase4_no_cps
ok,2026-07-07T15:14:33+0800,2026-07-07T15:15:18+0800,44.499,0,0,"/data/state_diff2/scripts/phase3_policy_rollout.py:104: UserWarning: pkg_resources is deprecated as an API. See https://setuptools.pypa.io/en/latest/pkg_resources.html. The pkg_resources package is slated for removal as early as 2025-11-30. Refrain from using this package or pin to Setuptools<81.
  import pkg_resources

{""condition"": ""hidden_high_friction"", ""delta_fraction"": 0.0, ""failure"": """", ""final_fraction"": 0.0, ""selector"": ""condition_nearest"", ""status"": ""ok""}
",condition_nearest,1,hidden_high_friction,312002,2,0,0.0,0.0,0.0,16,,0.0,0,1.0,0.0,0.06254129949957132,0.06254129949957132,nan,0.47976047918200493,0.7376304268836975,0.0,0.17786833178251982,nan,nan,nan,0.038743900251574814,phase3_12_compat_selection_no_phase4_no_cps
ok,2026-07-07T15:15:18+0800,2026-07-07T15:15:58+0800,40.000,0,0,"/data/state_diff2/scripts/phase3_policy_rollout.py:104: UserWarning: pkg_resources is deprecated as an API. See https://setuptools.pypa.io/en/latest/pkg_resources.html. The pkg_resources package is slated for removal as early as 2025-11-30. Refrain from using this package or pin to Setuptools<81.
  import pkg_resources

{""condition"": ""free"", ""delta_fraction"": 0.0, ""failure"": """", ""final_fraction"": 0.0, ""selector"": ""compat_global_topk"", ""status"": ""ok""}
",compat_global_topk,0,free,312000,0,0,0.0,0.0,0.0,16,,0.0,0,0.25,0.0,0.09593879850581288,0.09593879850581288,0.32482735652243716,0.6480797789990902,0.9509138464927673,0.0,0.15950145525857806,0.12499722343636677,0.009715562526253052,0.04613824264379218,0.03963293740525842,phase3_12_compat_selection_no_phase4_no_cps
ok,2026-07-07T15:15:58+0800,2026-07-07T15:16:36+0800,38.473,0,0,"/data/state_diff2/scripts/phase3_policy_rollout.py:104: UserWarning: pkg_resources is deprecated as an API. See https://setuptools.pypa.io/en/latest/pkg_resources.html. The pkg_resources package is slated for removal as early as 2025-11-30. Refrain from using this package or pin to Setuptools<81.
  import pkg_resources

{""condition"": ""free"", ""delta_fraction"": 0.0, ""failure"": """", ""final_fraction"": 0.0, ""selector"": ""compat_global_topk"", ""status"": ""ok""}
",compat_global_topk,0,free,312001,1,0,0.0,0.0,0.0,16,,0.0,0,0.0625,0.0,0.11190153518691659,0.11190153518691659,0.37558224848704413,0.6892294809222221,1.0173053741455078,0.0,0.2942203595302999,0.2961295018903911,0.014538632429321297,0.05052719824016094,0.038584649097174406,phase3_12_compat_selection_no_phase4_no_cps
ok,2026-07-07T15:16:36+0800,2026-07-07T15:17:20+0800,43.101,0,0,"/data/state_diff2/scripts/phase3_policy_rollout.py:104: UserWarning: pkg_resources is deprecated as an API. See https://setuptools.pypa.io/en/latest/pkg_resources.html. The pkg_resources package is slated for removal as early as 2025-11-30. Refrain from using this package or pin to Setuptools<81.
  import pkg_resources

{""condition"": ""free"", ""delta_fraction"": 0.16666666666666666, ""failure"": """", ""final_fraction"": 0.16666666666666666, ""selector"": ""compat_global_topk"", ""status"": ""ok""}
",compat_global_topk,0,free,312002,2,0,0.0,0.16666666666666666,0.16666666666666666,16,,0.010416666666666666,1,0.0,0.0,0.0777642650064081,0.0777642650064081,0.18160458146594466,0.4603177700191736,0.6299655437469482,0.0,0.35219711530953646,0.3488317891024053,0.0041548110311850905,0.009086703415960073,0.04001883277669549,phase3_12_compat_selection_no_phase4_no_cps
ok,2026-07-07T15:17:20+0800,2026-07-07T15:18:01+0800,41.020,0,0,"/data/state_diff2/scripts/phase3_policy_rollout.py:104: UserWarning: pkg_resources is deprecated as an API. See https://setuptools.pypa.io/en/latest/pkg_resources.html. The pkg_resources package is slated for removal as early as 2025-11-30. Refrain from using this package or pin to Setuptools<81.
  import pkg_resources

{""condition"": ""hidden_breakaway_pin"", ""delta_fraction"": 0.0, ""failure"": """", ""final_fraction"": 0.0, ""selector"": ""compat_global_topk"", ""status"": ""ok""}
",compat_global_topk,0,hidden_breakaway_pin,312000,0,0,0.0,0.0,0.0,16,,0.0,0,0.1875,0.0,0.0631973912823014,0.0631973912823014,0.17931343818898313,0.34329012501984835,0.4964999556541443,0.0,0.20143154845573008,0.19940420286729932,0.008424625855695922,0.010703710606321692,0.04015155485831201,phase3_12_compat_selection_no_phase4_no_cps
ok,2026-07-07T15:18:01+0800,2026-07-07T15:18:41+0800,40.835,0,0,"/data/state_diff2/scripts/phase3_policy_rollout.py:104: UserWarning: pkg_resources is deprecated as an API. See https://setuptools.pypa.io/en/latest/pkg_resources.html. The pkg_resources package is slated for removal as early as 2025-11-30. Refrain from using this package or pin to Setuptools<81.
  import pkg_resources

{""condition"": ""hidden_breakaway_pin"", ""delta_fraction"": 0.0, ""failure"": """", ""final_fraction"": 0.0, ""selector"": ""compat_global_topk"", ""status"": ""ok""}
",compat_global_topk,0,hidden_breakaway_pin,312001,1,0,0.0,0.0,0.0,16,,0.0,0,0.1875,0.0,0.07225576718337834,0.07225576718337834,0.2246954246936366,0.4931993167847395,0.7293707132339478,0.0,0.0991730869282037,0.08386396104469895,0.00915553214144893,0.016501306323334575,0.03970312629826367,phase3_12_compat_selection_no_phase4_no_cps
ok,2026-07-07T15:18:42+0800,2026-07-07T15:19:24+0800,41.638,0,0,"/data/state_diff2/scripts/phase3_policy_rollout.py:104: UserWarning: pkg_resources is deprecated as an API. See https://setuptools.pypa.io/en/latest/pkg_resources.html. The pkg_resources package is slated for removal as early as 2025-11-30. Refrain from using this package or pin to Setuptools<81.
  import pkg_resources

{""condition"": ""hidden_breakaway_pin"", ""delta_fraction"": 0.125, ""failure"": """", ""final_fraction"": 0.125, ""selector"": ""compat_global_topk"", ""status"": ""ok""}
",compat_global_topk,0,hidden_breakaway_pin,312002,2,0,0.0,0.125,0.125,16,,0.0078125,1,0.375,0.0,0.07935934129636735,0.07935934129636735,0.213697239018511,0.3977909814566374,0.7693422436714172,0.0,0.2203698162920773,0.20741598622407764,0.0062349015061045066,0.01610487059224397,0.03802238963544369,phase3_12_compat_selection_no_phase4_no_cps
ok,2026-07-07T15:19:24+0800,2026-07-07T15:20:01+0800,37.586,0,0,"/data/state_diff2/scripts/phase3_policy_rollout.py:104: UserWarning: pkg_resources is deprecated as an API. See https://setuptools.pypa.io/en/latest/pkg_resources.html. The pkg_resources package is slated for removal as early as 2025-11-30. Refrain from using this package or pin to Setuptools<81.
  import pkg_resources

{""condition"": ""hidden_high_friction"", ""delta_fraction"": 0.0, ""failure"": """", ""final_fraction"": 0.0, ""selector"": ""compat_global_topk"", ""status"": ""ok""}
",compat_global_topk,0,hidden_high_friction,312000,0,0,0.0,0.0,0.0,16,,0.0,0,0.0,0.0,0.17482796602416784,0.17482796602416784,0.48534628604538743,1.1488329134881496,1.4079492092132568,0.0,0.5974485650658607,0.6030977703630924,0.027194483001949266,0.014707725495100021,0.03219154663383961,phase3_12_compat_selection_no_phase4_no_cps
ok,2026-07-07T15:20:02+0800,2026-07-07T15:20:46+0800,44.769,0,0,"/data/state_diff2/scripts/phase3_policy_rollout.py:104: UserWarning: pkg_resources is deprecated as an API. See https://setuptools.pypa.io/en/latest/pkg_resources.html. The pkg_resources package is slated for removal as early as 2025-11-30. Refrain from using this package or pin to Setuptools<81.
  import pkg_resources

{""condition"": ""hidden_high_friction"", ""delta_fraction"": 0.75, ""failure"": """", ""final_fraction"": 0.75, ""selector"": ""compat_global_topk"", ""status"": ""ok""}
",compat_global_topk,0,hidden_high_friction,312001,1,0,0.0,0.75,0.75,16,,0.046875,4,0.0,0.0,0.09084982716012746,0.09084982716012746,0.23617173831444235,0.5968598211184144,0.791482150554657,0.0,0.39532710425555706,0.38985567702911794,0.009181365952827036,0.009533737087622285,0.034173878259025514,phase3_12_compat_selection_no_phase4_no_cps
ok,2026-07-07T15:20:46+0800,2026-07-07T15:21:29+0800,42.624,0,0,"/data/state_diff2/scripts/phase3_policy_rollout.py:104: UserWarning: pkg_resources is deprecated as an API. See https://setuptools.pypa.io/en/latest/pkg_resources.html. The pkg_resources package is slated for removal as early as 2025-11-30. Refrain from using this package or pin to Setuptools<81.
  import pkg_resources

{""condition"": ""hidden_high_friction"", ""delta_fraction"": 0.0, ""failure"": """", ""final_fraction"": 0.0, ""selector"": ""compat_global_topk"", ""status"": ""ok""}
",compat_global_topk,0,hidden_high_friction,312002,2,0,0.0,0.0,0.0,16,,0.0,0,0.4375,0.0,0.06788882857654244,0.06788882857654244,0.21562546532601118,0.404873501509428,0.6377697587013245,0.0,0.16452720947563648,0.157485568895936,0.007727380230790004,0.01511439774185419,0.029059612774290144,phase3_12_compat_selection_no_phase4_no_cps
ok,2026-07-07T15:21:29+0800,2026-07-07T15:22:13+0800,43.529,0,0,"/data/state_diff2/scripts/phase3_policy_rollout.py:104: UserWarning: pkg_resources is deprecated as an API. See https://setuptools.pypa.io/en/latest/pkg_resources.html. The pkg_resources package is slated for removal as early as 2025-11-30. Refrain from using this package or pin to Setuptools<81.
  import pkg_resources

{""condition"": ""free"", ""delta_fraction"": 0.0, ""failure"": """", ""final_fraction"": 0.0, ""selector"": ""compat_condition_topk"", ""status"": ""ok""}
",compat_condition_topk,1,free,312000,0,0,0.0,0.0,0.0,16,,0.0,1,1.0,0.0,0.05425573408138007,0.05425573408138007,0.1997062251647003,0.34160284511744976,0.6985460519790649,0.0,0.0831690295599401,0.07840766967274249,0.0035455972974887118,0.006377625046297908,0.04018751927651465,phase3_12_compat_selection_no_phase4_no_cps
ok,2026-07-07T15:22:13+0800,2026-07-07T15:22:50+0800,37.655,0,0,"/data/state_diff2/scripts/phase3_policy_rollout.py:104: UserWarning: pkg_resources is deprecated as an API. See https://setuptools.pypa.io/en/latest/pkg_resources.html. The pkg_resources package is slated for removal as early as 2025-11-30. Refrain from using this package or pin to Setuptools<81.
  import pkg_resources

{""condition"": ""free"", ""delta_fraction"": 0.0, ""failure"": """", ""final_fraction"": 0.0, ""selector"": ""compat_condition_topk"", ""status"": ""ok""}
",compat_condition_topk,1,free,312001,1,0,0.0,0.0,0.0,16,,0.0,0,1.0,0.0,0.0855008385842666,0.0855008385842666,0.3450748300482519,0.554331136867404,0.5882006287574768,0.0,0.0942253505345434,0.036295013036578894,0.010923293288215064,0.062127221608534455,0.03948566224426031,phase3_12_compat_selection_no_phase4_no_cps
ok,2026-07-07T15:22:50+0800,2026-07-07T15:23:33+0800,42.220,0,0,"/data/state_diff2/scripts/phase3_policy_rollout.py:104: UserWarning: pkg_resources is deprecated as an API. See https://setuptools.pypa.io/en/latest/pkg_resources.html. The pkg_resources package is slated for removal as early as 2025-11-30. Refrain from using this package or pin to Setuptools<81.
  import pkg_resources

{""condition"": ""free"", ""delta_fraction"": 0.0, ""failure"": """", ""final_fraction"": 0.0, ""selector"": ""compat_condition_topk"", ""status"": ""ok""}
",compat_condition_topk,1,free,312002,2,0,0.0,0.0,0.0,16,,0.0,0,1.0,0.0,0.06421168125234544,0.06421168125234544,0.23646028582239526,0.3889892240986228,0.6073355078697205,0.0,0.11873107054270804,0.09231929783709347,0.008429733119555749,0.030093171633780003,0.04006728483363986,phase3_12_compat_selection_no_phase4_no_cps
ok,2026-07-07T15:23:33+0800,2026-07-07T15:24:10+0800,37.850,0,0,"/data/state_diff2/scripts/phase3_policy_rollout.py:104: UserWarning: pkg_resources is deprecated as an API. See https://setuptools.pypa.io/en/latest/pkg_resources.html. The pkg_resources package is slated for removal as early as 2025-11-30. Refrain from using this package or pin to Setuptools<81.
  import pkg_resources

{""condition"": ""hidden_breakaway_pin"", ""delta_fraction"": 0.0, ""failure"": """", ""final_fraction"": 0.0, ""selector"": ""compat_condition_topk"", ""status"": ""ok""}
",compat_condition_topk,1,hidden_breakaway_pin,312000,0,0,0.0,0.0,0.0,16,,0.0,0,1.0,0.0,0.09625506564043462,0.09625506564043462,0.2865456398576498,0.5111946538090706,0.9222992062568665,0.0,0.12467422895133495,0.08132866211235523,0.0067300606169737875,0.04334556683897972,0.039812028873711824,phase3_12_compat_selection_no_phase4_no_cps
ok,2026-07-07T15:24:11+0800,2026-07-07T15:24:50+0800,39.522,0,0,"/data/state_diff2/scripts/phase3_policy_rollout.py:104: UserWarning: pkg_resources is deprecated as an API. See https://setuptools.pypa.io/en/latest/pkg_resources.html. The pkg_resources package is slated for removal as early as 2025-11-30. Refrain from using this package or pin to Setuptools<81.
  import pkg_resources

{""condition"": ""hidden_breakaway_pin"", ""delta_fraction"": 0.0, ""failure"": """", ""final_fraction"": 0.0, ""selector"": ""compat_condition_topk"", ""status"": ""ok""}
",compat_condition_topk,1,hidden_breakaway_pin,312001,1,0,0.0,0.0,0.0,16,,0.0,0,1.0,0.0,0.1481361539917998,0.1481361539917998,0.30809002264286395,0.5996692609041929,0.8571717739105225,0.0,0.19911653455346823,0.1912564067170024,0.010499622621864546,0.014002494513988495,0.03997583012096584,phase3_12_compat_selection_no_phase4_no_cps
ok,2026-07-07T15:24:50+0800,2026-07-07T15:25:32+0800,41.556,0,0,"/data/state_diff2/scripts/phase3_policy_rollout.py:104: UserWarning: pkg_resources is deprecated as an API. See https://setuptools.pypa.io/en/latest/pkg_resources.html. The pkg_resources package is slated for removal as early as 2025-11-30. Refrain from using this package or pin to Setuptools<81.
  import pkg_resources

{""condition"": ""hidden_breakaway_pin"", ""delta_fraction"": 0.0, ""failure"": """", ""final_fraction"": 0.0, ""selector"": ""compat_condition_topk"", ""status"": ""ok""}
",compat_condition_topk,1,hidden_breakaway_pin,312002,2,0,0.0,0.0,0.0,16,,0.0,0,1.0,0.0,0.05166883917991072,0.05166883917991072,0.2040238595684059,0.2452772557735443,0.6242473125457764,0.0,0.07885161717422307,0.05300340126268566,0.007124440322513692,0.02584821591153741,0.03830825677141547,phase3_12_compat_selection_no_phase4_no_cps
ok,2026-07-07T15:25:32+0800,2026-07-07T15:26:17+0800,44.969,0,0,"/data/state_diff2/scripts/phase3_policy_rollout.py:104: UserWarning: pkg_resources is deprecated as an API. See https://setuptools.pypa.io/en/latest/pkg_resources.html. The pkg_resources package is slated for removal as early as 2025-11-30. Refrain from using this package or pin to Setuptools<81.
  import pkg_resources

{""condition"": ""hidden_high_friction"", ""delta_fraction"": 0.4583333333333333, ""failure"": """", ""final_fraction"": 0.4583333333333333, ""selector"": ""compat_condition_topk"", ""status"": ""ok""}
",compat_condition_topk,1,hidden_high_friction,312000,0,0,0.0,0.4583333333333333,0.4583333333333333,16,,0.028645833333333332,6,1.0,0.0,0.06920478749088943,0.06920478749088943,0.18922635012539105,0.321681656409055,0.6657556891441345,0.0,0.10057695442810655,0.09537299536168575,0.005103098737890832,0.012705118861049414,0.03307804698124528,phase3_12_compat_selection_no_phase4_no_cps
ok,2026-07-07T15:26:17+0800,2026-07-07T15:27:00+0800,42.819,0,0,"/data/state_diff2/scripts/phase3_policy_rollout.py:104: UserWarning: pkg_resources is deprecated as an API. See https://setuptools.pypa.io/en/latest/pkg_resources.html. The pkg_resources package is slated for removal as early as 2025-11-30. Refrain from using this package or pin to Setuptools<81.
  import pkg_resources

{""condition"": ""hidden_high_friction"", ""delta_fraction"": 0.0, ""failure"": """", ""final_fraction"": 0.0, ""selector"": ""compat_condition_topk"", ""status"": ""ok""}
",compat_condition_topk,1,hidden_high_friction,312001,1,0,0.0,0.0,0.0,16,,0.0,0,1.0,0.0,0.07018305594101548,0.07018305594101548,0.21211222709156574,0.33984918147325516,0.5869248509407043,0.0,0.08726327412296087,0.08211242198012769,0.0069043172406964,0.00825175002682954,0.037051672814413905,phase3_12_compat_selection_no_phase4_no_cps
ok,2026-07-07T15:27:00+0800,2026-07-07T15:27:41+0800,41.453,0,0,"/data/state_diff2/scripts/phase3_policy_rollout.py:104: UserWarning: pkg_resources is deprecated as an API. See https://setuptools.pypa.io/en/latest/pkg_resources.html. The pkg_resources package is slated for removal as early as 2025-11-30. Refrain from using this package or pin to Setuptools<81.
  import pkg_resources

{""condition"": ""hidden_high_friction"", ""delta_fraction"": 0.0, ""failure"": """", ""final_fraction"": 0.0, ""selector"": ""compat_condition_topk"", ""status"": ""ok""}
",compat_condition_topk,1,hidden_high_friction,312002,2,0,0.0,0.0,0.0,16,,0.0,0,1.0,0.0,0.06937890651170164,0.06937890651170164,0.21436175074893982,0.37289044819772243,0.7099871635437012,0.0,0.0800910359248519,0.08137303753755987,0.008239535032771528,0.004120359430089593,0.04023682791739702,phase3_12_compat_selection_no_phase4_no_cps
ok,2026-07-07T15:27:42+0800,2026-07-07T15:28:26+0800,43.308,0,0,"/data/state_diff2/scripts/phase3_policy_rollout.py:104: UserWarning: pkg_resources is deprecated as an API. See https://setuptools.pypa.io/en/latest/pkg_resources.html. The pkg_resources package is slated for removal as early as 2025-11-30. Refrain from using this package or pin to Setuptools<81.
  import pkg_resources

{""condition"": ""free"", ""delta_fraction"": 0.0, ""failure"": """", ""final_fraction"": 0.0, ""selector"": ""compat_condition_action_geom"", ""status"": ""ok""}
",compat_condition_action_geom,1,free,312000,0,0,0.0,0.0,0.0,16,,0.0,0,1.0,0.0,0.07656750571914017,0.07656750571914017,0.24355389197357,0.41986567713320255,0.6285071969032288,0.0,0.06575147481635213,0.056854191701859236,0.006377678277203813,0.009436267428100109,0.03985360264778137,phase3_12_compat_selection_no_phase4_no_cps
ok,2026-07-07T15:28:26+0800,2026-07-07T15:29:04+0800,38.345,0,0,"/data/state_diff2/scripts/phase3_policy_rollout.py:104: UserWarning: pkg_resources is deprecated as an API. See https://setuptools.pypa.io/en/latest/pkg_resources.html. The pkg_resources package is slated for removal as early as 2025-11-30. Refrain from using this package or pin to Setuptools<81.
  import pkg_resources

{""condition"": ""free"", ""delta_fraction"": 0.0, ""failure"": """", ""final_fraction"": 0.0, ""selector"": ""compat_condition_action_geom"", ""status"": ""ok""}
",compat_condition_action_geom,1,free,312001,1,0,0.0,0.0,0.0,16,,0.0,0,1.0,0.0,0.15364798461087048,0.15364798461087048,0.396242106333375,0.7974805682897568,0.8863987922668457,0.0,0.18825162667781115,0.1905153999105096,0.02023247684701346,0.005230816081166267,0.038471500389277935,phase3_12_compat_selection_no_phase4_no_cps
ok,2026-07-07T15:29:05+0800,2026-07-07T15:29:47+0800,42.380,0,0,"/data/state_diff2/scripts/phase3_policy_rollout.py:104: UserWarning: pkg_resources is deprecated as an API. See https://setuptools.pypa.io/en/latest/pkg_resources.html. The pkg_resources package is slated for removal as early as 2025-11-30. Refrain from using this package or pin to Setuptools<81.
  import pkg_resources

{""condition"": ""free"", ""delta_fraction"": 0.375, ""failure"": """", ""final_fraction"": 0.375, ""selector"": ""compat_condition_action_geom"", ""status"": ""ok""}
",compat_condition_action_geom,1,free,312002,2,0,0.0,0.375,0.375,16,,0.0234375,3,1.0,0.0,0.06515656103147194,0.06515656103147194,0.24645290803164246,0.4736141785979271,0.6337721347808838,0.0,0.05737970827613026,0.05089533259160817,0.005868814310815651,0.007583165424875915,0.040157555835321546,phase3_12_compat_selection_no_phase4_no_cps
ok,2026-07-07T15:29:47+0800,2026-07-07T15:30:29+0800,41.691,0,0,"/data/state_diff2/scripts/phase3_policy_rollout.py:104: UserWarning: pkg_resources is deprecated as an API. See https://setuptools.pypa.io/en/latest/pkg_resources.html. The pkg_resources package is slated for removal as early as 2025-11-30. Refrain from using this package or pin to Setuptools<81.
  import pkg_resources

{""condition"": ""hidden_breakaway_pin"", ""delta_fraction"": 0.125, ""failure"": """", ""final_fraction"": 0.125, ""selector"": ""compat_condition_action_geom"", ""status"": ""ok""}
",compat_condition_action_geom,1,hidden_breakaway_pin,312000,0,0,0.0,0.125,0.125,16,,0.0078125,1,1.0,0.0,0.09661217592656612,0.09661217592656612,0.26361485156230624,0.5352489985525608,0.9497109055519104,0.0,0.07162436668295413,0.06368582742288709,0.00528109900187701,0.010639776126481593,0.03874669410288334,phase3_12_compat_selection_no_phase4_no_cps
ok,2026-07-07T15:30:29+0800,2026-07-07T15:31:08+0800,38.406,0,0,"/data/state_diff2/scripts/phase3_policy_rollout.py:104: UserWarning: pkg_resources is deprecated as an API. See https://setuptools.pypa.io/en/latest/pkg_resources.html. The pkg_resources package is slated for removal as early as 2025-11-30. Refrain from using this package or pin to Setuptools<81.
  import pkg_resources

{""condition"": ""hidden_breakaway_pin"", ""delta_fraction"": 0.0, ""failure"": """", ""final_fraction"": 0.0, ""selector"": ""compat_condition_action_geom"", ""status"": ""ok""}
",compat_condition_action_geom,1,hidden_breakaway_pin,312001,1,0,0.0,0.0,0.0,16,,0.0,0,1.0,0.0,0.10979889117879793,0.10979889117879793,0.33788081852952023,0.6685253754258156,0.7000042796134949,0.0,0.08472046721726656,0.07544448249973357,0.010560167764197104,0.011240341467782855,0.03930238075554371,phase3_12_compat_selection_no_phase4_no_cps
ok,2026-07-07T15:31:08+0800,2026-07-07T15:31:46+0800,37.719,0,0,"/data/state_diff2/scripts/phase3_policy_rollout.py:104: UserWarning: pkg_resources is deprecated as an API. See https://setuptools.pypa.io/en/latest/pkg_resources.html. The pkg_resources package is slated for removal as early as 2025-11-30. Refrain from using this package or pin to Setuptools<81.
  import pkg_resources

{""condition"": ""hidden_breakaway_pin"", ""delta_fraction"": 0.0, ""failure"": """", ""final_fraction"": 0.0, ""selector"": ""compat_condition_action_geom"", ""status"": ""ok""}
",compat_condition_action_geom,1,hidden_breakaway_pin,312002,2,0,0.0,0.0,0.0,16,,0.0,0,1.0,0.0,0.16451364464592189,0.16451364464592189,0.32896352473180746,0.794351115822792,0.8465854525566101,0.0,0.22957262210547924,0.22919108532369137,0.010006322641856968,0.006205741316080093,0.03962535923346877,phase3_12_compat_selection_no_phase4_no_cps
ok,2026-07-07T15:31:46+0800,2026-07-07T15:32:29+0800,43.057,0,0,"/data/state_diff2/scripts/phase3_policy_rollout.py:104: UserWarning: pkg_resources is deprecated as an API. See https://setuptools.pypa.io/en/latest/pkg_resources.html. The pkg_resources package is slated for removal as early as 2025-11-30. Refrain from using this package or pin to Setuptools<81.
  import pkg_resources

{""condition"": ""hidden_high_friction"", ""delta_fraction"": 0.125, ""failure"": """", ""final_fraction"": 0.125, ""selector"": ""compat_condition_action_geom"", ""status"": ""ok""}
",compat_condition_action_geom,1,hidden_high_friction,312000,0,0,0.0,0.125,0.125,16,,0.0078125,2,1.0,0.0,0.0862746803322807,0.0862746803322807,0.23468727607280016,0.5077095283195376,0.7114927768707275,0.0,0.09188417694531381,0.0894792485050857,0.006767609884263948,0.005299209849908948,0.039333119289949536,phase3_12_compat_selection_no_phase4_no_cps
ok,2026-07-07T15:32:29+0800,2026-07-07T15:33:13+0800,43.398,0,0,"/data/state_diff2/scripts/phase3_policy_rollout.py:104: UserWarning: pkg_resources is deprecated as an API. See https://setuptools.pypa.io/en/latest/pkg_resources.html. The pkg_resources package is slated for removal as early as 2025-11-30. Refrain from using this package or pin to Setuptools<81.
  import pkg_resources

{""condition"": ""hidden_high_friction"", ""delta_fraction"": 0.0, ""failure"": """", ""final_fraction"": 0.0, ""selector"": ""compat_condition_action_geom"", ""status"": ""ok""}
",compat_condition_action_geom,1,hidden_high_friction,312001,1,0,0.0,0.0,0.0,16,,0.0,0,1.0,0.0,0.08887851156760007,0.08887851156760007,0.23128232559654863,0.3759375512599945,0.8941973447799683,0.0,0.11098362342454493,0.10563692008145154,0.00633324624504894,0.008306609932333231,0.03948670742101967,phase3_12_compat_selection_no_phase4_no_cps
ok,2026-07-07T15:33:14+0800,2026-07-07T15:33:58+0800,43.887,0,0,"/data/state_diff2/scripts/phase3_policy_rollout.py:104: UserWarning: pkg_resources is deprecated as an API. See https://setuptools.pypa.io/en/latest/pkg_resources.html. The pkg_resources package is slated for removal as early as 2025-11-30. Refrain from using this package or pin to Setuptools<81.
  import pkg_resources

{""condition"": ""hidden_high_friction"", ""delta_fraction"": 0.0, ""failure"": """", ""final_fraction"": 0.0, ""selector"": ""compat_condition_action_geom"", ""status"": ""ok""}
",compat_condition_action_geom,1,hidden_high_friction,312002,2,0,0.0,0.0,0.0,16,,0.0,0,1.0,0.0,0.09589662356302142,0.09589662356302142,0.25410977863240986,0.44113538786768913,0.8672806620597839,0.0,0.13630893221125007,0.12955610710196197,0.007194136982434429,0.008728144923225045,0.03201004734728485,phase3_12_compat_selection_no_phase4_no_cps
