idx,condition,decode_ok,primitive,primitive_ok,pose0_workspace_ok,pose1_workspace_ok,quat_norm_ok,vec_norm,vec_min,vec_max,pose0_x,pose0_y,pose0_z,pose1_x,pose1_y,pose1_z,action_repr,error
0,free,True,pick_place,True,True,True,True,1.665436029434204,-0.016988500952720642,1.0,0.668749988079071,0.40625,0.03550928086042404,0.3997460603713989,-0.016988500952720642,-0.00808842945843935,"{""camera_config"": [{""image_size"": [480, 640], ""intrinsics"": [450.0, 0, 320.0, 0, 450.0, 240.0, 0, 0, 1], ""position"": [1.0, 0, 0.75], ""rotation"": [0.6532814824381883, 0.6532814824381884, -0.2705980500730986, -0.27059805007309845], ""zrange"": [0.01, 10.0], ""noise"": false}, {""image_size"": [480, 640], ""intrinsics"": [450.0, 0, 320.0, 0, 450.0, 240.0, 0, 0, 1], ""position"": [0, 0.5, 0.75], ""rotation"": [-0.3596047974904982, 0.8681627791959909, -0.3159854101251621, 0.1308854423858669], ""zrange"": [0.01, 10.0], ""noise"": false}, {""image_size"": [480, 640], ""intrinsics"": [450.0, 0, 320.0, 0, 450.0, 240.0, 0, 0, 1], ""position"": [0, -0.5, 0.75], ""rotation"": [-0.8681627791959909, 0.3596047974904982, -0.13088544238586683, 0.3159854101251621], ""zrange"": [0.01, 10.0], ""noise"": false}], ""primitive"": ""pick_place"", ""params"": {""pose0"": [[0.668749988079071, 0.40625, 0.03550928086042404], [0.0, 0.0, 0.0, 1.0]], ""pose1"": [[0.3997460603713989, -0.016988500952720642, -0.00808842945843935], [0.0, 0.0, 0.0, 1.0]]}}",
4,free,True,pick_place,True,True,True,True,1.683850884437561,0.0,1.0,0.6000000238418579,0.23125000298023224,0.013128692284226418,0.6216307878494263,0.18776901066303253,0.0047466750256717205,"{""camera_config"": [{""image_size"": [480, 640], ""intrinsics"": [450.0, 0, 320.0, 0, 450.0, 240.0, 0, 0, 1], ""position"": [1.0, 0, 0.75], ""rotation"": [0.6532814824381883, 0.6532814824381884, -0.2705980500730986, -0.27059805007309845], ""zrange"": [0.01, 10.0], ""noise"": false}, {""image_size"": [480, 640], ""intrinsics"": [450.0, 0, 320.0, 0, 450.0, 240.0, 0, 0, 1], ""position"": [0, 0.5, 0.75], ""rotation"": [-0.3596047974904982, 0.8681627791959909, -0.3159854101251621, 0.1308854423858669], ""zrange"": [0.01, 10.0], ""noise"": false}, {""image_size"": [480, 640], ""intrinsics"": [450.0, 0, 320.0, 0, 450.0, 240.0, 0, 0, 1], ""position"": [0, -0.5, 0.75], ""rotation"": [-0.8681627791959909, 0.3596047974904982, -0.13088544238586683, 0.3159854101251621], ""zrange"": [0.01, 10.0], ""noise"": false}], ""primitive"": ""pick_place"", ""params"": {""pose0"": [[0.6000000238418579, 0.23125000298023224, 0.013128692284226418], [0.0, 0.0, 0.0, 1.0]], ""pose1"": [[0.6216307878494263, 0.18776901066303253, 0.0047466750256717205], [0.0, 0.0, 0",
8,free,True,pick_place,True,True,True,True,1.5209747552871704,-0.02012024074792862,1.0,0.40937501192092896,-0.0062500000931322575,0.012938774190843105,0.3809899091720581,-0.02012024074792862,0.003396071493625641,"{""camera_config"": [{""image_size"": [480, 640], ""intrinsics"": [450.0, 0, 320.0, 0, 450.0, 240.0, 0, 0, 1], ""position"": [1.0, 0, 0.75], ""rotation"": [0.6532814824381883, 0.6532814824381884, -0.2705980500730986, -0.27059805007309845], ""zrange"": [0.01, 10.0], ""noise"": false}, {""image_size"": [480, 640], ""intrinsics"": [450.0, 0, 320.0, 0, 450.0, 240.0, 0, 0, 1], ""position"": [0, 0.5, 0.75], ""rotation"": [-0.3596047974904982, 0.8681627791959909, -0.3159854101251621, 0.1308854423858669], ""zrange"": [0.01, 10.0], ""noise"": false}, {""image_size"": [480, 640], ""intrinsics"": [450.0, 0, 320.0, 0, 450.0, 240.0, 0, 0, 1], ""position"": [0, -0.5, 0.75], ""rotation"": [-0.8681627791959909, 0.3596047974904982, -0.13088544238586683, 0.3159854101251621], ""zrange"": [0.01, 10.0], ""noise"": false}], ""primitive"": ""pick_place"", ""params"": {""pose0"": [[0.40937501192092896, -0.0062500000931322575, 0.012938774190843105], [0.0, 0.0, 0.0, 1.0]], ""pose1"": [[0.3809899091720581, -0.02012024074792862, 0.003396071493625641], [0.0, 0.",
12,free,True,pick_place,True,True,True,True,1.6167184114456177,-0.2593750059604645,1.0,0.5625,-0.2593750059604645,0.013421381823718548,0.4773366451263428,0.0454338937997818,0.0014760370831936598,"{""camera_config"": [{""image_size"": [480, 640], ""intrinsics"": [450.0, 0, 320.0, 0, 450.0, 240.0, 0, 0, 1], ""position"": [1.0, 0, 0.75], ""rotation"": [0.6532814824381883, 0.6532814824381884, -0.2705980500730986, -0.27059805007309845], ""zrange"": [0.01, 10.0], ""noise"": false}, {""image_size"": [480, 640], ""intrinsics"": [450.0, 0, 320.0, 0, 450.0, 240.0, 0, 0, 1], ""position"": [0, 0.5, 0.75], ""rotation"": [-0.3596047974904982, 0.8681627791959909, -0.3159854101251621, 0.1308854423858669], ""zrange"": [0.01, 10.0], ""noise"": false}, {""image_size"": [480, 640], ""intrinsics"": [450.0, 0, 320.0, 0, 450.0, 240.0, 0, 0, 1], ""position"": [0, -0.5, 0.75], ""rotation"": [-0.8681627791959909, 0.3596047974904982, -0.13088544238586683, 0.3159854101251621], ""zrange"": [0.01, 10.0], ""noise"": false}], ""primitive"": ""pick_place"", ""params"": {""pose0"": [[0.5625, -0.2593750059604645, 0.013421381823718548], [0.0, 0.0, 0.0, 1.0]], ""pose1"": [[0.4773366451263428, 0.0454338937997818, 0.0014760370831936598], [0.0, 0.0, 0.0, 1.0]]}}",
16,free,True,pick_place,True,True,True,True,1.604093074798584,-0.2563497722148895,1.0,0.49687498807907104,-0.05937499925494194,0.013407344929873943,0.5067554116249084,-0.2563497722148895,-0.00290874601341784,"{""camera_config"": [{""image_size"": [480, 640], ""intrinsics"": [450.0, 0, 320.0, 0, 450.0, 240.0, 0, 0, 1], ""position"": [1.0, 0, 0.75], ""rotation"": [0.6532814824381883, 0.6532814824381884, -0.2705980500730986, -0.27059805007309845], ""zrange"": [0.01, 10.0], ""noise"": false}, {""image_size"": [480, 640], ""intrinsics"": [450.0, 0, 320.0, 0, 450.0, 240.0, 0, 0, 1], ""position"": [0, 0.5, 0.75], ""rotation"": [-0.3596047974904982, 0.8681627791959909, -0.3159854101251621, 0.1308854423858669], ""zrange"": [0.01, 10.0], ""noise"": false}, {""image_size"": [480, 640], ""intrinsics"": [450.0, 0, 320.0, 0, 450.0, 240.0, 0, 0, 1], ""position"": [0, -0.5, 0.75], ""rotation"": [-0.8681627791959909, 0.3596047974904982, -0.13088544238586683, 0.3159854101251621], ""zrange"": [0.01, 10.0], ""noise"": false}], ""primitive"": ""pick_place"", ""params"": {""pose0"": [[0.49687498807907104, -0.05937499925494194, 0.013407344929873943], [0.0, 0.0, 0.0, 1.0]], ""pose1"": [[0.5067554116249084, -0.2563497722148895, -0.00290874601341784], [0.0, 0.0, ",
20,free,True,pick_place,True,True,True,True,1.555554747581482,-0.15559795498847961,1.0,0.5249999761581421,-0.05000000074505806,0.013376179151237011,0.342384397983551,-0.15559795498847961,0.0029880418442189693,"{""camera_config"": [{""image_size"": [480, 640], ""intrinsics"": [450.0, 0, 320.0, 0, 450.0, 240.0, 0, 0, 1], ""position"": [1.0, 0, 0.75], ""rotation"": [0.6532814824381883, 0.6532814824381884, -0.2705980500730986, -0.27059805007309845], ""zrange"": [0.01, 10.0], ""noise"": false}, {""image_size"": [480, 640], ""intrinsics"": [450.0, 0, 320.0, 0, 450.0, 240.0, 0, 0, 1], ""position"": [0, 0.5, 0.75], ""rotation"": [-0.3596047974904982, 0.8681627791959909, -0.3159854101251621, 0.1308854423858669], ""zrange"": [0.01, 10.0], ""noise"": false}, {""image_size"": [480, 640], ""intrinsics"": [450.0, 0, 320.0, 0, 450.0, 240.0, 0, 0, 1], ""position"": [0, -0.5, 0.75], ""rotation"": [-0.8681627791959909, 0.3596047974904982, -0.13088544238586683, 0.3159854101251621], ""zrange"": [0.01, 10.0], ""noise"": false}], ""primitive"": ""pick_place"", ""params"": {""pose0"": [[0.5249999761581421, -0.05000000074505806, 0.013376179151237011], [0.0, 0.0, 0.0, 1.0]], ""pose1"": [[0.342384397983551, -0.15559795498847961, 0.0029880418442189693], [0.0, 0.0, ",
24,free,True,pick_place,True,True,True,True,1.6433066129684448,-0.47187501192092896,1.0,0.33125001192092896,-0.47187501192092896,0.022637227550148964,0.6062376499176025,0.005239523947238922,-0.0002356770564801991,"{""camera_config"": [{""image_size"": [480, 640], ""intrinsics"": [450.0, 0, 320.0, 0, 450.0, 240.0, 0, 0, 1], ""position"": [1.0, 0, 0.75], ""rotation"": [0.6532814824381883, 0.6532814824381884, -0.2705980500730986, -0.27059805007309845], ""zrange"": [0.01, 10.0], ""noise"": false}, {""image_size"": [480, 640], ""intrinsics"": [450.0, 0, 320.0, 0, 450.0, 240.0, 0, 0, 1], ""position"": [0, 0.5, 0.75], ""rotation"": [-0.3596047974904982, 0.8681627791959909, -0.3159854101251621, 0.1308854423858669], ""zrange"": [0.01, 10.0], ""noise"": false}, {""image_size"": [480, 640], ""intrinsics"": [450.0, 0, 320.0, 0, 450.0, 240.0, 0, 0, 1], ""position"": [0, -0.5, 0.75], ""rotation"": [-0.8681627791959909, 0.3596047974904982, -0.13088544238586683, 0.3159854101251621], ""zrange"": [0.01, 10.0], ""noise"": false}], ""primitive"": ""pick_place"", ""params"": {""pose0"": [[0.33125001192092896, -0.47187501192092896, 0.022637227550148964], [0.0, 0.0, 0.0, 1.0]], ""pose1"": [[0.6062376499176025, 0.005239523947238922, -0.0002356770564801991], [0.0, 0.",
28,free,True,pick_place,True,True,True,True,1.5608959197998047,-0.24687500298023224,1.0,0.4937500059604645,-0.24687500298023224,0.013407309539616108,0.34316128492355347,0.11712785065174103,-0.001230181660503149,"{""camera_config"": [{""image_size"": [480, 640], ""intrinsics"": [450.0, 0, 320.0, 0, 450.0, 240.0, 0, 0, 1], ""position"": [1.0, 0, 0.75], ""rotation"": [0.6532814824381883, 0.6532814824381884, -0.2705980500730986, -0.27059805007309845], ""zrange"": [0.01, 10.0], ""noise"": false}, {""image_size"": [480, 640], ""intrinsics"": [450.0, 0, 320.0, 0, 450.0, 240.0, 0, 0, 1], ""position"": [0, 0.5, 0.75], ""rotation"": [-0.3596047974904982, 0.8681627791959909, -0.3159854101251621, 0.1308854423858669], ""zrange"": [0.01, 10.0], ""noise"": false}, {""image_size"": [480, 640], ""intrinsics"": [450.0, 0, 320.0, 0, 450.0, 240.0, 0, 0, 1], ""position"": [0, -0.5, 0.75], ""rotation"": [-0.8681627791959909, 0.3596047974904982, -0.13088544238586683, 0.3159854101251621], ""zrange"": [0.01, 10.0], ""noise"": false}], ""primitive"": ""pick_place"", ""params"": {""pose0"": [[0.4937500059604645, -0.24687500298023224, 0.013407309539616108], [0.0, 0.0, 0.0, 1.0]], ""pose1"": [[0.34316128492355347, 0.11712785065174103, -0.001230181660503149], [0.0, 0.0,",
1,hidden_pin,True,pick_place,True,True,True,True,1.6648446321487427,-0.030143385753035545,1.0,0.6781250238418579,0.40937501192092896,0.02290579304099083,0.3779291808605194,-0.030143385753035545,-0.0015833125216886401,"{""camera_config"": [{""image_size"": [480, 640], ""intrinsics"": [450.0, 0, 320.0, 0, 450.0, 240.0, 0, 0, 1], ""position"": [1.0, 0, 0.75], ""rotation"": [0.6532814824381883, 0.6532814824381884, -0.2705980500730986, -0.27059805007309845], ""zrange"": [0.01, 10.0], ""noise"": false}, {""image_size"": [480, 640], ""intrinsics"": [450.0, 0, 320.0, 0, 450.0, 240.0, 0, 0, 1], ""position"": [0, 0.5, 0.75], ""rotation"": [-0.3596047974904982, 0.8681627791959909, -0.3159854101251621, 0.1308854423858669], ""zrange"": [0.01, 10.0], ""noise"": false}, {""image_size"": [480, 640], ""intrinsics"": [450.0, 0, 320.0, 0, 450.0, 240.0, 0, 0, 1], ""position"": [0, -0.5, 0.75], ""rotation"": [-0.8681627791959909, 0.3596047974904982, -0.13088544238586683, 0.3159854101251621], ""zrange"": [0.01, 10.0], ""noise"": false}], ""primitive"": ""pick_place"", ""params"": {""pose0"": [[0.6781250238418579, 0.40937501192092896, 0.02290579304099083], [0.0, 0.0, 0.0, 1.0]], ""pose1"": [[0.3779291808605194, -0.030143385753035545, -0.0015833125216886401], [0.0, 0.0,",
5,hidden_pin,True,pick_place,True,True,True,True,1.6572567224502563,-0.03368690237402916,1.0,0.6156250238418579,0.46562498807907104,0.0132673978805542,0.38641947507858276,-0.03368690237402916,-0.008274712599813938,"{""camera_config"": [{""image_size"": [480, 640], ""intrinsics"": [450.0, 0, 320.0, 0, 450.0, 240.0, 0, 0, 1], ""position"": [1.0, 0, 0.75], ""rotation"": [0.6532814824381883, 0.6532814824381884, -0.2705980500730986, -0.27059805007309845], ""zrange"": [0.01, 10.0], ""noise"": false}, {""image_size"": [480, 640], ""intrinsics"": [450.0, 0, 320.0, 0, 450.0, 240.0, 0, 0, 1], ""position"": [0, 0.5, 0.75], ""rotation"": [-0.3596047974904982, 0.8681627791959909, -0.3159854101251621, 0.1308854423858669], ""zrange"": [0.01, 10.0], ""noise"": false}, {""image_size"": [480, 640], ""intrinsics"": [450.0, 0, 320.0, 0, 450.0, 240.0, 0, 0, 1], ""position"": [0, -0.5, 0.75], ""rotation"": [-0.8681627791959909, 0.3596047974904982, -0.13088544238586683, 0.3159854101251621], ""zrange"": [0.01, 10.0], ""noise"": false}], ""primitive"": ""pick_place"", ""params"": {""pose0"": [[0.6156250238418579, 0.46562498807907104, 0.0132673978805542], [0.0, 0.0, 0.0, 1.0]], ""pose1"": [[0.38641947507858276, -0.03368690237402916, -0.008274712599813938], [0.0, 0.0, 0",
9,hidden_pin,True,pick_place,True,True,True,True,1.6837775707244873,-0.004436430521309376,1.0,0.625,0.49687498807907104,0.012593133375048637,0.44353920221328735,0.026303932070732117,-0.004436430521309376,"{""camera_config"": [{""image_size"": [480, 640], ""intrinsics"": [450.0, 0, 320.0, 0, 450.0, 240.0, 0, 0, 1], ""position"": [1.0, 0, 0.75], ""rotation"": [0.6532814824381883, 0.6532814824381884, -0.2705980500730986, -0.27059805007309845], ""zrange"": [0.01, 10.0], ""noise"": false}, {""image_size"": [480, 640], ""intrinsics"": [450.0, 0, 320.0, 0, 450.0, 240.0, 0, 0, 1], ""position"": [0, 0.5, 0.75], ""rotation"": [-0.3596047974904982, 0.8681627791959909, -0.3159854101251621, 0.1308854423858669], ""zrange"": [0.01, 10.0], ""noise"": false}, {""image_size"": [480, 640], ""intrinsics"": [450.0, 0, 320.0, 0, 450.0, 240.0, 0, 0, 1], ""position"": [0, -0.5, 0.75], ""rotation"": [-0.8681627791959909, 0.3596047974904982, -0.13088544238586683, 0.3159854101251621], ""zrange"": [0.01, 10.0], ""noise"": false}], ""primitive"": ""pick_place"", ""params"": {""pose0"": [[0.625, 0.49687498807907104, 0.012593133375048637], [0.0, 0.0, 0.0, 1.0]], ""pose1"": [[0.44353920221328735, 0.026303932070732117, -0.004436430521309376], [0.0, 0.0, 0.0, 1.0]]}}",
13,hidden_pin,True,pick_place,True,True,True,True,1.6167184114456177,-0.2593750059604645,1.0,0.5625,-0.2593750059604645,0.013421381823718548,0.47733718156814575,0.04542606323957443,0.001470190123654902,"{""camera_config"": [{""image_size"": [480, 640], ""intrinsics"": [450.0, 0, 320.0, 0, 450.0, 240.0, 0, 0, 1], ""position"": [1.0, 0, 0.75], ""rotation"": [0.6532814824381883, 0.6532814824381884, -0.2705980500730986, -0.27059805007309845], ""zrange"": [0.01, 10.0], ""noise"": false}, {""image_size"": [480, 640], ""intrinsics"": [450.0, 0, 320.0, 0, 450.0, 240.0, 0, 0, 1], ""position"": [0, 0.5, 0.75], ""rotation"": [-0.3596047974904982, 0.8681627791959909, -0.3159854101251621, 0.1308854423858669], ""zrange"": [0.01, 10.0], ""noise"": false}, {""image_size"": [480, 640], ""intrinsics"": [450.0, 0, 320.0, 0, 450.0, 240.0, 0, 0, 1], ""position"": [0, -0.5, 0.75], ""rotation"": [-0.8681627791959909, 0.3596047974904982, -0.13088544238586683, 0.3159854101251621], ""zrange"": [0.01, 10.0], ""noise"": false}], ""primitive"": ""pick_place"", ""params"": {""pose0"": [[0.5625, -0.2593750059604645, 0.013421381823718548], [0.0, 0.0, 0.0, 1.0]], ""pose1"": [[0.47733718156814575, 0.04542606323957443, 0.001470190123654902], [0.0, 0.0, 0.0, 1.0]]}}",
17,hidden_pin,True,pick_place,True,True,True,True,1.5918974876403809,-0.171875,1.0,0.518750011920929,-0.171875,0.013692677021026611,0.48192209005355835,0.05526299402117729,-0.002190822036936879,"{""camera_config"": [{""image_size"": [480, 640], ""intrinsics"": [450.0, 0, 320.0, 0, 450.0, 240.0, 0, 0, 1], ""position"": [1.0, 0, 0.75], ""rotation"": [0.6532814824381883, 0.6532814824381884, -0.2705980500730986, -0.27059805007309845], ""zrange"": [0.01, 10.0], ""noise"": false}, {""image_size"": [480, 640], ""intrinsics"": [450.0, 0, 320.0, 0, 450.0, 240.0, 0, 0, 1], ""position"": [0, 0.5, 0.75], ""rotation"": [-0.3596047974904982, 0.8681627791959909, -0.3159854101251621, 0.1308854423858669], ""zrange"": [0.01, 10.0], ""noise"": false}, {""image_size"": [480, 640], ""intrinsics"": [450.0, 0, 320.0, 0, 450.0, 240.0, 0, 0, 1], ""position"": [0, -0.5, 0.75], ""rotation"": [-0.8681627791959909, 0.3596047974904982, -0.13088544238586683, 0.3159854101251621], ""zrange"": [0.01, 10.0], ""noise"": false}], ""primitive"": ""pick_place"", ""params"": {""pose0"": [[0.518750011920929, -0.171875, 0.013692677021026611], [0.0, 0.0, 0.0, 1.0]], ""pose1"": [[0.48192209005355835, 0.05526299402117729, -0.002190822036936879], [0.0, 0.0, 0.0, 1.0]]}",
21,hidden_pin,True,pick_place,True,True,True,True,1.555554986000061,-0.15560075640678406,1.0,0.5249999761581421,-0.05000000074505806,0.013376179151237011,0.3423839807510376,-0.15560075640678406,0.0029879009816795588,"{""camera_config"": [{""image_size"": [480, 640], ""intrinsics"": [450.0, 0, 320.0, 0, 450.0, 240.0, 0, 0, 1], ""position"": [1.0, 0, 0.75], ""rotation"": [0.6532814824381883, 0.6532814824381884, -0.2705980500730986, -0.27059805007309845], ""zrange"": [0.01, 10.0], ""noise"": false}, {""image_size"": [480, 640], ""intrinsics"": [450.0, 0, 320.0, 0, 450.0, 240.0, 0, 0, 1], ""position"": [0, 0.5, 0.75], ""rotation"": [-0.3596047974904982, 0.8681627791959909, -0.3159854101251621, 0.1308854423858669], ""zrange"": [0.01, 10.0], ""noise"": false}, {""image_size"": [480, 640], ""intrinsics"": [450.0, 0, 320.0, 0, 450.0, 240.0, 0, 0, 1], ""position"": [0, -0.5, 0.75], ""rotation"": [-0.8681627791959909, 0.3596047974904982, -0.13088544238586683, 0.3159854101251621], ""zrange"": [0.01, 10.0], ""noise"": false}], ""primitive"": ""pick_place"", ""params"": {""pose0"": [[0.5249999761581421, -0.05000000074505806, 0.013376179151237011], [0.0, 0.0, 0.0, 1.0]], ""pose1"": [[0.3423839807510376, -0.15560075640678406, 0.0029879009816795588], [0.0, 0.0,",
25,hidden_pin,True,pick_place,True,True,True,True,1.6433165073394775,-0.47187501192092896,1.0,0.33125001192092896,-0.47187501192092896,0.022661209106445312,0.6062623262405396,0.00537419319152832,-0.00030331077869050205,"{""camera_config"": [{""image_size"": [480, 640], ""intrinsics"": [450.0, 0, 320.0, 0, 450.0, 240.0, 0, 0, 1], ""position"": [1.0, 0, 0.75], ""rotation"": [0.6532814824381883, 0.6532814824381884, -0.2705980500730986, -0.27059805007309845], ""zrange"": [0.01, 10.0], ""noise"": false}, {""image_size"": [480, 640], ""intrinsics"": [450.0, 0, 320.0, 0, 450.0, 240.0, 0, 0, 1], ""position"": [0, 0.5, 0.75], ""rotation"": [-0.3596047974904982, 0.8681627791959909, -0.3159854101251621, 0.1308854423858669], ""zrange"": [0.01, 10.0], ""noise"": false}, {""image_size"": [480, 640], ""intrinsics"": [450.0, 0, 320.0, 0, 450.0, 240.0, 0, 0, 1], ""position"": [0, -0.5, 0.75], ""rotation"": [-0.8681627791959909, 0.3596047974904982, -0.13088544238586683, 0.3159854101251621], ""zrange"": [0.01, 10.0], ""noise"": false}], ""primitive"": ""pick_place"", ""params"": {""pose0"": [[0.33125001192092896, -0.47187501192092896, 0.022661209106445312], [0.0, 0.0, 0.0, 1.0]], ""pose1"": [[0.6062623262405396, 0.00537419319152832, -0.00030331077869050205], [0.0, 0.",
29,hidden_pin,True,pick_place,True,True,True,True,1.5972336530685425,-0.4781250059604645,1.0,0.3343749940395355,-0.4781250059604645,0.012830259278416634,0.4546252191066742,0.062359798699617386,-0.0027808579616248608,"{""camera_config"": [{""image_size"": [480, 640], ""intrinsics"": [450.0, 0, 320.0, 0, 450.0, 240.0, 0, 0, 1], ""position"": [1.0, 0, 0.75], ""rotation"": [0.6532814824381883, 0.6532814824381884, -0.2705980500730986, -0.27059805007309845], ""zrange"": [0.01, 10.0], ""noise"": false}, {""image_size"": [480, 640], ""intrinsics"": [450.0, 0, 320.0, 0, 450.0, 240.0, 0, 0, 1], ""position"": [0, 0.5, 0.75], ""rotation"": [-0.3596047974904982, 0.8681627791959909, -0.3159854101251621, 0.1308854423858669], ""zrange"": [0.01, 10.0], ""noise"": false}, {""image_size"": [480, 640], ""intrinsics"": [450.0, 0, 320.0, 0, 450.0, 240.0, 0, 0, 1], ""position"": [0, -0.5, 0.75], ""rotation"": [-0.8681627791959909, 0.3596047974904982, -0.13088544238586683, 0.3159854101251621], ""zrange"": [0.01, 10.0], ""noise"": false}], ""primitive"": ""pick_place"", ""params"": {""pose0"": [[0.3343749940395355, -0.4781250059604645, 0.012830259278416634], [0.0, 0.0, 0.0, 1.0]], ""pose1"": [[0.4546252191066742, 0.062359798699617386, -0.0027808579616248608], [0.0, 0.0,",
2,hidden_high_friction,True,pick_place,True,True,True,True,1.666122555732727,-0.014007208868861198,1.0,0.671875,0.40625,0.036113280802965164,0.3974373936653137,-0.014007208868861198,-0.007233931217342615,"{""camera_config"": [{""image_size"": [480, 640], ""intrinsics"": [450.0, 0, 320.0, 0, 450.0, 240.0, 0, 0, 1], ""position"": [1.0, 0, 0.75], ""rotation"": [0.6532814824381883, 0.6532814824381884, -0.2705980500730986, -0.27059805007309845], ""zrange"": [0.01, 10.0], ""noise"": false}, {""image_size"": [480, 640], ""intrinsics"": [450.0, 0, 320.0, 0, 450.0, 240.0, 0, 0, 1], ""position"": [0, 0.5, 0.75], ""rotation"": [-0.3596047974904982, 0.8681627791959909, -0.3159854101251621, 0.1308854423858669], ""zrange"": [0.01, 10.0], ""noise"": false}, {""image_size"": [480, 640], ""intrinsics"": [450.0, 0, 320.0, 0, 450.0, 240.0, 0, 0, 1], ""position"": [0, -0.5, 0.75], ""rotation"": [-0.8681627791959909, 0.3596047974904982, -0.13088544238586683, 0.3159854101251621], ""zrange"": [0.01, 10.0], ""noise"": false}], ""primitive"": ""pick_place"", ""params"": {""pose0"": [[0.671875, 0.40625, 0.036113280802965164], [0.0, 0.0, 0.0, 1.0]], ""pose1"": [[0.3974373936653137, -0.014007208868861198, -0.007233931217342615], [0.0, 0.0, 0.0, 1.0]]}}",
6,hidden_high_friction,True,pick_place,True,True,True,True,1.6857869625091553,0.0,1.0,0.6000000238418579,0.24687500298023224,0.013311483897268772,0.6214526891708374,0.1858459711074829,0.0033436266239732504,"{""camera_config"": [{""image_size"": [480, 640], ""intrinsics"": [450.0, 0, 320.0, 0, 450.0, 240.0, 0, 0, 1], ""position"": [1.0, 0, 0.75], ""rotation"": [0.6532814824381883, 0.6532814824381884, -0.2705980500730986, -0.27059805007309845], ""zrange"": [0.01, 10.0], ""noise"": false}, {""image_size"": [480, 640], ""intrinsics"": [450.0, 0, 320.0, 0, 450.0, 240.0, 0, 0, 1], ""position"": [0, 0.5, 0.75], ""rotation"": [-0.3596047974904982, 0.8681627791959909, -0.3159854101251621, 0.1308854423858669], ""zrange"": [0.01, 10.0], ""noise"": false}, {""image_size"": [480, 640], ""intrinsics"": [450.0, 0, 320.0, 0, 450.0, 240.0, 0, 0, 1], ""position"": [0, -0.5, 0.75], ""rotation"": [-0.8681627791959909, 0.3596047974904982, -0.13088544238586683, 0.3159854101251621], ""zrange"": [0.01, 10.0], ""noise"": false}], ""primitive"": ""pick_place"", ""params"": {""pose0"": [[0.6000000238418579, 0.24687500298023224, 0.013311483897268772], [0.0, 0.0, 0.0, 1.0]], ""pose1"": [[0.6214526891708374, 0.1858459711074829, 0.0033436266239732504], [0.0, 0.0, 0.",
10,hidden_high_friction,True,pick_place,True,True,True,True,1.634048342704773,0.0,1.0,0.550000011920929,0.17812499403953552,0.01353535708039999,0.5663213729858398,0.1223711147904396,0.0027659526094794273,"{""camera_config"": [{""image_size"": [480, 640], ""intrinsics"": [450.0, 0, 320.0, 0, 450.0, 240.0, 0, 0, 1], ""position"": [1.0, 0, 0.75], ""rotation"": [0.6532814824381883, 0.6532814824381884, -0.2705980500730986, -0.27059805007309845], ""zrange"": [0.01, 10.0], ""noise"": false}, {""image_size"": [480, 640], ""intrinsics"": [450.0, 0, 320.0, 0, 450.0, 240.0, 0, 0, 1], ""position"": [0, 0.5, 0.75], ""rotation"": [-0.3596047974904982, 0.8681627791959909, -0.3159854101251621, 0.1308854423858669], ""zrange"": [0.01, 10.0], ""noise"": false}, {""image_size"": [480, 640], ""intrinsics"": [450.0, 0, 320.0, 0, 450.0, 240.0, 0, 0, 1], ""position"": [0, -0.5, 0.75], ""rotation"": [-0.8681627791959909, 0.3596047974904982, -0.13088544238586683, 0.3159854101251621], ""zrange"": [0.01, 10.0], ""noise"": false}], ""primitive"": ""pick_place"", ""params"": {""pose0"": [[0.550000011920929, 0.17812499403953552, 0.01353535708039999], [0.0, 0.0, 0.0, 1.0]], ""pose1"": [[0.5663213729858398, 0.1223711147904396, 0.0027659526094794273], [0.0, 0.0, 0.0,",
14,hidden_high_friction,True,pick_place,True,True,True,True,1.6167203187942505,-0.2593750059604645,1.0,0.5625,-0.2593750059604645,0.013418473303318024,0.47734013199806213,0.04546463117003441,0.0014947660965844989,"{""camera_config"": [{""image_size"": [480, 640], ""intrinsics"": [450.0, 0, 320.0, 0, 450.0, 240.0, 0, 0, 1], ""position"": [1.0, 0, 0.75], ""rotation"": [0.6532814824381883, 0.6532814824381884, -0.2705980500730986, -0.27059805007309845], ""zrange"": [0.01, 10.0], ""noise"": false}, {""image_size"": [480, 640], ""intrinsics"": [450.0, 0, 320.0, 0, 450.0, 240.0, 0, 0, 1], ""position"": [0, 0.5, 0.75], ""rotation"": [-0.3596047974904982, 0.8681627791959909, -0.3159854101251621, 0.1308854423858669], ""zrange"": [0.01, 10.0], ""noise"": false}, {""image_size"": [480, 640], ""intrinsics"": [450.0, 0, 320.0, 0, 450.0, 240.0, 0, 0, 1], ""position"": [0, -0.5, 0.75], ""rotation"": [-0.8681627791959909, 0.3596047974904982, -0.13088544238586683, 0.3159854101251621], ""zrange"": [0.01, 10.0], ""noise"": false}], ""primitive"": ""pick_place"", ""params"": {""pose0"": [[0.5625, -0.2593750059604645, 0.013418473303318024], [0.0, 0.0, 0.0, 1.0]], ""pose1"": [[0.47734013199806213, 0.04546463117003441, 0.0014947660965844989], [0.0, 0.0, 0.0, 1.0]]}}",
18,hidden_high_friction,True,pick_place,True,True,True,True,1.6287586688995361,-0.26845887303352356,1.0,0.550000011920929,-0.12812499701976776,0.013595732860267162,0.5115474462509155,-0.26845887303352356,-0.0017417563358321786,"{""camera_config"": [{""image_size"": [480, 640], ""intrinsics"": [450.0, 0, 320.0, 0, 450.0, 240.0, 0, 0, 1], ""position"": [1.0, 0, 0.75], ""rotation"": [0.6532814824381883, 0.6532814824381884, -0.2705980500730986, -0.27059805007309845], ""zrange"": [0.01, 10.0], ""noise"": false}, {""image_size"": [480, 640], ""intrinsics"": [450.0, 0, 320.0, 0, 450.0, 240.0, 0, 0, 1], ""position"": [0, 0.5, 0.75], ""rotation"": [-0.3596047974904982, 0.8681627791959909, -0.3159854101251621, 0.1308854423858669], ""zrange"": [0.01, 10.0], ""noise"": false}, {""image_size"": [480, 640], ""intrinsics"": [450.0, 0, 320.0, 0, 450.0, 240.0, 0, 0, 1], ""position"": [0, -0.5, 0.75], ""rotation"": [-0.8681627791959909, 0.3596047974904982, -0.13088544238586683, 0.3159854101251621], ""zrange"": [0.01, 10.0], ""noise"": false}], ""primitive"": ""pick_place"", ""params"": {""pose0"": [[0.550000011920929, -0.12812499701976776, 0.013595732860267162], [0.0, 0.0, 0.0, 1.0]], ""pose1"": [[0.5115474462509155, -0.26845887303352356, -0.0017417563358321786], [0.0, 0.0,",
22,hidden_high_friction,True,pick_place,True,True,True,True,1.5555552244186401,-0.15560199320316315,1.0,0.5249999761581421,-0.05000000074505806,0.013376179151237011,0.3423842787742615,-0.15560199320316315,0.0029864825773984194,"{""camera_config"": [{""image_size"": [480, 640], ""intrinsics"": [450.0, 0, 320.0, 0, 450.0, 240.0, 0, 0, 1], ""position"": [1.0, 0, 0.75], ""rotation"": [0.6532814824381883, 0.6532814824381884, -0.2705980500730986, -0.27059805007309845], ""zrange"": [0.01, 10.0], ""noise"": false}, {""image_size"": [480, 640], ""intrinsics"": [450.0, 0, 320.0, 0, 450.0, 240.0, 0, 0, 1], ""position"": [0, 0.5, 0.75], ""rotation"": [-0.3596047974904982, 0.8681627791959909, -0.3159854101251621, 0.1308854423858669], ""zrange"": [0.01, 10.0], ""noise"": false}, {""image_size"": [480, 640], ""intrinsics"": [450.0, 0, 320.0, 0, 450.0, 240.0, 0, 0, 1], ""position"": [0, -0.5, 0.75], ""rotation"": [-0.8681627791959909, 0.3596047974904982, -0.13088544238586683, 0.3159854101251621], ""zrange"": [0.01, 10.0], ""noise"": false}], ""primitive"": ""pick_place"", ""params"": {""pose0"": [[0.5249999761581421, -0.05000000074505806, 0.013376179151237011], [0.0, 0.0, 0.0, 1.0]], ""pose1"": [[0.3423842787742615, -0.15560199320316315, 0.0029864825773984194], [0.0, 0.0,",
26,hidden_high_friction,True,pick_place,True,True,True,True,1.6433720588684082,-0.47187501192092896,1.0,0.33125001192092896,-0.47187501192092896,0.0228254497051239,0.6064039468765259,0.00570105854421854,-0.0001196670054923743,"{""camera_config"": [{""image_size"": [480, 640], ""intrinsics"": [450.0, 0, 320.0, 0, 450.0, 240.0, 0, 0, 1], ""position"": [1.0, 0, 0.75], ""rotation"": [0.6532814824381883, 0.6532814824381884, -0.2705980500730986, -0.27059805007309845], ""zrange"": [0.01, 10.0], ""noise"": false}, {""image_size"": [480, 640], ""intrinsics"": [450.0, 0, 320.0, 0, 450.0, 240.0, 0, 0, 1], ""position"": [0, 0.5, 0.75], ""rotation"": [-0.3596047974904982, 0.8681627791959909, -0.3159854101251621, 0.1308854423858669], ""zrange"": [0.01, 10.0], ""noise"": false}, {""image_size"": [480, 640], ""intrinsics"": [450.0, 0, 320.0, 0, 450.0, 240.0, 0, 0, 1], ""position"": [0, -0.5, 0.75], ""rotation"": [-0.8681627791959909, 0.3596047974904982, -0.13088544238586683, 0.3159854101251621], ""zrange"": [0.01, 10.0], ""noise"": false}], ""primitive"": ""pick_place"", ""params"": {""pose0"": [[0.33125001192092896, -0.47187501192092896, 0.0228254497051239], [0.0, 0.0, 0.0, 1.0]], ""pose1"": [[0.6064039468765259, 0.00570105854421854, -0.0001196670054923743], [0.0, 0.0, ",
30,hidden_high_friction,True,pick_place,True,True,True,True,1.5565510988235474,-0.24687500298023224,1.0,0.46875,-0.24687500298023224,0.013409591279923916,0.36000972986221313,0.11130398511886597,-0.0014416982885450125,"{""camera_config"": [{""image_size"": [480, 640], ""intrinsics"": [450.0, 0, 320.0, 0, 450.0, 240.0, 0, 0, 1], ""position"": [1.0, 0, 0.75], ""rotation"": [0.6532814824381883, 0.6532814824381884, -0.2705980500730986, -0.27059805007309845], ""zrange"": [0.01, 10.0], ""noise"": false}, {""image_size"": [480, 640], ""intrinsics"": [450.0, 0, 320.0, 0, 450.0, 240.0, 0, 0, 1], ""position"": [0, 0.5, 0.75], ""rotation"": [-0.3596047974904982, 0.8681627791959909, -0.3159854101251621, 0.1308854423858669], ""zrange"": [0.01, 10.0], ""noise"": false}, {""image_size"": [480, 640], ""intrinsics"": [450.0, 0, 320.0, 0, 450.0, 240.0, 0, 0, 1], ""position"": [0, -0.5, 0.75], ""rotation"": [-0.8681627791959909, 0.3596047974904982, -0.13088544238586683, 0.3159854101251621], ""zrange"": [0.01, 10.0], ""noise"": false}], ""primitive"": ""pick_place"", ""params"": {""pose0"": [[0.46875, -0.24687500298023224, 0.013409591279923916], [0.0, 0.0, 0.0, 1.0]], ""pose1"": [[0.36000972986221313, 0.11130398511886597, -0.0014416982885450125], [0.0, 0.0, 0.0, 1.0]",
3,hidden_breakaway_pin,True,pick_place,True,True,True,True,1.666190505027771,-0.014461454004049301,1.0,0.671875,0.40625,0.03601432591676712,0.3977108895778656,-0.014461454004049301,-0.007450219243764877,"{""camera_config"": [{""image_size"": [480, 640], ""intrinsics"": [450.0, 0, 320.0, 0, 450.0, 240.0, 0, 0, 1], ""position"": [1.0, 0, 0.75], ""rotation"": [0.6532814824381883, 0.6532814824381884, -0.2705980500730986, -0.27059805007309845], ""zrange"": [0.01, 10.0], ""noise"": false}, {""image_size"": [480, 640], ""intrinsics"": [450.0, 0, 320.0, 0, 450.0, 240.0, 0, 0, 1], ""position"": [0, 0.5, 0.75], ""rotation"": [-0.3596047974904982, 0.8681627791959909, -0.3159854101251621, 0.1308854423858669], ""zrange"": [0.01, 10.0], ""noise"": false}, {""image_size"": [480, 640], ""intrinsics"": [450.0, 0, 320.0, 0, 450.0, 240.0, 0, 0, 1], ""position"": [0, -0.5, 0.75], ""rotation"": [-0.8681627791959909, 0.3596047974904982, -0.13088544238586683, 0.3159854101251621], ""zrange"": [0.01, 10.0], ""noise"": false}], ""primitive"": ""pick_place"", ""params"": {""pose0"": [[0.671875, 0.40625, 0.03601432591676712], [0.0, 0.0, 0.0, 1.0]], ""pose1"": [[0.3977108895778656, -0.014461454004049301, -0.007450219243764877], [0.0, 0.0, 0.0, 1.0]]}}",
7,hidden_breakaway_pin,True,pick_place,True,True,True,True,1.6865421533584595,0.0,1.0,0.609375,0.22812500596046448,0.013410571962594986,0.6213554739952087,0.1864524483680725,0.004288728814572096,"{""camera_config"": [{""image_size"": [480, 640], ""intrinsics"": [450.0, 0, 320.0, 0, 450.0, 240.0, 0, 0, 1], ""position"": [1.0, 0, 0.75], ""rotation"": [0.6532814824381883, 0.6532814824381884, -0.2705980500730986, -0.27059805007309845], ""zrange"": [0.01, 10.0], ""noise"": false}, {""image_size"": [480, 640], ""intrinsics"": [450.0, 0, 320.0, 0, 450.0, 240.0, 0, 0, 1], ""position"": [0, 0.5, 0.75], ""rotation"": [-0.3596047974904982, 0.8681627791959909, -0.3159854101251621, 0.1308854423858669], ""zrange"": [0.01, 10.0], ""noise"": false}, {""image_size"": [480, 640], ""intrinsics"": [450.0, 0, 320.0, 0, 450.0, 240.0, 0, 0, 1], ""position"": [0, -0.5, 0.75], ""rotation"": [-0.8681627791959909, 0.3596047974904982, -0.13088544238586683, 0.3159854101251621], ""zrange"": [0.01, 10.0], ""noise"": false}], ""primitive"": ""pick_place"", ""params"": {""pose0"": [[0.609375, 0.22812500596046448, 0.013410571962594986], [0.0, 0.0, 0.0, 1.0]], ""pose1"": [[0.6213554739952087, 0.1864524483680725, 0.004288728814572096], [0.0, 0.0, 0.0, 1.0]]}}",
11,hidden_breakaway_pin,True,pick_place,True,True,True,True,1.6438709497451782,0.0,1.0,0.565625011920929,0.171875,0.013295394368469715,0.5789891481399536,0.13196823000907898,0.0042389617301523685,"{""camera_config"": [{""image_size"": [480, 640], ""intrinsics"": [450.0, 0, 320.0, 0, 450.0, 240.0, 0, 0, 1], ""position"": [1.0, 0, 0.75], ""rotation"": [0.6532814824381883, 0.6532814824381884, -0.2705980500730986, -0.27059805007309845], ""zrange"": [0.01, 10.0], ""noise"": false}, {""image_size"": [480, 640], ""intrinsics"": [450.0, 0, 320.0, 0, 450.0, 240.0, 0, 0, 1], ""position"": [0, 0.5, 0.75], ""rotation"": [-0.3596047974904982, 0.8681627791959909, -0.3159854101251621, 0.1308854423858669], ""zrange"": [0.01, 10.0], ""noise"": false}, {""image_size"": [480, 640], ""intrinsics"": [450.0, 0, 320.0, 0, 450.0, 240.0, 0, 0, 1], ""position"": [0, -0.5, 0.75], ""rotation"": [-0.8681627791959909, 0.3596047974904982, -0.13088544238586683, 0.3159854101251621], ""zrange"": [0.01, 10.0], ""noise"": false}], ""primitive"": ""pick_place"", ""params"": {""pose0"": [[0.565625011920929, 0.171875, 0.013295394368469715], [0.0, 0.0, 0.0, 1.0]], ""pose1"": [[0.5789891481399536, 0.13196823000907898, 0.0042389617301523685], [0.0, 0.0, 0.0, 1.0]]}}",
15,hidden_breakaway_pin,True,pick_place,True,True,True,True,1.6167190074920654,-0.2593750059604645,1.0,0.5625,-0.2593750059604645,0.013418473303318024,0.4773396849632263,0.04542329162359238,0.0014694036217406392,"{""camera_config"": [{""image_size"": [480, 640], ""intrinsics"": [450.0, 0, 320.0, 0, 450.0, 240.0, 0, 0, 1], ""position"": [1.0, 0, 0.75], ""rotation"": [0.6532814824381883, 0.6532814824381884, -0.2705980500730986, -0.27059805007309845], ""zrange"": [0.01, 10.0], ""noise"": false}, {""image_size"": [480, 640], ""intrinsics"": [450.0, 0, 320.0, 0, 450.0, 240.0, 0, 0, 1], ""position"": [0, 0.5, 0.75], ""rotation"": [-0.3596047974904982, 0.8681627791959909, -0.3159854101251621, 0.1308854423858669], ""zrange"": [0.01, 10.0], ""noise"": false}, {""image_size"": [480, 640], ""intrinsics"": [450.0, 0, 320.0, 0, 450.0, 240.0, 0, 0, 1], ""position"": [0, -0.5, 0.75], ""rotation"": [-0.8681627791959909, 0.3596047974904982, -0.13088544238586683, 0.3159854101251621], ""zrange"": [0.01, 10.0], ""noise"": false}], ""primitive"": ""pick_place"", ""params"": {""pose0"": [[0.5625, -0.2593750059604645, 0.013418473303318024], [0.0, 0.0, 0.0, 1.0]], ""pose1"": [[0.4773396849632263, 0.04542329162359238, 0.0014694036217406392], [0.0, 0.0, 0.0, 1.0]]}}",
19,hidden_breakaway_pin,True,pick_place,True,True,True,True,1.6050511598587036,-0.2565271556377411,1.0,0.5,-0.05937499925494194,0.013535857200622559,0.5066186785697937,-0.2565271556377411,-0.003435113001614809,"{""camera_config"": [{""image_size"": [480, 640], ""intrinsics"": [450.0, 0, 320.0, 0, 450.0, 240.0, 0, 0, 1], ""position"": [1.0, 0, 0.75], ""rotation"": [0.6532814824381883, 0.6532814824381884, -0.2705980500730986, -0.27059805007309845], ""zrange"": [0.01, 10.0], ""noise"": false}, {""image_size"": [480, 640], ""intrinsics"": [450.0, 0, 320.0, 0, 450.0, 240.0, 0, 0, 1], ""position"": [0, 0.5, 0.75], ""rotation"": [-0.3596047974904982, 0.8681627791959909, -0.3159854101251621, 0.1308854423858669], ""zrange"": [0.01, 10.0], ""noise"": false}, {""image_size"": [480, 640], ""intrinsics"": [450.0, 0, 320.0, 0, 450.0, 240.0, 0, 0, 1], ""position"": [0, -0.5, 0.75], ""rotation"": [-0.8681627791959909, 0.3596047974904982, -0.13088544238586683, 0.3159854101251621], ""zrange"": [0.01, 10.0], ""noise"": false}], ""primitive"": ""pick_place"", ""params"": {""pose0"": [[0.5, -0.05937499925494194, 0.013535857200622559], [0.0, 0.0, 0.0, 1.0]], ""pose1"": [[0.5066186785697937, -0.2565271556377411, -0.003435113001614809], [0.0, 0.0, 0.0, 1.0]]}}",
23,hidden_breakaway_pin,True,pick_place,True,True,True,True,1.5555552244186401,-0.15560270845890045,1.0,0.5249999761581421,-0.05000000074505806,0.013376179151237011,0.34238454699516296,-0.15560270845890045,0.002987395040690899,"{""camera_config"": [{""image_size"": [480, 640], ""intrinsics"": [450.0, 0, 320.0, 0, 450.0, 240.0, 0, 0, 1], ""position"": [1.0, 0, 0.75], ""rotation"": [0.6532814824381883, 0.6532814824381884, -0.2705980500730986, -0.27059805007309845], ""zrange"": [0.01, 10.0], ""noise"": false}, {""image_size"": [480, 640], ""intrinsics"": [450.0, 0, 320.0, 0, 450.0, 240.0, 0, 0, 1], ""position"": [0, 0.5, 0.75], ""rotation"": [-0.3596047974904982, 0.8681627791959909, -0.3159854101251621, 0.1308854423858669], ""zrange"": [0.01, 10.0], ""noise"": false}, {""image_size"": [480, 640], ""intrinsics"": [450.0, 0, 320.0, 0, 450.0, 240.0, 0, 0, 1], ""position"": [0, -0.5, 0.75], ""rotation"": [-0.8681627791959909, 0.3596047974904982, -0.13088544238586683, 0.3159854101251621], ""zrange"": [0.01, 10.0], ""noise"": false}], ""primitive"": ""pick_place"", ""params"": {""pose0"": [[0.5249999761581421, -0.05000000074505806, 0.013376179151237011], [0.0, 0.0, 0.0, 1.0]], ""pose1"": [[0.34238454699516296, -0.15560270845890045, 0.002987395040690899], [0.0, 0.0,",
27,hidden_breakaway_pin,True,pick_place,True,True,True,True,1.64332914352417,-0.47187501192092896,1.0,0.33125001192092896,-0.47187501192092896,0.0226920023560524,0.6062945127487183,0.005466556642204523,-0.0003199395432602614,"{""camera_config"": [{""image_size"": [480, 640], ""intrinsics"": [450.0, 0, 320.0, 0, 450.0, 240.0, 0, 0, 1], ""position"": [1.0, 0, 0.75], ""rotation"": [0.6532814824381883, 0.6532814824381884, -0.2705980500730986, -0.27059805007309845], ""zrange"": [0.01, 10.0], ""noise"": false}, {""image_size"": [480, 640], ""intrinsics"": [450.0, 0, 320.0, 0, 450.0, 240.0, 0, 0, 1], ""position"": [0, 0.5, 0.75], ""rotation"": [-0.3596047974904982, 0.8681627791959909, -0.3159854101251621, 0.1308854423858669], ""zrange"": [0.01, 10.0], ""noise"": false}, {""image_size"": [480, 640], ""intrinsics"": [450.0, 0, 320.0, 0, 450.0, 240.0, 0, 0, 1], ""position"": [0, -0.5, 0.75], ""rotation"": [-0.8681627791959909, 0.3596047974904982, -0.13088544238586683, 0.3159854101251621], ""zrange"": [0.01, 10.0], ""noise"": false}], ""primitive"": ""pick_place"", ""params"": {""pose0"": [[0.33125001192092896, -0.47187501192092896, 0.0226920023560524], [0.0, 0.0, 0.0, 1.0]], ""pose1"": [[0.6062945127487183, 0.005466556642204523, -0.0003199395432602614], [0.0, 0.0,",
31,hidden_breakaway_pin,True,pick_place,True,True,True,True,1.5530909299850464,-0.13437500596046448,1.0,0.512499988079071,-0.13437500596046448,0.013662145473062992,0.34299877285957336,0.11634461581707001,-0.0027834237553179264,"{""camera_config"": [{""image_size"": [480, 640], ""intrinsics"": [450.0, 0, 320.0, 0, 450.0, 240.0, 0, 0, 1], ""position"": [1.0, 0, 0.75], ""rotation"": [0.6532814824381883, 0.6532814824381884, -0.2705980500730986, -0.27059805007309845], ""zrange"": [0.01, 10.0], ""noise"": false}, {""image_size"": [480, 640], ""intrinsics"": [450.0, 0, 320.0, 0, 450.0, 240.0, 0, 0, 1], ""position"": [0, 0.5, 0.75], ""rotation"": [-0.3596047974904982, 0.8681627791959909, -0.3159854101251621, 0.1308854423858669], ""zrange"": [0.01, 10.0], ""noise"": false}, {""image_size"": [480, 640], ""intrinsics"": [450.0, 0, 320.0, 0, 450.0, 240.0, 0, 0, 1], ""position"": [0, -0.5, 0.75], ""rotation"": [-0.8681627791959909, 0.3596047974904982, -0.13088544238586683, 0.3159854101251621], ""zrange"": [0.01, 10.0], ""noise"": false}], ""primitive"": ""pick_place"", ""params"": {""pose0"": [[0.512499988079071, -0.13437500596046448, 0.013662145473062992], [0.0, 0.0, 0.0, 1.0]], ""pose1"": [[0.34299877285957336, 0.11634461581707001, -0.0027834237553179264], [0.0, 0.0,",
