condition,max_abs,source_file,split
free,0.0,/data/state_diff2/data/phase3_state_v2_slack_r1_staging/raw/train/free/seed_400000.pkl,train
free,0.0,/data/state_diff2/data/phase3_state_v2_slack_r1_staging/raw/train/free/seed_400001.pkl,train
free,0.0,/data/state_diff2/data/phase3_state_v2_slack_r1_staging/raw/train/free/seed_400002.pkl,train
free,0.0,/data/state_diff2/data/phase3_state_v2_slack_r1_staging/raw/train/free/seed_400003.pkl,train
free,0.0,/data/state_diff2/data/phase3_state_v2_slack_r1_staging/raw/train/free/seed_400004.pkl,train
free,0.0,/data/state_diff2/data/phase3_state_v2_slack_r1_staging/raw/train/free/seed_400005.pkl,train
free,0.0,/data/state_diff2/data/phase3_state_v2_slack_r1_staging/raw/train/free/seed_400006.pkl,train
free,0.0,/data/state_diff2/data/phase3_state_v2_slack_r1_staging/raw/train/free/seed_400007.pkl,train
free,0.0,/data/state_diff2/data/phase3_state_v2_slack_r1_staging/raw/train/free/seed_400008.pkl,train
free,0.0,/data/state_diff2/data/phase3_state_v2_slack_r1_staging/raw/train/free/seed_400009.pkl,train
free,0.0,/data/state_diff2/data/phase3_state_v2_slack_r1_staging/raw/train/free/seed_400010.pkl,train
free,0.0,/data/state_diff2/data/phase3_state_v2_slack_r1_staging/raw/train/free/seed_400011.pkl,train
free,0.0,/data/state_diff2/data/phase3_state_v2_slack_r1_staging/raw/train/free/seed_400012.pkl,train
free,0.0,/data/state_diff2/data/phase3_state_v2_slack_r1_staging/raw/train/free/seed_400013.pkl,train
free,0.0,/data/state_diff2/data/phase3_state_v2_slack_r1_staging/raw/train/free/seed_400014.pkl,train
free,0.0,/data/state_diff2/data/phase3_state_v2_slack_r1_staging/raw/train/free/seed_400015.pkl,train
free,0.0,/data/state_diff2/data/phase3_state_v2_slack_r1_staging/raw/train/free/seed_400016.pkl,train
free,0.0,/data/state_diff2/data/phase3_state_v2_slack_r1_staging/raw/train/free/seed_400017.pkl,train
free,0.0,/data/state_diff2/data/phase3_state_v2_slack_r1_staging/raw/train/free/seed_400018.pkl,train
free,0.0,/data/state_diff2/data/phase3_state_v2_slack_r1_staging/raw/train/free/seed_400019.pkl,train
free,0.0,/data/state_diff2/data/phase3_state_v2_slack_r1_staging/raw/train/free/seed_400020.pkl,train
free,0.0,/data/state_diff2/data/phase3_state_v2_slack_r1_staging/raw/train/free/seed_400021.pkl,train
free,0.0,/data/state_diff2/data/phase3_state_v2_slack_r1_staging/raw/train/free/seed_400022.pkl,train
free,0.0,/data/state_diff2/data/phase3_state_v2_slack_r1_staging/raw/train/free/seed_400023.pkl,train
free,0.0,/data/state_diff2/data/phase3_state_v2_slack_r1_staging/raw/train/free/seed_400024.pkl,train
free,0.0,/data/state_diff2/data/phase3_state_v2_slack_r1_staging/raw/train/free/seed_400025.pkl,train
free,0.0,/data/state_diff2/data/phase3_state_v2_slack_r1_staging/raw/train/free/seed_400026.pkl,train
free,0.0,/data/state_diff2/data/phase3_state_v2_slack_r1_staging/raw/train/free/seed_400027.pkl,train
free,0.0,/data/state_diff2/data/phase3_state_v2_slack_r1_staging/raw/train/free/seed_400028.pkl,train
free,0.0,/data/state_diff2/data/phase3_state_v2_slack_r1_staging/raw/train/free/seed_400029.pkl,train
free,0.0,/data/state_diff2/data/phase3_state_v2_slack_r1_staging/raw/train/free/seed_400030.pkl,train
free,0.0,/data/state_diff2/data/phase3_state_v2_slack_r1_staging/raw/train/free/seed_400031.pkl,train
hidden_slack_breakaway_pin_v2,0.0,/data/state_diff2/data/phase3_state_v2_slack_r1_staging/raw/train/hidden_slack_breakaway_pin_v2/seed_400000.pkl,train
hidden_slack_breakaway_pin_v2,0.0,/data/state_diff2/data/phase3_state_v2_slack_r1_staging/raw/train/hidden_slack_breakaway_pin_v2/seed_400001.pkl,train
hidden_slack_breakaway_pin_v2,0.0,/data/state_diff2/data/phase3_state_v2_slack_r1_staging/raw/train/hidden_slack_breakaway_pin_v2/seed_400002.pkl,train
hidden_slack_breakaway_pin_v2,0.0,/data/state_diff2/data/phase3_state_v2_slack_r1_staging/raw/train/hidden_slack_breakaway_pin_v2/seed_400003.pkl,train
hidden_slack_breakaway_pin_v2,0.0,/data/state_diff2/data/phase3_state_v2_slack_r1_staging/raw/train/hidden_slack_breakaway_pin_v2/seed_400004.pkl,train
hidden_slack_breakaway_pin_v2,0.0,/data/state_diff2/data/phase3_state_v2_slack_r1_staging/raw/train/hidden_slack_breakaway_pin_v2/seed_400005.pkl,train
hidden_slack_breakaway_pin_v2,0.0,/data/state_diff2/data/phase3_state_v2_slack_r1_staging/raw/train/hidden_slack_breakaway_pin_v2/seed_400006.pkl,train
hidden_slack_breakaway_pin_v2,0.0,/data/state_diff2/data/phase3_state_v2_slack_r1_staging/raw/train/hidden_slack_breakaway_pin_v2/seed_400007.pkl,train
hidden_slack_breakaway_pin_v2,0.0,/data/state_diff2/data/phase3_state_v2_slack_r1_staging/raw/train/hidden_slack_breakaway_pin_v2/seed_400008.pkl,train
hidden_slack_breakaway_pin_v2,0.0,/data/state_diff2/data/phase3_state_v2_slack_r1_staging/raw/train/hidden_slack_breakaway_pin_v2/seed_400009.pkl,train
hidden_slack_breakaway_pin_v2,0.0,/data/state_diff2/data/phase3_state_v2_slack_r1_staging/raw/train/hidden_slack_breakaway_pin_v2/seed_400010.pkl,train
hidden_slack_breakaway_pin_v2,0.0,/data/state_diff2/data/phase3_state_v2_slack_r1_staging/raw/train/hidden_slack_breakaway_pin_v2/seed_400011.pkl,train
hidden_slack_breakaway_pin_v2,0.0,/data/state_diff2/data/phase3_state_v2_slack_r1_staging/raw/train/hidden_slack_breakaway_pin_v2/seed_400012.pkl,train
hidden_slack_breakaway_pin_v2,0.0,/data/state_diff2/data/phase3_state_v2_slack_r1_staging/raw/train/hidden_slack_breakaway_pin_v2/seed_400013.pkl,train
hidden_slack_breakaway_pin_v2,0.0,/data/state_diff2/data/phase3_state_v2_slack_r1_staging/raw/train/hidden_slack_breakaway_pin_v2/seed_400014.pkl,train
hidden_slack_breakaway_pin_v2,0.0,/data/state_diff2/data/phase3_state_v2_slack_r1_staging/raw/train/hidden_slack_breakaway_pin_v2/seed_400015.pkl,train
hidden_slack_breakaway_pin_v2,0.0,/data/state_diff2/data/phase3_state_v2_slack_r1_staging/raw/train/hidden_slack_breakaway_pin_v2/seed_400016.pkl,train
hidden_slack_breakaway_pin_v2,0.0,/data/state_diff2/data/phase3_state_v2_slack_r1_staging/raw/train/hidden_slack_breakaway_pin_v2/seed_400017.pkl,train
hidden_slack_breakaway_pin_v2,0.0,/data/state_diff2/data/phase3_state_v2_slack_r1_staging/raw/train/hidden_slack_breakaway_pin_v2/seed_400018.pkl,train
hidden_slack_breakaway_pin_v2,0.0,/data/state_diff2/data/phase3_state_v2_slack_r1_staging/raw/train/hidden_slack_breakaway_pin_v2/seed_400019.pkl,train
hidden_slack_breakaway_pin_v2,0.0,/data/state_diff2/data/phase3_state_v2_slack_r1_staging/raw/train/hidden_slack_breakaway_pin_v2/seed_400020.pkl,train
hidden_slack_breakaway_pin_v2,0.0,/data/state_diff2/data/phase3_state_v2_slack_r1_staging/raw/train/hidden_slack_breakaway_pin_v2/seed_400021.pkl,train
hidden_slack_breakaway_pin_v2,0.0,/data/state_diff2/data/phase3_state_v2_slack_r1_staging/raw/train/hidden_slack_breakaway_pin_v2/seed_400022.pkl,train
hidden_slack_breakaway_pin_v2,0.0,/data/state_diff2/data/phase3_state_v2_slack_r1_staging/raw/train/hidden_slack_breakaway_pin_v2/seed_400023.pkl,train
hidden_slack_breakaway_pin_v2,0.0,/data/state_diff2/data/phase3_state_v2_slack_r1_staging/raw/train/hidden_slack_breakaway_pin_v2/seed_400024.pkl,train
hidden_slack_breakaway_pin_v2,0.0,/data/state_diff2/data/phase3_state_v2_slack_r1_staging/raw/train/hidden_slack_breakaway_pin_v2/seed_400025.pkl,train
hidden_slack_breakaway_pin_v2,0.0,/data/state_diff2/data/phase3_state_v2_slack_r1_staging/raw/train/hidden_slack_breakaway_pin_v2/seed_400026.pkl,train
hidden_slack_breakaway_pin_v2,0.0,/data/state_diff2/data/phase3_state_v2_slack_r1_staging/raw/train/hidden_slack_breakaway_pin_v2/seed_400027.pkl,train
hidden_slack_breakaway_pin_v2,0.0,/data/state_diff2/data/phase3_state_v2_slack_r1_staging/raw/train/hidden_slack_breakaway_pin_v2/seed_400028.pkl,train
hidden_slack_breakaway_pin_v2,0.0,/data/state_diff2/data/phase3_state_v2_slack_r1_staging/raw/train/hidden_slack_breakaway_pin_v2/seed_400029.pkl,train
hidden_slack_breakaway_pin_v2,0.0,/data/state_diff2/data/phase3_state_v2_slack_r1_staging/raw/train/hidden_slack_breakaway_pin_v2/seed_400030.pkl,train
hidden_slack_breakaway_pin_v2,0.0,/data/state_diff2/data/phase3_state_v2_slack_r1_staging/raw/train/hidden_slack_breakaway_pin_v2/seed_400031.pkl,train
free,0.0,/data/state_diff2/data/phase3_state_v2_slack_r1_staging/raw/val/free/seed_410000.pkl,val
free,0.0,/data/state_diff2/data/phase3_state_v2_slack_r1_staging/raw/val/free/seed_410001.pkl,val
free,0.0,/data/state_diff2/data/phase3_state_v2_slack_r1_staging/raw/val/free/seed_410002.pkl,val
free,0.0,/data/state_diff2/data/phase3_state_v2_slack_r1_staging/raw/val/free/seed_410003.pkl,val
free,0.0,/data/state_diff2/data/phase3_state_v2_slack_r1_staging/raw/val/free/seed_410004.pkl,val
free,0.0,/data/state_diff2/data/phase3_state_v2_slack_r1_staging/raw/val/free/seed_410005.pkl,val
free,0.0,/data/state_diff2/data/phase3_state_v2_slack_r1_staging/raw/val/free/seed_410006.pkl,val
free,0.0,/data/state_diff2/data/phase3_state_v2_slack_r1_staging/raw/val/free/seed_410007.pkl,val
free,0.0,/data/state_diff2/data/phase3_state_v2_slack_r1_staging/raw/val/free/seed_410008.pkl,val
free,0.0,/data/state_diff2/data/phase3_state_v2_slack_r1_staging/raw/val/free/seed_410009.pkl,val
free,0.0,/data/state_diff2/data/phase3_state_v2_slack_r1_staging/raw/val/free/seed_410010.pkl,val
free,0.0,/data/state_diff2/data/phase3_state_v2_slack_r1_staging/raw/val/free/seed_410011.pkl,val
free,0.0,/data/state_diff2/data/phase3_state_v2_slack_r1_staging/raw/val/free/seed_410012.pkl,val
free,0.0,/data/state_diff2/data/phase3_state_v2_slack_r1_staging/raw/val/free/seed_410013.pkl,val
free,0.0,/data/state_diff2/data/phase3_state_v2_slack_r1_staging/raw/val/free/seed_410014.pkl,val
free,0.0,/data/state_diff2/data/phase3_state_v2_slack_r1_staging/raw/val/free/seed_410015.pkl,val
free,0.0,/data/state_diff2/data/phase3_state_v2_slack_r1_staging/raw/val/free/seed_410016.pkl,val
free,0.0,/data/state_diff2/data/phase3_state_v2_slack_r1_staging/raw/val/free/seed_410017.pkl,val
free,0.0,/data/state_diff2/data/phase3_state_v2_slack_r1_staging/raw/val/free/seed_410018.pkl,val
free,0.0,/data/state_diff2/data/phase3_state_v2_slack_r1_staging/raw/val/free/seed_410019.pkl,val
free,0.0,/data/state_diff2/data/phase3_state_v2_slack_r1_staging/raw/val/free/seed_410020.pkl,val
free,0.0,/data/state_diff2/data/phase3_state_v2_slack_r1_staging/raw/val/free/seed_410021.pkl,val
free,0.0,/data/state_diff2/data/phase3_state_v2_slack_r1_staging/raw/val/free/seed_410022.pkl,val
free,0.0,/data/state_diff2/data/phase3_state_v2_slack_r1_staging/raw/val/free/seed_410023.pkl,val
free,0.0,/data/state_diff2/data/phase3_state_v2_slack_r1_staging/raw/val/free/seed_410024.pkl,val
free,0.0,/data/state_diff2/data/phase3_state_v2_slack_r1_staging/raw/val/free/seed_410025.pkl,val
free,0.0,/data/state_diff2/data/phase3_state_v2_slack_r1_staging/raw/val/free/seed_410026.pkl,val
free,0.0,/data/state_diff2/data/phase3_state_v2_slack_r1_staging/raw/val/free/seed_410027.pkl,val
free,0.0,/data/state_diff2/data/phase3_state_v2_slack_r1_staging/raw/val/free/seed_410028.pkl,val
free,0.0,/data/state_diff2/data/phase3_state_v2_slack_r1_staging/raw/val/free/seed_410029.pkl,val
free,0.0,/data/state_diff2/data/phase3_state_v2_slack_r1_staging/raw/val/free/seed_410030.pkl,val
free,0.0,/data/state_diff2/data/phase3_state_v2_slack_r1_staging/raw/val/free/seed_410031.pkl,val
hidden_slack_breakaway_pin_v2,0.0,/data/state_diff2/data/phase3_state_v2_slack_r1_staging/raw/val/hidden_slack_breakaway_pin_v2/seed_410000.pkl,val
hidden_slack_breakaway_pin_v2,0.0,/data/state_diff2/data/phase3_state_v2_slack_r1_staging/raw/val/hidden_slack_breakaway_pin_v2/seed_410001.pkl,val
hidden_slack_breakaway_pin_v2,0.0,/data/state_diff2/data/phase3_state_v2_slack_r1_staging/raw/val/hidden_slack_breakaway_pin_v2/seed_410002.pkl,val
hidden_slack_breakaway_pin_v2,0.0,/data/state_diff2/data/phase3_state_v2_slack_r1_staging/raw/val/hidden_slack_breakaway_pin_v2/seed_410003.pkl,val
hidden_slack_breakaway_pin_v2,0.0,/data/state_diff2/data/phase3_state_v2_slack_r1_staging/raw/val/hidden_slack_breakaway_pin_v2/seed_410004.pkl,val
hidden_slack_breakaway_pin_v2,0.0,/data/state_diff2/data/phase3_state_v2_slack_r1_staging/raw/val/hidden_slack_breakaway_pin_v2/seed_410005.pkl,val
hidden_slack_breakaway_pin_v2,0.0,/data/state_diff2/data/phase3_state_v2_slack_r1_staging/raw/val/hidden_slack_breakaway_pin_v2/seed_410006.pkl,val
hidden_slack_breakaway_pin_v2,0.0,/data/state_diff2/data/phase3_state_v2_slack_r1_staging/raw/val/hidden_slack_breakaway_pin_v2/seed_410007.pkl,val
hidden_slack_breakaway_pin_v2,0.0,/data/state_diff2/data/phase3_state_v2_slack_r1_staging/raw/val/hidden_slack_breakaway_pin_v2/seed_410008.pkl,val
hidden_slack_breakaway_pin_v2,0.0,/data/state_diff2/data/phase3_state_v2_slack_r1_staging/raw/val/hidden_slack_breakaway_pin_v2/seed_410009.pkl,val
hidden_slack_breakaway_pin_v2,0.0,/data/state_diff2/data/phase3_state_v2_slack_r1_staging/raw/val/hidden_slack_breakaway_pin_v2/seed_410010.pkl,val
hidden_slack_breakaway_pin_v2,0.0,/data/state_diff2/data/phase3_state_v2_slack_r1_staging/raw/val/hidden_slack_breakaway_pin_v2/seed_410011.pkl,val
hidden_slack_breakaway_pin_v2,0.0,/data/state_diff2/data/phase3_state_v2_slack_r1_staging/raw/val/hidden_slack_breakaway_pin_v2/seed_410012.pkl,val
hidden_slack_breakaway_pin_v2,0.0,/data/state_diff2/data/phase3_state_v2_slack_r1_staging/raw/val/hidden_slack_breakaway_pin_v2/seed_410013.pkl,val
hidden_slack_breakaway_pin_v2,0.0,/data/state_diff2/data/phase3_state_v2_slack_r1_staging/raw/val/hidden_slack_breakaway_pin_v2/seed_410014.pkl,val
hidden_slack_breakaway_pin_v2,0.0,/data/state_diff2/data/phase3_state_v2_slack_r1_staging/raw/val/hidden_slack_breakaway_pin_v2/seed_410015.pkl,val
hidden_slack_breakaway_pin_v2,0.0,/data/state_diff2/data/phase3_state_v2_slack_r1_staging/raw/val/hidden_slack_breakaway_pin_v2/seed_410016.pkl,val
hidden_slack_breakaway_pin_v2,0.0,/data/state_diff2/data/phase3_state_v2_slack_r1_staging/raw/val/hidden_slack_breakaway_pin_v2/seed_410017.pkl,val
hidden_slack_breakaway_pin_v2,0.0,/data/state_diff2/data/phase3_state_v2_slack_r1_staging/raw/val/hidden_slack_breakaway_pin_v2/seed_410018.pkl,val
hidden_slack_breakaway_pin_v2,0.0,/data/state_diff2/data/phase3_state_v2_slack_r1_staging/raw/val/hidden_slack_breakaway_pin_v2/seed_410019.pkl,val
hidden_slack_breakaway_pin_v2,0.0,/data/state_diff2/data/phase3_state_v2_slack_r1_staging/raw/val/hidden_slack_breakaway_pin_v2/seed_410020.pkl,val
hidden_slack_breakaway_pin_v2,0.0,/data/state_diff2/data/phase3_state_v2_slack_r1_staging/raw/val/hidden_slack_breakaway_pin_v2/seed_410021.pkl,val
hidden_slack_breakaway_pin_v2,0.0,/data/state_diff2/data/phase3_state_v2_slack_r1_staging/raw/val/hidden_slack_breakaway_pin_v2/seed_410022.pkl,val
hidden_slack_breakaway_pin_v2,0.0,/data/state_diff2/data/phase3_state_v2_slack_r1_staging/raw/val/hidden_slack_breakaway_pin_v2/seed_410023.pkl,val
hidden_slack_breakaway_pin_v2,0.0,/data/state_diff2/data/phase3_state_v2_slack_r1_staging/raw/val/hidden_slack_breakaway_pin_v2/seed_410024.pkl,val
hidden_slack_breakaway_pin_v2,0.0,/data/state_diff2/data/phase3_state_v2_slack_r1_staging/raw/val/hidden_slack_breakaway_pin_v2/seed_410025.pkl,val
hidden_slack_breakaway_pin_v2,0.0,/data/state_diff2/data/phase3_state_v2_slack_r1_staging/raw/val/hidden_slack_breakaway_pin_v2/seed_410026.pkl,val
hidden_slack_breakaway_pin_v2,0.0,/data/state_diff2/data/phase3_state_v2_slack_r1_staging/raw/val/hidden_slack_breakaway_pin_v2/seed_410027.pkl,val
hidden_slack_breakaway_pin_v2,0.0,/data/state_diff2/data/phase3_state_v2_slack_r1_staging/raw/val/hidden_slack_breakaway_pin_v2/seed_410028.pkl,val
hidden_slack_breakaway_pin_v2,0.0,/data/state_diff2/data/phase3_state_v2_slack_r1_staging/raw/val/hidden_slack_breakaway_pin_v2/seed_410029.pkl,val
hidden_slack_breakaway_pin_v2,0.0,/data/state_diff2/data/phase3_state_v2_slack_r1_staging/raw/val/hidden_slack_breakaway_pin_v2/seed_410030.pkl,val
hidden_slack_breakaway_pin_v2,0.0,/data/state_diff2/data/phase3_state_v2_slack_r1_staging/raw/val/hidden_slack_breakaway_pin_v2/seed_410031.pkl,val
free,0.0,/data/state_diff2/data/phase3_state_v2_slack_r1_staging/raw/test/free/seed_420000.pkl,test
free,0.0,/data/state_diff2/data/phase3_state_v2_slack_r1_staging/raw/test/free/seed_420001.pkl,test
free,0.0,/data/state_diff2/data/phase3_state_v2_slack_r1_staging/raw/test/free/seed_420002.pkl,test
free,0.0,/data/state_diff2/data/phase3_state_v2_slack_r1_staging/raw/test/free/seed_420003.pkl,test
free,0.0,/data/state_diff2/data/phase3_state_v2_slack_r1_staging/raw/test/free/seed_420004.pkl,test
free,0.0,/data/state_diff2/data/phase3_state_v2_slack_r1_staging/raw/test/free/seed_420005.pkl,test
free,0.0,/data/state_diff2/data/phase3_state_v2_slack_r1_staging/raw/test/free/seed_420006.pkl,test
free,0.0,/data/state_diff2/data/phase3_state_v2_slack_r1_staging/raw/test/free/seed_420007.pkl,test
free,0.0,/data/state_diff2/data/phase3_state_v2_slack_r1_staging/raw/test/free/seed_420008.pkl,test
free,0.0,/data/state_diff2/data/phase3_state_v2_slack_r1_staging/raw/test/free/seed_420009.pkl,test
free,0.0,/data/state_diff2/data/phase3_state_v2_slack_r1_staging/raw/test/free/seed_420010.pkl,test
free,0.0,/data/state_diff2/data/phase3_state_v2_slack_r1_staging/raw/test/free/seed_420011.pkl,test
free,0.0,/data/state_diff2/data/phase3_state_v2_slack_r1_staging/raw/test/free/seed_420012.pkl,test
free,0.0,/data/state_diff2/data/phase3_state_v2_slack_r1_staging/raw/test/free/seed_420013.pkl,test
free,0.0,/data/state_diff2/data/phase3_state_v2_slack_r1_staging/raw/test/free/seed_420014.pkl,test
free,0.0,/data/state_diff2/data/phase3_state_v2_slack_r1_staging/raw/test/free/seed_420015.pkl,test
free,0.0,/data/state_diff2/data/phase3_state_v2_slack_r1_staging/raw/test/free/seed_420016.pkl,test
free,0.0,/data/state_diff2/data/phase3_state_v2_slack_r1_staging/raw/test/free/seed_420017.pkl,test
free,0.0,/data/state_diff2/data/phase3_state_v2_slack_r1_staging/raw/test/free/seed_420018.pkl,test
free,0.0,/data/state_diff2/data/phase3_state_v2_slack_r1_staging/raw/test/free/seed_420019.pkl,test
free,0.0,/data/state_diff2/data/phase3_state_v2_slack_r1_staging/raw/test/free/seed_420020.pkl,test
free,0.0,/data/state_diff2/data/phase3_state_v2_slack_r1_staging/raw/test/free/seed_420021.pkl,test
free,0.0,/data/state_diff2/data/phase3_state_v2_slack_r1_staging/raw/test/free/seed_420022.pkl,test
free,0.0,/data/state_diff2/data/phase3_state_v2_slack_r1_staging/raw/test/free/seed_420023.pkl,test
free,0.0,/data/state_diff2/data/phase3_state_v2_slack_r1_staging/raw/test/free/seed_420024.pkl,test
free,0.0,/data/state_diff2/data/phase3_state_v2_slack_r1_staging/raw/test/free/seed_420025.pkl,test
free,0.0,/data/state_diff2/data/phase3_state_v2_slack_r1_staging/raw/test/free/seed_420026.pkl,test
free,0.0,/data/state_diff2/data/phase3_state_v2_slack_r1_staging/raw/test/free/seed_420027.pkl,test
free,0.0,/data/state_diff2/data/phase3_state_v2_slack_r1_staging/raw/test/free/seed_420028.pkl,test
free,0.0,/data/state_diff2/data/phase3_state_v2_slack_r1_staging/raw/test/free/seed_420029.pkl,test
free,0.0,/data/state_diff2/data/phase3_state_v2_slack_r1_staging/raw/test/free/seed_420030.pkl,test
free,0.0,/data/state_diff2/data/phase3_state_v2_slack_r1_staging/raw/test/free/seed_420031.pkl,test
hidden_slack_breakaway_pin_v2,0.0,/data/state_diff2/data/phase3_state_v2_slack_r1_staging/raw/test/hidden_slack_breakaway_pin_v2/seed_420000.pkl,test
hidden_slack_breakaway_pin_v2,0.0,/data/state_diff2/data/phase3_state_v2_slack_r1_staging/raw/test/hidden_slack_breakaway_pin_v2/seed_420001.pkl,test
hidden_slack_breakaway_pin_v2,0.0,/data/state_diff2/data/phase3_state_v2_slack_r1_staging/raw/test/hidden_slack_breakaway_pin_v2/seed_420002.pkl,test
hidden_slack_breakaway_pin_v2,0.0,/data/state_diff2/data/phase3_state_v2_slack_r1_staging/raw/test/hidden_slack_breakaway_pin_v2/seed_420003.pkl,test
hidden_slack_breakaway_pin_v2,0.0,/data/state_diff2/data/phase3_state_v2_slack_r1_staging/raw/test/hidden_slack_breakaway_pin_v2/seed_420004.pkl,test
hidden_slack_breakaway_pin_v2,0.0,/data/state_diff2/data/phase3_state_v2_slack_r1_staging/raw/test/hidden_slack_breakaway_pin_v2/seed_420005.pkl,test
hidden_slack_breakaway_pin_v2,0.0,/data/state_diff2/data/phase3_state_v2_slack_r1_staging/raw/test/hidden_slack_breakaway_pin_v2/seed_420006.pkl,test
hidden_slack_breakaway_pin_v2,0.0,/data/state_diff2/data/phase3_state_v2_slack_r1_staging/raw/test/hidden_slack_breakaway_pin_v2/seed_420007.pkl,test
hidden_slack_breakaway_pin_v2,0.0,/data/state_diff2/data/phase3_state_v2_slack_r1_staging/raw/test/hidden_slack_breakaway_pin_v2/seed_420008.pkl,test
hidden_slack_breakaway_pin_v2,0.0,/data/state_diff2/data/phase3_state_v2_slack_r1_staging/raw/test/hidden_slack_breakaway_pin_v2/seed_420009.pkl,test
hidden_slack_breakaway_pin_v2,0.0,/data/state_diff2/data/phase3_state_v2_slack_r1_staging/raw/test/hidden_slack_breakaway_pin_v2/seed_420010.pkl,test
hidden_slack_breakaway_pin_v2,0.0,/data/state_diff2/data/phase3_state_v2_slack_r1_staging/raw/test/hidden_slack_breakaway_pin_v2/seed_420011.pkl,test
hidden_slack_breakaway_pin_v2,0.0,/data/state_diff2/data/phase3_state_v2_slack_r1_staging/raw/test/hidden_slack_breakaway_pin_v2/seed_420012.pkl,test
hidden_slack_breakaway_pin_v2,0.0,/data/state_diff2/data/phase3_state_v2_slack_r1_staging/raw/test/hidden_slack_breakaway_pin_v2/seed_420013.pkl,test
hidden_slack_breakaway_pin_v2,0.0,/data/state_diff2/data/phase3_state_v2_slack_r1_staging/raw/test/hidden_slack_breakaway_pin_v2/seed_420014.pkl,test
hidden_slack_breakaway_pin_v2,0.0,/data/state_diff2/data/phase3_state_v2_slack_r1_staging/raw/test/hidden_slack_breakaway_pin_v2/seed_420015.pkl,test
hidden_slack_breakaway_pin_v2,0.0,/data/state_diff2/data/phase3_state_v2_slack_r1_staging/raw/test/hidden_slack_breakaway_pin_v2/seed_420016.pkl,test
hidden_slack_breakaway_pin_v2,0.0,/data/state_diff2/data/phase3_state_v2_slack_r1_staging/raw/test/hidden_slack_breakaway_pin_v2/seed_420017.pkl,test
hidden_slack_breakaway_pin_v2,0.0,/data/state_diff2/data/phase3_state_v2_slack_r1_staging/raw/test/hidden_slack_breakaway_pin_v2/seed_420018.pkl,test
hidden_slack_breakaway_pin_v2,0.0,/data/state_diff2/data/phase3_state_v2_slack_r1_staging/raw/test/hidden_slack_breakaway_pin_v2/seed_420019.pkl,test
hidden_slack_breakaway_pin_v2,0.0,/data/state_diff2/data/phase3_state_v2_slack_r1_staging/raw/test/hidden_slack_breakaway_pin_v2/seed_420020.pkl,test
hidden_slack_breakaway_pin_v2,0.0,/data/state_diff2/data/phase3_state_v2_slack_r1_staging/raw/test/hidden_slack_breakaway_pin_v2/seed_420021.pkl,test
hidden_slack_breakaway_pin_v2,0.0,/data/state_diff2/data/phase3_state_v2_slack_r1_staging/raw/test/hidden_slack_breakaway_pin_v2/seed_420022.pkl,test
hidden_slack_breakaway_pin_v2,0.0,/data/state_diff2/data/phase3_state_v2_slack_r1_staging/raw/test/hidden_slack_breakaway_pin_v2/seed_420023.pkl,test
hidden_slack_breakaway_pin_v2,0.0,/data/state_diff2/data/phase3_state_v2_slack_r1_staging/raw/test/hidden_slack_breakaway_pin_v2/seed_420024.pkl,test
hidden_slack_breakaway_pin_v2,0.0,/data/state_diff2/data/phase3_state_v2_slack_r1_staging/raw/test/hidden_slack_breakaway_pin_v2/seed_420025.pkl,test
hidden_slack_breakaway_pin_v2,0.0,/data/state_diff2/data/phase3_state_v2_slack_r1_staging/raw/test/hidden_slack_breakaway_pin_v2/seed_420026.pkl,test
hidden_slack_breakaway_pin_v2,0.0,/data/state_diff2/data/phase3_state_v2_slack_r1_staging/raw/test/hidden_slack_breakaway_pin_v2/seed_420027.pkl,test
hidden_slack_breakaway_pin_v2,0.0,/data/state_diff2/data/phase3_state_v2_slack_r1_staging/raw/test/hidden_slack_breakaway_pin_v2/seed_420028.pkl,test
hidden_slack_breakaway_pin_v2,0.0,/data/state_diff2/data/phase3_state_v2_slack_r1_staging/raw/test/hidden_slack_breakaway_pin_v2/seed_420029.pkl,test
hidden_slack_breakaway_pin_v2,0.0,/data/state_diff2/data/phase3_state_v2_slack_r1_staging/raw/test/hidden_slack_breakaway_pin_v2/seed_420030.pkl,test
hidden_slack_breakaway_pin_v2,0.0,/data/state_diff2/data/phase3_state_v2_slack_r1_staging/raw/test/hidden_slack_breakaway_pin_v2/seed_420031.pkl,test
