best4_chamfer,config,epoch,mode,ordered_support,sample_validity,seed,total_loss
0.0834783770728345,v_baseline_replay,25,pilot,1.0,0.0,31440,0.6558682471513748
0.08328859562821248,v_baseline_replay,50,pilot,1.0,0.0,31440,0.6396206021308899
0.08303457798034537,v_baseline_replay,75,pilot,1.0,0.0,31440,0.6307908892631531
0.08265448131543748,v_baseline_replay,100,pilot,1.0,0.0,31440,0.6292418017983437
0.08217276008251835,v_baseline_replay,125,pilot,1.0,0.0,31440,0.6102670580148697
0.08168385499248318,v_baseline_replay,150,pilot,1.0,0.0,31440,0.5916644111275673
0.08120712334764939,v_baseline_replay,175,pilot,1.0,0.0,31440,0.5603167191147804
0.08090062483268626,v_baseline_replay,200,pilot,1.0,0.0,31440,0.5612768903374672
0.08044938578763429,v_baseline_replay,225,pilot,1.0,0.0,31440,0.5446904003620148
0.0802593634409063,v_baseline_replay,250,pilot,1.0,0.0,31440,0.5317610986530781
0.08009731404337228,v_baseline_replay,275,pilot,1.0,0.0,31440,0.5112155489623547
0.07975445932471285,v_baseline_replay,300,pilot,1.0,0.0,31440,0.48548169806599617
0.07930173136878248,v_baseline_replay,325,pilot,1.0,0.0,31440,0.47880178689956665
0.07843717465213701,v_baseline_replay,350,pilot,1.0,0.0,31440,0.45903246104717255
0.07746587598732874,v_baseline_replay,375,pilot,1.0,0.0,31440,0.4326177127659321
0.07649080309213377,v_baseline_replay,400,pilot,1.0,0.0,31440,0.43448151275515556
0.07536966733488382,v_baseline_replay,425,pilot,1.0,0.0,31440,0.4257074147462845
0.07436642784844427,v_baseline_replay,450,pilot,1.0,0.0,31440,0.39487456902861595
0.07313066848791112,v_baseline_replay,475,pilot,1.0,0.0,31440,0.3956877626478672
0.07233340932311964,v_baseline_replay,500,pilot,1.0,0.0,31440,0.39222924411296844
0.0714891179665631,v_baseline_replay,525,pilot,1.0,0.0,31440,0.38337114825844765
0.07085855086060132,v_baseline_replay,550,pilot,1.0,0.0,31440,0.37452011182904243
0.070622763505169,v_baseline_replay,575,pilot,1.0,0.0,31440,0.36535515636205673
0.07010524577515967,v_baseline_replay,600,pilot,1.0,0.0,31440,0.36133841052651405
0.06969643775008473,v_baseline_replay,625,pilot,1.0,0.0,31440,0.3468804322183132
0.06949574412668452,v_baseline_replay,650,pilot,1.0,0.0,31440,0.3512538857758045
0.06932071410119534,v_baseline_replay,675,pilot,1.0,0.0,31440,0.34952497482299805
0.06904329571361635,v_baseline_replay,700,pilot,1.0,0.0,31440,0.3402255140244961
0.06859182230397767,v_baseline_replay,725,pilot,1.0,0.0,31440,0.32760726287961006
0.06814906545275566,v_baseline_replay,750,pilot,1.0,0.0,31440,0.3283759020268917
0.08346616600950559,edge_length,25,pilot,1.0,0.0,31440,1.065226435661316
0.08322823723303337,edge_length,50,pilot,1.0,0.0,31440,1.3932703137397766
0.0828322396412784,edge_length,75,pilot,1.0,0.0,31440,1.292262241244316
0.08213005233190808,edge_length,100,pilot,1.0,0.0,31440,1.2814762890338898
0.08097854004625012,edge_length,125,pilot,1.0,0.0,31440,1.1032260656356812
0.07899510108080565,edge_length,150,pilot,1.0,0.0,31440,0.9848195537924767
0.07651926865618602,edge_length,175,pilot,1.0,0.0,31440,0.9027785956859589
0.07379909579222109,edge_length,200,pilot,1.0,0.0,31440,0.8623964041471481
0.0715297640611728,edge_length,225,pilot,1.0,0.0,31440,0.8143676072359085
0.0699339916235676,edge_length,250,pilot,1.0,0.0,31440,0.7837875112891197
0.06864251039337878,edge_length,275,pilot,1.0,0.0,31440,0.7588950842618942
0.0677165682336279,edge_length,300,pilot,1.0,0.0,31440,0.7293792888522148
0.06675621248124276,edge_length,325,pilot,1.0,0.0,31440,0.7241890206933022
0.0658405823815687,edge_length,350,pilot,1.0,0.0,31440,0.6981205567717552
0.06513112823606707,edge_length,375,pilot,1.0,0.0,31440,0.672929435968399
0.06468803404519956,edge_length,400,pilot,1.0,0.0,31440,0.6732228770852089
0.06470173400114565,edge_length,425,pilot,1.0,0.0,31440,0.6621920019388199
0.06453963874967075,edge_length,450,pilot,1.0,0.0,31440,0.633657917380333
0.06431839385015123,edge_length,475,pilot,1.0,0.0,31440,0.6230507642030716
0.06454080062023565,edge_length,500,pilot,1.0,0.0,31440,0.6278450191020966
0.06457661718641426,edge_length,525,pilot,1.0,0.0,31440,0.6135755032300949
0.06456691267735817,edge_length,550,pilot,1.0,0.0,31440,0.6072166711091995
0.06470236425087147,edge_length,575,pilot,1.0,0.0,31440,0.5930300429463387
0.06477023146170027,edge_length,600,pilot,1.0,0.0,31440,0.5919739305973053
0.06462455734464467,edge_length,625,pilot,1.0,0.0,31440,0.5850116610527039
0.06463435555205625,edge_length,650,pilot,1.0,0.0,31440,0.5832228139042854
0.06446629636647071,edge_length,675,pilot,1.0,0.0,31440,0.571426048874855
0.0646787841676497,edge_length,700,pilot,1.0,0.0,31440,0.5678446739912033
0.0648415651281967,edge_length,725,pilot,1.0,0.0,31440,0.5576336830854416
0.064959200373029,edge_length,750,pilot,1.0,0.0,31440,0.5598844215273857
0.08346616619211786,ordered_edge,25,pilot,1.0,0.0,31440,1.065322607755661
0.08322824256531164,ordered_edge,50,pilot,1.0,0.0,31440,1.393477350473404
0.08283225180325555,ordered_edge,75,pilot,1.0,0.0,31440,1.2925941944122314
0.08213009206833792,ordered_edge,100,pilot,1.0,0.0,31440,1.28184874355793
0.08097860710147549,ordered_edge,125,pilot,1.0,0.0,31440,1.1035424023866653
0.07899513844327599,ordered_edge,150,pilot,1.0,0.0,31440,0.9851157739758492
0.0765192039383977,ordered_edge,175,pilot,1.0,0.0,31440,0.9030559211969376
0.07379915492207396,ordered_edge,200,pilot,1.0,0.0,31440,0.8626580312848091
0.0715297280135108,ordered_edge,225,pilot,1.0,0.0,31440,0.8145973831415176
0.06993342629250358,ordered_edge,250,pilot,1.0,0.0,31440,0.7840546816587448
0.06864176345441271,ordered_edge,275,pilot,1.0,0.0,31440,0.7591677308082581
0.06771555875300192,ordered_edge,300,pilot,1.0,0.0,31440,0.729643739759922
0.06675314990913167,ordered_edge,325,pilot,1.0,0.0,31440,0.7243915721774101
0.06583786361357745,ordered_edge,350,pilot,1.0,0.0,31440,0.698354996740818
0.06512803597120094,ordered_edge,375,pilot,1.0,0.0,31440,0.673110269010067
0.06468667840475545,ordered_edge,400,pilot,1.0,0.0,31440,0.6734324619174004
0.06470112898843546,ordered_edge,425,pilot,1.0,0.0,31440,0.6624189391732216
0.064538930378416,ordered_edge,450,pilot,1.0,0.0,31440,0.6338340640068054
0.06431817438672571,ordered_edge,475,pilot,1.0,0.0,31440,0.6232545226812363
0.06454116191861092,ordered_edge,500,pilot,1.0,0.0,31440,0.6280443891882896
0.06457752666856144,ordered_edge,525,pilot,1.0,0.0,31440,0.6138027310371399
0.06456716415271455,ordered_edge,550,pilot,1.0,0.0,31440,0.6073895990848541
0.06470302503336878,ordered_edge,575,pilot,1.0,0.0,31440,0.5931963995099068
0.0647711504579467,ordered_edge,600,pilot,1.0,0.0,31440,0.5921495333313942
0.06462526670200568,ordered_edge,625,pilot,1.0,0.0,31440,0.5852252617478371
0.06463567784749995,ordered_edge,650,pilot,1.0,0.0,31440,0.5833951309323311
0.06446776473346878,ordered_edge,675,pilot,1.0,0.0,31440,0.5715808793902397
0.06467993911720958,ordered_edge,700,pilot,1.0,0.0,31440,0.5680797696113586
0.06484274423735983,ordered_edge,725,pilot,1.0,0.0,31440,0.5578400790691376
0.06496174175146163,ordered_edge,750,pilot,1.0,0.0,31440,0.5600087195634842
0.08346548804319372,ordered_edge_temporal,25,pilot,1.0,0.0,31440,1.100717917084694
0.08322606732447942,ordered_edge_temporal,50,pilot,1.0,0.0,31440,1.4481838792562485
0.08282716513848772,ordered_edge_temporal,75,pilot,1.0,0.0,31440,1.3408430516719818
0.08212036003961283,ordered_edge_temporal,100,pilot,1.0,0.0,31440,1.3460520505905151
0.08096229847447545,ordered_edge_temporal,125,pilot,1.0,0.0,31440,1.1599748581647873
0.07898771927198943,ordered_edge_temporal,150,pilot,1.0,0.0,31440,1.0348573178052902
0.07653171273277086,ordered_edge_temporal,175,pilot,1.0,0.0,31440,0.9501165598630905
0.07384153261926829,ordered_edge_temporal,200,pilot,1.0,0.0,31440,0.9072810336947441
0.07157839042152844,ordered_edge_temporal,225,pilot,1.0,0.0,31440,0.8584255948662758
0.06998667183021705,ordered_edge_temporal,250,pilot,1.0,0.0,31440,0.8241469860076904
0.06876453300755397,ordered_edge_temporal,275,pilot,1.0,0.0,31440,0.7983159124851227
0.06786047544914718,ordered_edge_temporal,300,pilot,1.0,0.0,31440,0.7659745663404465
0.06700618851783813,ordered_edge_temporal,325,pilot,1.0,0.0,31440,0.7612798810005188
0.0660256726265538,ordered_edge_temporal,350,pilot,1.0,0.0,31440,0.7341758981347084
0.06528221777475932,ordered_edge_temporal,375,pilot,1.0,0.0,31440,0.7078413143754005
0.06480713886227094,ordered_edge_temporal,400,pilot,1.0,0.0,31440,0.7064133211970329
0.0646997993337173,ordered_edge_temporal,425,pilot,1.0,0.0,31440,0.6943951472640038
0.06449983261671721,ordered_edge_temporal,450,pilot,1.0,0.0,31440,0.6647014394402504
0.06428491116008338,ordered_edge_temporal,475,pilot,1.0,0.0,31440,0.6549703702330589
0.06451554406507343,ordered_edge_temporal,500,pilot,1.0,0.0,31440,0.6613217815756798
0.06449569661316334,ordered_edge_temporal,525,pilot,1.0,0.0,31440,0.6454637795686722
0.0645097995396046,ordered_edge_temporal,550,pilot,1.0,0.0,31440,0.6388627886772156
0.06460247784122533,ordered_edge_temporal,575,pilot,1.0,0.0,31440,0.6246860772371292
0.0647255352095646,ordered_edge_temporal,600,pilot,1.0,0.0,31440,0.622791163623333
0.06463582559908722,ordered_edge_temporal,625,pilot,1.0,0.0,31440,0.6170188561081886
0.0646315270888747,ordered_edge_temporal,650,pilot,1.0,0.0,31440,0.6151094287633896
0.06441630614811883,ordered_edge_temporal,675,pilot,1.0,0.0,31440,0.601683609187603
0.06466049640713369,ordered_edge_temporal,700,pilot,1.0,0.0,31440,0.5978439599275589
0.06481905482417229,ordered_edge_temporal,725,pilot,1.0,0.0,31440,0.5888573080301285
0.06494521566977103,ordered_edge_temporal,750,pilot,1.0,0.0,31440,0.5890331864356995
