config,elapsed_seconds,epoch,prediction_type,schedule_kind,seed,train_objective_mse,val_best4,val_k1,val_physical_validity,val_query_validity,val_z_abs_max,val_z_abs_p99
epsilon_cosine_cap_0p5,1.8903651237487793,25,epsilon,cosine_capped,31431,0.6594012603163719,5.519373056935329,6.560607269698498,0.0,0.0,328.0643615722656,188.94263839721677
epsilon_cosine_cap_0p5,2.936131238937378,50,epsilon,cosine_capped,31431,0.520030178129673,5.076106849838705,6.0485469359977575,0.0,0.0,304.3363952636719,176.56690292358397
epsilon_cosine_cap_0p5,3.982365608215332,75,epsilon,cosine_capped,31431,0.4120347462594509,4.441589883729523,5.346560153306699,0.0,0.0,275.7115173339844,158.40965667724598
epsilon_cosine_cap_0p5,5.022799015045166,100,epsilon,cosine_capped,31431,0.353386577218771,3.848918779223573,4.607748076027515,0.0,0.0,260.17071533203125,137.84793060302732
epsilon_cosine_cap_0p5,6.080132722854614,125,epsilon,cosine_capped,31431,0.3046080060303211,3.2044598074520336,3.878584480753132,0.0,0.0,245.70350646972656,117.17017578124995
epsilon_cosine_cap_0p5,7.129045486450195,150,epsilon,cosine_capped,31431,0.2632770575582981,2.6425003596380647,3.181343994888605,0.0,0.0,221.60845947265625,99.05357620239256
epsilon_cosine_cap_0p5,8.165597438812256,175,epsilon,cosine_capped,31431,0.2512981668114662,2.0933608681547877,2.5479528354663477,0.0,0.0,191.56646728515625,82.96360664367671
epsilon_cosine_cap_0p5,9.199790000915527,200,epsilon,cosine_capped,31431,0.23874740488827229,1.6481215836955052,2.0705245347583996,0.0,0.0,161.1522674560547,69.87319641113278
epsilon_cosine_cap_0p5,10.241129159927368,225,epsilon,cosine_capped,31431,0.22935722209513187,1.290885761088016,1.6619483220810984,0.0,0.0,133.76597595214844,58.77961761474609
epsilon_cosine_cap_0p5,11.285613059997559,250,epsilon,cosine_capped,31431,0.22369207441806793,1.0114771904898625,1.327086905638377,0.0,0.0,113.42464447021484,50.283391609191845
epsilon_cosine_cap_0p5,12.326573610305786,275,epsilon,cosine_capped,31431,0.2161599714308977,0.8118315444273108,1.1255333902789098,0.0,0.0,98.18474578857422,43.62426227569577
epsilon_cosine_cap_0p5,13.352919101715088,300,epsilon,cosine_capped,31431,0.21678857691586018,0.6859075061830819,1.0152627434216293,0.0,0.0,84.74591064453125,38.323641815185525
epsilon_cosine_cap_0p5,14.36135482788086,325,epsilon,cosine_capped,31431,0.21979744732379913,0.617072200366095,0.9581135301028981,0.0,0.0,80.09840393066406,34.80751590728758
epsilon_cosine_cap_0p5,15.378297567367554,350,epsilon,cosine_capped,31431,0.2264886535704136,0.5696781537696427,0.9191606407072029,0.0,0.0,77.9100570678711,32.2868115234375
epsilon_cosine_cap_0p5,16.43241834640503,375,epsilon,cosine_capped,31431,0.20649938471615314,0.5484006146297735,0.899318956861309,0.0,0.0,78.31321716308594,30.69312217712402
epsilon_cosine_cap_0p5,17.487690925598145,400,epsilon,cosine_capped,31431,0.21856103651225567,0.5368674751005921,0.8951213088105706,0.0,0.0,81.20488739013672,29.68748573303221
epsilon_cosine_cap_0p5,18.53666639328003,425,epsilon,cosine_capped,31431,0.20420910231769085,0.5307437028078472,0.8949574043645578,0.0,0.0,86.31694030761719,28.929307365417475
epsilon_cosine_cap_0p5,19.63477373123169,450,epsilon,cosine_capped,31431,0.2232778798788786,0.5286868162014905,0.8961854276119494,0.0,0.0,91.82274627685547,28.47577234268188
epsilon_cosine_cap_0p5,20.6861572265625,475,epsilon,cosine_capped,31431,0.2111073061823845,0.5264780940670594,0.8974612057209015,0.0,0.0,97.9286117553711,28.175715866088844
epsilon_cosine_cap_0p5,21.72210144996643,500,epsilon,cosine_capped,31431,0.22027805261313915,0.5251437799603331,0.898121753451871,0.0,0.0,103.53475189208984,27.922092399597155
epsilon_cosine_cap_0p5,22.759137630462646,525,epsilon,cosine_capped,31431,0.21562102809548378,0.5258280371918398,0.898165237085492,0.0,0.0,108.75700378417969,27.70795049667356
epsilon_cosine_cap_0p5,23.792893409729004,550,epsilon,cosine_capped,31431,0.1971174217760563,0.5270963531790995,0.8989838501986336,0.0,0.0,113.00138092041016,27.477723236083982
epsilon_cosine_cap_0p5,24.82511258125305,575,epsilon,cosine_capped,31431,0.2123707253485918,0.5286166226746989,0.8999309059159428,0.0,0.0,117.11782836914062,27.30240922927856
epsilon_cosine_cap_0p5,25.84637141227722,600,epsilon,cosine_capped,31431,0.20969131588935852,0.5302291322572559,0.9020281775909311,0.0,0.0,120.42804718017578,27.089929351806635
epsilon_cosine_cap_0p5,26.862781286239624,625,epsilon,cosine_capped,31431,0.20833407156169415,0.5307588482312128,0.903285503533541,0.0,0.0,122.41500091552734,26.94572898864745
epsilon_cosine_cap_0p5,27.88334608078003,650,epsilon,cosine_capped,31431,0.20787470042705536,0.5303868170754582,0.904487763841947,0.0,0.0,123.95999908447266,26.86644193649291
epsilon_cosine_cap_0p5,28.905470609664917,675,epsilon,cosine_capped,31431,0.19958221353590488,0.5289172686490358,0.9059476826120826,0.0,0.0,125.31044006347656,26.7835679244995
epsilon_cosine_cap_0p5,29.926719188690186,700,epsilon,cosine_capped,31431,0.2010012585669756,0.52851800518293,0.9075601954086154,0.0,0.0,126.1759262084961,26.778183498382564
epsilon_cosine_cap_0p5,30.96190881729126,725,epsilon,cosine_capped,31431,0.19179370999336243,0.5284111793426907,0.9076813463779057,0.0,0.0,127.0537338256836,26.783835659027083
epsilon_cosine_cap_0p5,32.043137073516846,750,epsilon,cosine_capped,31431,0.21954109705984592,0.5276684981642985,0.9079451290707962,0.0,0.0,126.9948501586914,26.751977806091286
epsilon_cosine_cap_0p5,1.0215563774108887,25,epsilon,cosine_capped,31432,0.6528364643454552,5.541968731319203,6.4095771265964885,0.0,0.0,336.942626953125,188.80902542114245
epsilon_cosine_cap_0p5,2.04998517036438,50,epsilon,cosine_capped,31432,0.5142537988722324,5.137318662568634,5.933333686753815,0.0,0.0,310.95721435546875,176.62292587280274
epsilon_cosine_cap_0p5,3.0947790145874023,75,epsilon,cosine_capped,31432,0.4079276882112026,4.583745241165161,5.284382824804268,0.0,0.0,272.70941162109375,158.36916061401362
epsilon_cosine_cap_0p5,4.125157356262207,100,epsilon,cosine_capped,31432,0.3512929789721966,3.8920328500224093,4.507254448591494,0.0,0.0,230.56326293945312,137.33007324218744
epsilon_cosine_cap_0p5,5.145588159561157,125,epsilon,cosine_capped,31432,0.30700744315981865,3.217652907558516,3.8141050245247636,0.0,0.0,214.81358337402344,116.9167403411865
epsilon_cosine_cap_0p5,6.163529634475708,150,epsilon,cosine_capped,31432,0.2792481817305088,2.661747386642531,3.1600982137754854,0.0,0.0,192.53634643554688,97.92102066040039
epsilon_cosine_cap_0p5,7.178544998168945,175,epsilon,cosine_capped,31432,0.24869666248559952,2.0865365208364,2.553952821329528,0.0,0.0,167.84368896484375,81.81152290344237
epsilon_cosine_cap_0p5,8.203463792800903,200,epsilon,cosine_capped,31432,0.23101267591118813,1.6776446513101166,2.0477792106422723,0.0,0.0,142.71563720703125,67.96770812988281
epsilon_cosine_cap_0p5,9.220921516418457,225,epsilon,cosine_capped,31432,0.21936113201081753,1.2928142933284534,1.6324202979312223,0.0,0.0,125.81463623046875,56.65027759551997
epsilon_cosine_cap_0p5,10.241077184677124,250,epsilon,cosine_capped,31432,0.215795723721385,1.0082128912794823,1.334372844766168,0.0,0.0,108.18802642822266,47.705741233825655
epsilon_cosine_cap_0p5,11.247256517410278,275,epsilon,cosine_capped,31432,0.2290873657912016,0.82239223549179,1.1339641149137534,0.0,0.0,95.02852630615234,41.269769706726066
epsilon_cosine_cap_0p5,12.256064653396606,300,epsilon,cosine_capped,31432,0.21267139725387096,0.7078118204486137,1.0173401216081543,0.0,0.0,83.21538543701172,36.52365642547607
epsilon_cosine_cap_0p5,13.258748531341553,325,epsilon,cosine_capped,31432,0.20520571805536747,0.6299760584153381,0.9535218228896459,0.0,0.0,72.70438385009766,33.17089267730712
epsilon_cosine_cap_0p5,14.280243635177612,350,epsilon,cosine_capped,31432,0.2138331774622202,0.5986755256559334,0.940220488929281,0.0,0.0,67.61509704589844,31.227970542907673
epsilon_cosine_cap_0p5,15.317358016967773,375,epsilon,cosine_capped,31432,0.1982489451766014,0.5759381105502447,0.9368939735725814,0.0,0.0,66.44075012207031,29.818035678863524
epsilon_cosine_cap_0p5,16.361008405685425,400,epsilon,cosine_capped,31432,0.2246428318321705,0.5634795827608482,0.9405107886767855,0.0,0.0,65.52349090576172,28.912993469238277
epsilon_cosine_cap_0p5,17.38618302345276,425,epsilon,cosine_capped,31432,0.2144132051616907,0.5539798263241263,0.9455907981769711,0.0,0.0,64.55855560302734,28.16860103607177
epsilon_cosine_cap_0p5,18.40472388267517,450,epsilon,cosine_capped,31432,0.2132165189832449,0.5490523813401952,0.9510350320853439,0.0,0.0,64.07588958740234,27.76639070510863
epsilon_cosine_cap_0p5,19.406777143478394,475,epsilon,cosine_capped,31432,0.201628090813756,0.5460140025791,0.9550030789538926,0.0,0.0,63.961090087890625,27.485838012695307
epsilon_cosine_cap_0p5,20.412100791931152,500,epsilon,cosine_capped,31432,0.21640260517597198,0.5431458966112604,0.9583731108144218,0.0,0.0,64.56087493896484,27.263135604858398
epsilon_cosine_cap_0p5,21.418175220489502,525,epsilon,cosine_capped,31432,0.21584843285381794,0.5405792456631567,0.9604835353937804,0.0,0.0,66.94731140136719,27.074247226715055
epsilon_cosine_cap_0p5,22.440131664276123,550,epsilon,cosine_capped,31432,0.20399256609380245,0.5391729937172404,0.9626293280253223,0.0,0.0,70.27620697021484,26.934426479339592
epsilon_cosine_cap_0p5,23.46047878265381,575,epsilon,cosine_capped,31432,0.21570497751235962,0.5387024840011316,0.9633830195548487,0.0,0.0,74.71302795410156,26.91095491409302
epsilon_cosine_cap_0p5,24.4843111038208,600,epsilon,cosine_capped,31432,0.21057600900530815,0.5380590733359841,0.9634426031626907,0.0,0.0,79.69465637207031,26.861210594177237
epsilon_cosine_cap_0p5,25.510708570480347,625,epsilon,cosine_capped,31432,0.2073120903223753,0.5374148864956463,0.9632186105146128,0.0,0.0,84.83555603027344,26.906474132537838
epsilon_cosine_cap_0p5,26.522417068481445,650,epsilon,cosine_capped,31432,0.2071641907095909,0.5361985371393316,0.9639730066353199,0.0,0.0,89.53311157226562,26.843818340301492
epsilon_cosine_cap_0p5,27.53124213218689,675,epsilon,cosine_capped,31432,0.19683915190398693,0.536431738997207,0.96424681298873,0.0,0.0,94.09605407714844,26.832884159088117
epsilon_cosine_cap_0p5,28.55109453201294,700,epsilon,cosine_capped,31432,0.20257759280502796,0.5359836312777856,0.9641237216545087,0.0,0.0,97.78929138183594,26.824220008850094
epsilon_cosine_cap_0p5,29.554754734039307,725,epsilon,cosine_capped,31432,0.21009887009859085,0.5362004557368802,0.9637899734810287,0.0,0.0,100.73664093017578,26.768558940887413
epsilon_cosine_cap_0p5,30.572627782821655,750,epsilon,cosine_capped,31432,0.1927738282829523,0.5360368837912878,0.9634447115309098,0.0,0.0,103.11611938476562,26.776964607238746
epsilon_cosine_cap_0p5,1.0111942291259766,25,epsilon,cosine_capped,31433,0.6591574549674988,5.583827233782001,6.599715106627521,0.0,0.0,330.3435974121094,187.90130889892558
epsilon_cosine_cap_0p5,2.0243072509765625,50,epsilon,cosine_capped,31433,0.5233482047915459,5.205519765031104,6.186883173736871,0.0,0.0,310.8203125,175.46930831909177
epsilon_cosine_cap_0p5,3.037742853164673,75,epsilon,cosine_capped,31433,0.4137985520064831,4.646085526428971,5.510123647895514,0.0,0.0,264.98724365234375,157.68039657592766
epsilon_cosine_cap_0p5,4.058600425720215,100,epsilon,cosine_capped,31433,0.34283968061208725,3.963575330435061,4.666355051246344,0.0,0.0,232.67030334472656,137.13078018188475
epsilon_cosine_cap_0p5,5.0640130043029785,125,epsilon,cosine_capped,31433,0.30869754031300545,3.273315193606358,3.912036851340649,0.0,0.0,214.70993041992188,116.20942527770993
epsilon_cosine_cap_0p5,6.076780080795288,150,epsilon,cosine_capped,31433,0.2738875038921833,2.645765583889157,3.1772381628260895,0.0,0.0,190.2931365966797,97.93713356018065
epsilon_cosine_cap_0p5,7.092269420623779,175,epsilon,cosine_capped,31433,0.23592089489102364,2.1061457944851294,2.543557355216905,0.0,0.0,180.11972045898438,81.79660469055172
epsilon_cosine_cap_0p5,8.101891040802002,200,epsilon,cosine_capped,31433,0.24307024292647839,1.656708752407747,2.07558130867341,0.0,0.0,164.5589141845703,68.73860153198235
epsilon_cosine_cap_0p5,9.12668228149414,225,epsilon,cosine_capped,31433,0.22149165719747543,1.2905130906432283,1.6885850669122209,0.0,0.0,144.89468383789062,58.354762687683106
epsilon_cosine_cap_0p5,10.141941547393799,250,epsilon,cosine_capped,31433,0.2185703795403242,1.008069975119011,1.392167450166216,0.0,0.0,123.65383911132812,50.128783950805655
epsilon_cosine_cap_0p5,11.142991304397583,275,epsilon,cosine_capped,31433,0.21872018091380596,0.8189661356748319,1.226410911948073,0.0,0.0,103.3251724243164,43.50299934387204
epsilon_cosine_cap_0p5,12.159846067428589,300,epsilon,cosine_capped,31433,0.21230225265026093,0.7003760156678218,1.142153526930248,0.0,0.0,86.59050750732422,38.79208457946774
epsilon_cosine_cap_0p5,13.17024040222168,325,epsilon,cosine_capped,31433,0.21279403753578663,0.6253925842397353,1.1004971131390215,0.0,0.0,75.2816390991211,35.58555652618408
epsilon_cosine_cap_0p5,14.183609008789062,350,epsilon,cosine_capped,31433,0.22770884074270725,0.5742266110929788,1.069349720489745,0.0,0.0,69.9556884765625,33.405531539916964
epsilon_cosine_cap_0p5,15.19287657737732,375,epsilon,cosine_capped,31433,0.21569112315773964,0.5476973243788177,1.0621010439068663,0.0,0.0,66.01466369628906,32.041906280517566
epsilon_cosine_cap_0p5,16.20558190345764,400,epsilon,cosine_capped,31433,0.22038336656987667,0.53574638857561,1.0635714425760157,0.0,0.0,67.09494018554688,31.103632736206038
epsilon_cosine_cap_0p5,17.216919660568237,425,epsilon,cosine_capped,31433,0.20697286166250706,0.5298247781454348,1.0646168433275878,0.0,0.0,69.47807312011719,30.514667339324948
epsilon_cosine_cap_0p5,18.223856210708618,450,epsilon,cosine_capped,31433,0.21293213218450546,0.5257264350851377,1.0656312816575462,0.0,0.0,72.01714324951172,30.05409934997558
epsilon_cosine_cap_0p5,19.241942644119263,475,epsilon,cosine_capped,31433,0.19995896704494953,0.5260124216769256,1.06598602425234,0.0,0.0,74.26063537597656,29.72266378402706
epsilon_cosine_cap_0p5,20.258631467819214,500,epsilon,cosine_capped,31433,0.2228431235998869,0.5269655192307398,1.065707046027277,0.0,0.0,76.18416595458984,29.48961910247801
epsilon_cosine_cap_0p5,21.27733874320984,525,epsilon,cosine_capped,31433,0.20048627257347107,0.5276380229522201,1.0673138525556116,0.0,0.0,77.74142456054688,29.335241909027097
epsilon_cosine_cap_0p5,22.283729314804077,550,epsilon,cosine_capped,31433,0.225248409435153,0.5276042420197936,1.0686624165551335,0.0,0.0,78.39350891113281,29.163081645965526
epsilon_cosine_cap_0p5,23.289560317993164,575,epsilon,cosine_capped,31433,0.21571030095219612,0.527763589924457,1.0686608533941062,0.0,0.0,79.14090728759766,29.028162631988504
epsilon_cosine_cap_0p5,24.297258853912354,600,epsilon,cosine_capped,31433,0.19689783826470375,0.527700950263762,1.0668769597130663,0.0,0.0,79.3888931274414,28.977295074462884
epsilon_cosine_cap_0p5,25.302438259124756,625,epsilon,cosine_capped,31433,0.20383907668292522,0.5291204237762619,1.0660900770156991,0.0,0.0,78.62903594970703,28.901474437713592
epsilon_cosine_cap_0p5,26.305054903030396,650,epsilon,cosine_capped,31433,0.20688426867127419,0.5319009709591959,1.0660348801928408,0.0,0.0,78.02887725830078,28.862069015502925
epsilon_cosine_cap_0p5,27.309072732925415,675,epsilon,cosine_capped,31433,0.2169141173362732,0.5337906880121605,1.0668092121680577,0.0,0.0,78.18289947509766,28.779726562499985
epsilon_cosine_cap_0p5,28.302668809890747,700,epsilon,cosine_capped,31433,0.2031926941126585,0.5346624095942459,1.0673270801118775,0.0,0.0,80.60051727294922,28.699634113311767
epsilon_cosine_cap_0p5,29.313486576080322,725,epsilon,cosine_capped,31433,0.19925415143370628,0.5343854661081352,1.067365654835514,0.0,0.0,83.63951110839844,28.699900360107414
epsilon_cosine_cap_0p5,30.32968306541443,750,epsilon,cosine_capped,31433,0.210734898224473,0.5342383533716202,1.0688932495666486,0.0,0.0,86.29798889160156,28.71322273254391
sample_cosine,0.987959623336792,25,sample,cosine_original,31431,0.20276835188269615,0.12386615928627696,0.12388280559988583,0.0,0.0,0.08919709175825119,0.06220480818301439
sample_cosine,1.9822120666503906,50,sample,cosine_original,31431,0.16064969822764397,0.1237304516355781,0.12376126800389851,0.0,0.0,0.1124836653470993,0.07282289117574692
sample_cosine,2.97541880607605,75,sample,cosine_original,31431,0.144278971478343,0.12336812179316492,0.1234336821910213,0.0,0.0,0.17073747515678406,0.10213149212300776
sample_cosine,3.960686445236206,100,sample,cosine_original,31431,0.12985263485461473,0.12273008122528885,0.12286413101223755,0.0,0.0,0.24657323956489563,0.14985932737588875
sample_cosine,4.9471821784973145,125,sample,cosine_original,31431,0.12361585907638073,0.12157774924793664,0.12187949896735303,0.0,0.0,0.34002387523651123,0.21278916060924527
sample_cosine,5.927145719528198,150,sample,cosine_original,31431,0.1174977021291852,0.11954968042817771,0.1203949122013999,0.0,0.0,0.4607904851436615,0.2925149461627003
sample_cosine,6.911204099655151,175,sample,cosine_original,31431,0.10779187362641096,0.11642913394333686,0.11895951977474432,0.0,0.0,0.6030177474021912,0.398044674694538
sample_cosine,1.0016396045684814,25,sample,cosine_original,31432,0.21378639340400696,0.12335480293076412,0.12337338833101824,0.0,0.0,0.08807336539030075,0.062406826652586435
sample_cosine,1.9959299564361572,50,sample,cosine_original,31432,0.16509384103119373,0.12335783014913984,0.12339828791571598,0.0,0.0,0.12295336276292801,0.07437383294105528
sample_cosine,2.993361234664917,75,sample,cosine_original,31432,0.14033569861203432,0.12314746810086802,0.12323289097962427,0.0,0.0,0.178330197930336,0.10394356772303578
sample_cosine,3.995285987854004,100,sample,cosine_original,31432,0.14331684447824955,0.12268337691385373,0.12285292108415388,0.0,0.0,0.2527958154678345,0.15301294684410094
sample_cosine,5.031545877456665,125,sample,cosine_original,31432,0.12491936702281237,0.12183601266759284,0.12219315988249053,0.0,0.0,0.349933385848999,0.22099783465266226
sample_cosine,6.0371222496032715,150,sample,cosine_original,31432,0.1072115944698453,0.12047438612025158,0.12129971894490368,0.0,0.0,0.46690699458122253,0.3055317416787147
sample_cosine,7.049214124679565,175,sample,cosine_original,31432,0.11339577659964561,0.11784645204669704,0.12013155026543959,0.0,0.0,0.6551772952079773,0.41157438129186613
sample_cosine,0.9941599369049072,25,sample,cosine_original,31433,0.20390942320227623,0.12335743090393496,0.12337635607257777,0.0,0.0,0.09804853796958923,0.06575479641556738
sample_cosine,2.015324592590332,50,sample,cosine_original,31433,0.16214709915220737,0.12329595599907871,0.12333678392072518,0.0,0.0,0.12931838631629944,0.0772367675602436
sample_cosine,3.060685873031616,75,sample,cosine_original,31433,0.1417541904374957,0.1230499675205233,0.12313768691291996,0.0,0.0,0.17423897981643677,0.10155454039573639
sample_cosine,4.080858469009399,100,sample,cosine_original,31433,0.13115243706852198,0.1225884893689962,0.12276733703180856,0.0,0.0,0.23493121564388275,0.14181613773107526
sample_cosine,5.104423522949219,125,sample,cosine_original,31433,0.11136178765445948,0.12183125457708158,0.1222202381593924,0.0,0.0,0.31575411558151245,0.2060645033419132
sample_cosine,6.140811204910278,150,sample,cosine_original,31433,0.1135459216311574,0.12048990887534969,0.12148900373893626,0.0,0.0,0.4797729253768921,0.2948307704925537
sample_cosine,7.180039882659912,175,sample,cosine_original,31433,0.12093166075646877,0.11783468977128174,0.12087955649065621,0.0,0.0,0.7098667621612549,0.40957522779703126
v_prediction_cosine,1.0604608058929443,25,v_prediction,cosine_original,31431,0.6518554612994194,0.08581696359404162,0.10005776368665929,0.0,0.0,4.751996994018555,2.528678793907164
v_prediction_cosine,2.127382755279541,50,v_prediction,cosine_original,31431,0.6425023600459099,0.08567349269401793,0.10005191468871107,0.0,0.0,4.773189067840576,2.529659030437469
v_prediction_cosine,3.2162208557128906,75,v_prediction,cosine_original,31431,0.623523086309433,0.08541844248333398,0.10004630944162023,0.0,0.0,4.800033092498779,2.5342124962806696
v_prediction_cosine,4.2697906494140625,100,v_prediction,cosine_original,31431,0.6260114908218384,0.08503652382276806,0.10012890186672117,0.0,0.0,4.838148593902588,2.5441948342323295
v_prediction_cosine,5.320646286010742,125,v_prediction,cosine_original,31431,0.6127462461590767,0.08442407521400966,0.10024880091933643,0.0,0.0,4.880339622497559,2.5637987399101236
v_prediction_cosine,6.395537853240967,150,v_prediction,cosine_original,31431,0.5879905000329018,0.08386983901408374,0.1006893796079299,0.0,0.0,4.921977996826172,2.5867642140388485
v_prediction_cosine,7.463691711425781,175,v_prediction,cosine_original,31431,0.5932447016239166,0.08340651870650403,0.10155398814993746,0.0,0.0,4.955072402954102,2.624467163085937
v_prediction_cosine,1.0887260437011719,25,v_prediction,cosine_original,31432,0.6622964888811111,0.085186891184718,0.09890858142399321,0.0,0.0,4.495463848114014,2.5082042765617367
v_prediction_cosine,2.166855573654175,50,v_prediction,cosine_original,31432,0.6502527296543121,0.08498075524089384,0.09885496733819737,0.0,0.0,4.503784656524658,2.5102294063568116
v_prediction_cosine,3.237431526184082,75,v_prediction,cosine_original,31432,0.6222481280565262,0.08468261722694426,0.09882075613474145,0.0,0.0,4.522339820861816,2.5152193713188167
v_prediction_cosine,4.3185789585113525,100,v_prediction,cosine_original,31432,0.6270875483751297,0.08424468148572772,0.09883881393162643,0.0,0.0,4.549883842468262,2.528939881324767
v_prediction_cosine,5.377007007598877,125,v_prediction,cosine_original,31432,0.6177407950162888,0.08364664427205629,0.09902597244317625,0.0,0.0,4.583206653594971,2.5503166365623473
v_prediction_cosine,6.468174457550049,150,v_prediction,cosine_original,31432,0.5936472937464714,0.08307727605250537,0.09955577935804338,0.0,0.0,4.605739116668701,2.581475739479065
v_prediction_cosine,7.526768922805786,175,v_prediction,cosine_original,31432,0.5830531269311905,0.08269549928167287,0.1003488873442014,0.0,0.0,4.61389684677124,2.6228367519378657
v_prediction_cosine,1.0658767223358154,25,v_prediction,cosine_original,31433,0.6442046090960503,0.08345716585423432,0.09802996849312502,0.0,0.0,4.435062885284424,2.5342730021476743
v_prediction_cosine,2.131803274154663,50,v_prediction,cosine_original,31433,0.65345698595047,0.08336885722682756,0.098050010737543,0.0,0.0,4.420768737792969,2.535604591369629
v_prediction_cosine,3.1972384452819824,75,v_prediction,cosine_original,31433,0.6167725622653961,0.08317544939471226,0.09808903651348516,0.0,0.0,4.410187721252441,2.5321314573287963
v_prediction_cosine,4.247158050537109,100,v_prediction,cosine_original,31433,0.6117228344082832,0.08295276005040197,0.09821527739804164,0.0,0.0,4.414069652557373,2.537602798938751
v_prediction_cosine,5.3194496631622314,125,v_prediction,cosine_original,31433,0.6087272614240646,0.08265422726524811,0.09845036133101173,0.0,0.0,4.402790069580078,2.5546703577041616
v_prediction_cosine,6.408245086669922,150,v_prediction,cosine_original,31433,0.5978465229272842,0.08207998932430557,0.09878433963247374,0.0,0.0,4.501133441925049,2.5746864748001093
v_prediction_cosine,7.520132541656494,175,v_prediction,cosine_original,31433,0.5800342932343483,0.08155808751197423,0.09928317254810941,0.0,0.0,4.6352128982543945,2.6037622833251954
v_prediction_cosine,8.603865146636963,200,v_prediction,cosine_original,31433,0.5716385766863823,0.08102117307191971,0.09993134756736896,0.0,0.0,4.781641960144043,2.641121838092802
v_prediction_cosine,9.669697523117065,225,v_prediction,cosine_original,31433,0.5414739921689034,0.08115305638342511,0.10089238981405894,0.0,0.0,4.9043049812316895,2.6788297009468063
