status,started_at,finished_at,duration_sec,worker_returncode,worker_timeout,worker_stderr_tail,window_idx,condition,visible_seed,window_t,source_file,baseline,source_action,repair_variant,future_key,future_mae,primary_hidden_condition,diagnostic_hidden_condition,primary_pair,diagnostic_pair,scope,primitive,has_params,pose0_x,pose0_y,pose0_z,pose1_x,pose1_y,pose1_z,pose0_quat_norm,pose1_quat_norm,pull_xy_len,action_valid,action_l2_to_gt,action_mae_to_gt,action_max_abs_to_gt,action_cosine_to_gt,action_norm,gt_action_norm,pose0_xy_dist_to_gt,pose0_z_abs_diff_to_gt,pose1_xy_dist_to_gt,pose1_z_abs_diff_to_gt,pull_angle_deg_to_gt,pull_len_ratio_to_gt,exec_success,exec_done,exec_reward,exec_final_fraction_before,exec_final_fraction_after,exec_delta_final_fraction,exec_prefix_state_mae,exec_prefix_state_l2,exec_prefix_source,exec_failure_reason,is_gt_blended_diagnostic,is_deployable_policy_action,action_repr
ok,2026-07-06T19:12:54+0800,2026-07-06T19:13:06+0800,12.603,0,0,"/miniforge3/envs/coord_bimanual/lib/python3.9/site-packages/wandb/apis/public.py:2997: UserWarning: pkg_resources is deprecated as an API. See https://setuptools.pypa.io/en/latest/pkg_resources.html. The pkg_resources package is slated for removal as early as 2025-11-30. Refrain from using this package or pin to Setuptools<81.
  from pkg_resources import parse_version

{""delta"": 0.875, ""status"": ""ok"", ""variant"": ""gt_reference""}
",0,free,1000,0,000000-9.pkl,state_action,idm_gt_future,gt_reference,y_state,0.058475691825151443,hidden_breakaway_pin,hidden_pin,free_vs_hidden_breakaway_pin,free_vs_hidden_pin,phase3_8b_narrow_pose1_repair_no_phase4_no_cps,pick_place,True,0.668749988079071,0.40625,0.03550928086042404,0.3997460603713989,-0.016988500952720642,-0.00808842945843935,1.0,1.0,0.5014917165924684,True,0.0,0.0,0.0,1.0000000000000002,1.665436029434204,1.665436029434204,0.0,0.0,0.0,0.0,1.2074182697257333e-06,1.0,0,0,0.875,0.0,0.875,0.875,0.00382915954105556,0.0924607589840889,raw_action_file_high_confidence,,1,0,"{""camera_config"": [{""image_size"": [480, 640], ""intrinsics"": [450.0, 0, 320.0, 0, 450.0, 240.0, 0, 0, 1], ""position"": [1.0, 0, 0.75], ""rotation"": [0.6532814824381883, 0.6532814824381884, -0.2705980500730986, -0.27059805007309845], ""zrange"": [0.01, 10.0], ""noise"": false}, {""image_size"": [480, 640], ""intrinsics"": [450.0, 0, 320.0, 0, 450.0, 240.0, 0, 0, 1], ""position"": [0, 0.5, 0.75], ""rotation"": [-0.3596047974904982, 0.8681627791959909, -0.3159854101251621, 0.1308854423858669], ""zrange"": [0.01, 10.0], ""noise"": false}, {""image_size"": [480, 640], ""intrinsics"": [450.0, 0, 320.0, 0, 450.0, 240.0, 0, 0, 1], ""position"": [0, -0.5, 0.75], ""rotation"": [-0.8681627791959909, 0.3596047974904982, -0.13088544238586683, 0.3159854101251621], ""zrange"": [0.01, 10.0], ""noise"": false}], ""primitive"": ""pick_place"", ""params"": {""pose0"": [[0.668749988079071, 0.40625, 0.03550928086042404], [0.0, 0.0, 0.0, 1.0]], ""pose1"": [[0.3997460603713989, -0.016988500952720642, -0.00808842945843935], [0.0, 0.0, 0.0, 1.0]]}}"
ok,2026-07-06T19:13:06+0800,2026-07-06T19:13:19+0800,12.103,0,0,"/miniforge3/envs/coord_bimanual/lib/python3.9/site-packages/wandb/apis/public.py:2997: UserWarning: pkg_resources is deprecated as an API. See https://setuptools.pypa.io/en/latest/pkg_resources.html. The pkg_resources package is slated for removal as early as 2025-11-30. Refrain from using this package or pin to Setuptools<81.
  from pkg_resources import parse_version

{""delta"": 0.0, ""status"": ""ok"", ""variant"": ""idm_original""}
",0,free,1000,0,000000-9.pkl,state_action,idm_gt_future,idm_original,y_state,0.058475691825151443,hidden_breakaway_pin,hidden_pin,free_vs_hidden_breakaway_pin,free_vs_hidden_pin,phase3_8b_narrow_pose1_repair_no_phase4_no_cps,pick_place,True,0.6872899532318115,0.37839624285697937,0.02587382309138775,0.38476863503456116,-0.012341138906776905,0.002450771862640977,1.0000000000000016,1.0000000000000029,0.49416075266192216,True,0.039615657180547714,0.006156668532639742,0.02785375714302063,0.9997180127079527,1.6626561880111694,1.665436029434204,0.03345985796214927,0.009635457769036293,0.015681876281447585,0.010539201321080327,5.308760409848856,0.985381684905269,0,0,0.0,0.0,0.0,0.0,0.0038373307324945927,0.0924765095114708,raw_action_file_high_confidence,,0,1,"{""camera_config"": [{""image_size"": [480, 640], ""intrinsics"": [450.0, 0, 320.0, 0, 450.0, 240.0, 0, 0, 1], ""position"": [1.0, 0, 0.75], ""rotation"": [0.6532814824381883, 0.6532814824381884, -0.2705980500730986, -0.27059805007309845], ""zrange"": [0.01, 10.0], ""noise"": false}, {""image_size"": [480, 640], ""intrinsics"": [450.0, 0, 320.0, 0, 450.0, 240.0, 0, 0, 1], ""position"": [0, 0.5, 0.75], ""rotation"": [-0.3596047974904982, 0.8681627791959909, -0.3159854101251621, 0.1308854423858669], ""zrange"": [0.01, 10.0], ""noise"": false}, {""image_size"": [480, 640], ""intrinsics"": [450.0, 0, 320.0, 0, 450.0, 240.0, 0, 0, 1], ""position"": [0, -0.5, 0.75], ""rotation"": [-0.8681627791959909, 0.3596047974904982, -0.13088544238586683, 0.3159854101251621], ""zrange"": [0.01, 10.0], ""noise"": false}], ""primitive"": ""pick_place"", ""params"": {""pose0"": [[0.6872899532318115, 0.37839624285697937, 0.02587382309138775], [-5.5747396032757024e-08, 6.306841715542078e-10, 2.0122752353302076e-09, 1.0]], ""pose1"": [[0.38476863503456116, -0.012341138906776905, 0.002450771862640977], [4.73202810269413e-08, -4.9554230940884736e-08, -3.4006578886192074e-08, 1.0]]}}"
ok,2026-07-06T19:13:19+0800,2026-07-06T19:13:31+0800,12.815,0,0,"/miniforge3/envs/coord_bimanual/lib/python3.9/site-packages/wandb/apis/public.py:2997: UserWarning: pkg_resources is deprecated as an API. See https://setuptools.pypa.io/en/latest/pkg_resources.html. The pkg_resources package is slated for removal as early as 2025-11-30. Refrain from using this package or pin to Setuptools<81.
  from pkg_resources import parse_version

{""delta"": 0.6666666666666666, ""status"": ""ok"", ""variant"": ""idm_gt_pose0_xy""}
",0,free,1000,0,000000-9.pkl,state_action,idm_gt_future,idm_gt_pose0_xy,y_state,0.058475691825151443,hidden_breakaway_pin,hidden_pin,free_vs_hidden_breakaway_pin,free_vs_hidden_pin,phase3_8b_narrow_pose1_repair_no_phase4_no_cps,pick_place,True,0.668749988079071,0.40625,0.02587382309138775,0.38476863503456116,-0.012341138906776905,0.002450771862640977,1.0000000000000016,1.0000000000000029,0.5058299619914415,True,0.021209385246038437,0.0028428309597074986,0.014977425336837769,0.9999212910203423,1.6616679430007935,1.665436029434204,0.0,0.009635457769036293,0.015681876281447585,0.010539201321080327,1.7144075727427195,1.0086506820659982,0,0,0.6666666666666666,0.0,0.6666666666666666,0.6666666666666666,0.003819198114797473,0.09245743602514267,raw_action_file_high_confidence,,1,0,"{""camera_config"": [{""image_size"": [480, 640], ""intrinsics"": [450.0, 0, 320.0, 0, 450.0, 240.0, 0, 0, 1], ""position"": [1.0, 0, 0.75], ""rotation"": [0.6532814824381883, 0.6532814824381884, -0.2705980500730986, -0.27059805007309845], ""zrange"": [0.01, 10.0], ""noise"": false}, {""image_size"": [480, 640], ""intrinsics"": [450.0, 0, 320.0, 0, 450.0, 240.0, 0, 0, 1], ""position"": [0, 0.5, 0.75], ""rotation"": [-0.3596047974904982, 0.8681627791959909, -0.3159854101251621, 0.1308854423858669], ""zrange"": [0.01, 10.0], ""noise"": false}, {""image_size"": [480, 640], ""intrinsics"": [450.0, 0, 320.0, 0, 450.0, 240.0, 0, 0, 1], ""position"": [0, -0.5, 0.75], ""rotation"": [-0.8681627791959909, 0.3596047974904982, -0.13088544238586683, 0.3159854101251621], ""zrange"": [0.01, 10.0], ""noise"": false}], ""primitive"": ""pick_place"", ""params"": {""pose0"": [[0.668749988079071, 0.40625, 0.02587382309138775], [-5.5747396032757024e-08, 6.306841715542078e-10, 2.0122752353302076e-09, 1.0]], ""pose1"": [[0.38476863503456116, -0.012341138906776905, 0.002450771862640977], [4.73202810269413e-08, -4.9554230940884736e-08, -3.4006578886192074e-08, 1.0]]}}"
ok,2026-07-06T19:13:31+0800,2026-07-06T19:13:40+0800,9.058,0,0,"/miniforge3/envs/coord_bimanual/lib/python3.9/site-packages/wandb/apis/public.py:2997: UserWarning: pkg_resources is deprecated as an API. See https://setuptools.pypa.io/en/latest/pkg_resources.html. The pkg_resources package is slated for removal as early as 2025-11-30. Refrain from using this package or pin to Setuptools<81.
  from pkg_resources import parse_version

{""delta"": 0.0, ""status"": ""ok"", ""variant"": ""idm_gt_pose1_xy""}
",0,free,1000,0,000000-9.pkl,state_action,idm_gt_future,idm_gt_pose1_xy,y_state,0.058475691825151443,hidden_breakaway_pin,hidden_pin,free_vs_hidden_breakaway_pin,free_vs_hidden_pin,phase3_8b_narrow_pose1_repair_no_phase4_no_cps,pick_place,True,0.6872899532318115,0.37839624285697937,0.02587382309138775,0.3997460603713989,-0.016988500952720642,0.002450771862640977,1.0000000000000016,1.0000000000000029,0.4888870891717049,True,0.036379650235176086,0.004754898138344288,0.02785375714302063,0.999761647542125,1.666226863861084,1.665436029434204,0.03345985796214927,0.009635457769036293,0.0,0.010539201321080327,3.587137358655938,0.9748657315689893,0,0,0.0,0.0,0.0,0.0,0.003832572838291526,0.09246689081192017,raw_action_file_high_confidence,,1,0,"{""camera_config"": [{""image_size"": [480, 640], ""intrinsics"": [450.0, 0, 320.0, 0, 450.0, 240.0, 0, 0, 1], ""position"": [1.0, 0, 0.75], ""rotation"": [0.6532814824381883, 0.6532814824381884, -0.2705980500730986, -0.27059805007309845], ""zrange"": [0.01, 10.0], ""noise"": false}, {""image_size"": [480, 640], ""intrinsics"": [450.0, 0, 320.0, 0, 450.0, 240.0, 0, 0, 1], ""position"": [0, 0.5, 0.75], ""rotation"": [-0.3596047974904982, 0.8681627791959909, -0.3159854101251621, 0.1308854423858669], ""zrange"": [0.01, 10.0], ""noise"": false}, {""image_size"": [480, 640], ""intrinsics"": [450.0, 0, 320.0, 0, 450.0, 240.0, 0, 0, 1], ""position"": [0, -0.5, 0.75], ""rotation"": [-0.8681627791959909, 0.3596047974904982, -0.13088544238586683, 0.3159854101251621], ""zrange"": [0.01, 10.0], ""noise"": false}], ""primitive"": ""pick_place"", ""params"": {""pose0"": [[0.6872899532318115, 0.37839624285697937, 0.02587382309138775], [-5.5747396032757024e-08, 6.306841715542078e-10, 2.0122752353302076e-09, 1.0]], ""pose1"": [[0.3997460603713989, -0.016988500952720642, 0.002450771862640977], [4.73202810269413e-08, -4.9554230940884736e-08, -3.4006578886192074e-08, 1.0]]}}"
ok,2026-07-06T19:13:40+0800,2026-07-06T19:13:53+0800,12.472,0,0,"/miniforge3/envs/coord_bimanual/lib/python3.9/site-packages/wandb/apis/public.py:2997: UserWarning: pkg_resources is deprecated as an API. See https://setuptools.pypa.io/en/latest/pkg_resources.html. The pkg_resources package is slated for removal as early as 2025-11-30. Refrain from using this package or pin to Setuptools<81.
  from pkg_resources import parse_version

{""delta"": 0.9166666666666666, ""status"": ""ok"", ""variant"": ""idm_gt_pose0_pose1_xy""}
",0,free,1000,0,000000-9.pkl,state_action,idm_gt_future,idm_gt_pose0_pose1_xy,y_state,0.058475691825151443,hidden_breakaway_pin,hidden_pin,free_vs_hidden_breakaway_pin,free_vs_hidden_pin,phase3_8b_narrow_pose1_repair_no_phase4_no_cps,pick_place,True,0.668749988079071,0.40625,0.02587382309138775,0.3997460603713989,-0.016988500952720642,0.002450771862640977,1.0000000000000016,1.0000000000000029,0.5014917165924684,True,0.014279944822192192,0.0014410605654120445,0.010539201088249683,0.999963243284206,1.66524076461792,1.665436029434204,0.0,0.009635457769036293,0.0,0.010539201321080327,1.2074182697257333e-06,1.0,0,0,0.9166666666666666,0.0,0.9166666666666666,0.9166666666666666,0.003832572838291526,0.09246689081192017,raw_action_file_high_confidence,,1,0,"{""camera_config"": [{""image_size"": [480, 640], ""intrinsics"": [450.0, 0, 320.0, 0, 450.0, 240.0, 0, 0, 1], ""position"": [1.0, 0, 0.75], ""rotation"": [0.6532814824381883, 0.6532814824381884, -0.2705980500730986, -0.27059805007309845], ""zrange"": [0.01, 10.0], ""noise"": false}, {""image_size"": [480, 640], ""intrinsics"": [450.0, 0, 320.0, 0, 450.0, 240.0, 0, 0, 1], ""position"": [0, 0.5, 0.75], ""rotation"": [-0.3596047974904982, 0.8681627791959909, -0.3159854101251621, 0.1308854423858669], ""zrange"": [0.01, 10.0], ""noise"": false}, {""image_size"": [480, 640], ""intrinsics"": [450.0, 0, 320.0, 0, 450.0, 240.0, 0, 0, 1], ""position"": [0, -0.5, 0.75], ""rotation"": [-0.8681627791959909, 0.3596047974904982, -0.13088544238586683, 0.3159854101251621], ""zrange"": [0.01, 10.0], ""noise"": false}], ""primitive"": ""pick_place"", ""params"": {""pose0"": [[0.668749988079071, 0.40625, 0.02587382309138775], [-5.5747396032757024e-08, 6.306841715542078e-10, 2.0122752353302076e-09, 1.0]], ""pose1"": [[0.3997460603713989, -0.016988500952720642, 0.002450771862640977], [4.73202810269413e-08, -4.9554230940884736e-08, -3.4006578886192074e-08, 1.0]]}}"
ok,2026-07-06T19:13:53+0800,2026-07-06T19:14:04+0800,10.667,0,0,"/miniforge3/envs/coord_bimanual/lib/python3.9/site-packages/wandb/apis/public.py:2997: UserWarning: pkg_resources is deprecated as an API. See https://setuptools.pypa.io/en/latest/pkg_resources.html. The pkg_resources package is slated for removal as early as 2025-11-30. Refrain from using this package or pin to Setuptools<81.
  from pkg_resources import parse_version

{""delta"": 0.0, ""status"": ""ok"", ""variant"": ""gt_reference""}
",4,free,1000,1,000000-9.pkl,state_action,idm_gt_future,gt_reference,y_state,0.04871412739157677,hidden_breakaway_pin,hidden_pin,free_vs_hidden_breakaway_pin,free_vs_hidden_pin,phase3_8b_narrow_pose1_repair_no_phase4_no_cps,pick_place,True,0.6000000238418579,0.23125000298023224,0.013128692284226418,0.6216307878494263,0.18776901066303253,0.0047466750256717205,1.0,1.0,0.04856425274252137,True,0.0,0.0,0.0,1.0000000000000002,1.683850884437561,1.683850884437561,0.0,0.0,0.0,0.0,0.0,1.0,0,0,0.0,0.0,0.0,0.0,0.09097755700349808,1.8502863645553589,raw_action_file_high_confidence,,1,0,"{""camera_config"": [{""image_size"": [480, 640], ""intrinsics"": [450.0, 0, 320.0, 0, 450.0, 240.0, 0, 0, 1], ""position"": [1.0, 0, 0.75], ""rotation"": [0.6532814824381883, 0.6532814824381884, -0.2705980500730986, -0.27059805007309845], ""zrange"": [0.01, 10.0], ""noise"": false}, {""image_size"": [480, 640], ""intrinsics"": [450.0, 0, 320.0, 0, 450.0, 240.0, 0, 0, 1], ""position"": [0, 0.5, 0.75], ""rotation"": [-0.3596047974904982, 0.8681627791959909, -0.3159854101251621, 0.1308854423858669], ""zrange"": [0.01, 10.0], ""noise"": false}, {""image_size"": [480, 640], ""intrinsics"": [450.0, 0, 320.0, 0, 450.0, 240.0, 0, 0, 1], ""position"": [0, -0.5, 0.75], ""rotation"": [-0.8681627791959909, 0.3596047974904982, -0.13088544238586683, 0.3159854101251621], ""zrange"": [0.01, 10.0], ""noise"": false}], ""primitive"": ""pick_place"", ""params"": {""pose0"": [[0.6000000238418579, 0.23125000298023224, 0.013128692284226418], [0.0, 0.0, 0.0, 1.0]], ""pose1"": [[0.6216307878494263, 0.18776901066303253, 0.0047466750256717205], [0.0, 0.0, 0.0, 1.0]]}}"
ok,2026-07-06T19:14:04+0800,2026-07-06T19:14:14+0800,10.690,0,0,"/miniforge3/envs/coord_bimanual/lib/python3.9/site-packages/wandb/apis/public.py:2997: UserWarning: pkg_resources is deprecated as an API. See https://setuptools.pypa.io/en/latest/pkg_resources.html. The pkg_resources package is slated for removal as early as 2025-11-30. Refrain from using this package or pin to Setuptools<81.
  from pkg_resources import parse_version

{""delta"": 0.0, ""status"": ""ok"", ""variant"": ""idm_original""}
",4,free,1000,1,000000-9.pkl,state_action,idm_gt_future,idm_original,y_state,0.04871412739157677,hidden_breakaway_pin,hidden_pin,free_vs_hidden_breakaway_pin,free_vs_hidden_pin,phase3_8b_narrow_pose1_repair_no_phase4_no_cps,pick_place,True,0.6340979337692261,0.3086932301521301,0.015534686855971813,0.6389330625534058,0.11077744513750076,0.0037453784607350826,1.0000000000000004,1.000000000000001,0.19797483786662534,True,0.11573237180709839,0.01494588516652584,0.07744322717189789,0.997775304811007,1.7082546949386597,1.683850884437561,0.08461749757711519,0.0024059945717453957,0.07891178538091899,0.0010012965649366379,25.049786549671673,4.0765548049560465,0,0,0.0,0.0,0.0,0.0,0.09096913039684296,1.8502825498580933,raw_action_file_high_confidence,,0,1,"{""camera_config"": [{""image_size"": [480, 640], ""intrinsics"": [450.0, 0, 320.0, 0, 450.0, 240.0, 0, 0, 1], ""position"": [1.0, 0, 0.75], ""rotation"": [0.6532814824381883, 0.6532814824381884, -0.2705980500730986, -0.27059805007309845], ""zrange"": [0.01, 10.0], ""noise"": false}, {""image_size"": [480, 640], ""intrinsics"": [450.0, 0, 320.0, 0, 450.0, 240.0, 0, 0, 1], ""position"": [0, 0.5, 0.75], ""rotation"": [-0.3596047974904982, 0.8681627791959909, -0.3159854101251621, 0.1308854423858669], ""zrange"": [0.01, 10.0], ""noise"": false}, {""image_size"": [480, 640], ""intrinsics"": [450.0, 0, 320.0, 0, 450.0, 240.0, 0, 0, 1], ""position"": [0, -0.5, 0.75], ""rotation"": [-0.8681627791959909, 0.3596047974904982, -0.13088544238586683, 0.3159854101251621], ""zrange"": [0.01, 10.0], ""noise"": false}], ""primitive"": ""pick_place"", ""params"": {""pose0"": [[0.6340979337692261, 0.3086932301521301, 0.015534686855971813], [7.186086836696859e-09, -3.090096711844126e-08, -9.036448034294153e-09, 1.0]], ""pose1"": [[0.6389330625534058, 0.11077744513750076, 0.0037453784607350826], [-3.4178714969357316e-08, 2.6593992785706178e-08, 1.7295310072995562e-08, 1.0]]}}"
ok,2026-07-06T19:14:14+0800,2026-07-06T19:14:25+0800,10.655,0,0,"/miniforge3/envs/coord_bimanual/lib/python3.9/site-packages/wandb/apis/public.py:2997: UserWarning: pkg_resources is deprecated as an API. See https://setuptools.pypa.io/en/latest/pkg_resources.html. The pkg_resources package is slated for removal as early as 2025-11-30. Refrain from using this package or pin to Setuptools<81.
  from pkg_resources import parse_version

{""delta"": 0.0, ""status"": ""ok"", ""variant"": ""idm_gt_pose0_xy""}
",4,free,1000,1,000000-9.pkl,state_action,idm_gt_future,idm_gt_pose0_xy,y_state,0.04871412739157677,hidden_breakaway_pin,hidden_pin,free_vs_hidden_breakaway_pin,free_vs_hidden_pin,phase3_8b_narrow_pose1_repair_no_phase4_no_cps,pick_place,True,0.6000000238418579,0.23125000298023224,0.015534686855971813,0.6389330625534058,0.11077744513750076,0.0037453784607350826,1.0000000000000004,1.000000000000001,0.1266073406105869,True,0.07895480841398239,0.00697866128757596,0.07699156552553177,0.9989004938570168,1.6835198402404785,1.683850884437561,0.0,0.0024059945717453957,0.07891178538091899,0.0010012965649366379,8.540014678952712,2.6070068715323482,0,0,0.0,0.0,0.0,0.0,0.09088349342346191,1.8501614332199097,raw_action_file_high_confidence,,1,0,"{""camera_config"": [{""image_size"": [480, 640], ""intrinsics"": [450.0, 0, 320.0, 0, 450.0, 240.0, 0, 0, 1], ""position"": [1.0, 0, 0.75], ""rotation"": [0.6532814824381883, 0.6532814824381884, -0.2705980500730986, -0.27059805007309845], ""zrange"": [0.01, 10.0], ""noise"": false}, {""image_size"": [480, 640], ""intrinsics"": [450.0, 0, 320.0, 0, 450.0, 240.0, 0, 0, 1], ""position"": [0, 0.5, 0.75], ""rotation"": [-0.3596047974904982, 0.8681627791959909, -0.3159854101251621, 0.1308854423858669], ""zrange"": [0.01, 10.0], ""noise"": false}, {""image_size"": [480, 640], ""intrinsics"": [450.0, 0, 320.0, 0, 450.0, 240.0, 0, 0, 1], ""position"": [0, -0.5, 0.75], ""rotation"": [-0.8681627791959909, 0.3596047974904982, -0.13088544238586683, 0.3159854101251621], ""zrange"": [0.01, 10.0], ""noise"": false}], ""primitive"": ""pick_place"", ""params"": {""pose0"": [[0.6000000238418579, 0.23125000298023224, 0.015534686855971813], [7.186086836696859e-09, -3.090096711844126e-08, -9.036448034294153e-09, 1.0]], ""pose1"": [[0.6389330625534058, 0.11077744513750076, 0.0037453784607350826], [-3.4178714969357316e-08, 2.6593992785706178e-08, 1.7295310072995562e-08, 1.0]]}}"
ok,2026-07-06T19:14:25+0800,2026-07-06T19:14:36+0800,10.715,0,0,"/miniforge3/envs/coord_bimanual/lib/python3.9/site-packages/wandb/apis/public.py:2997: UserWarning: pkg_resources is deprecated as an API. See https://setuptools.pypa.io/en/latest/pkg_resources.html. The pkg_resources package is slated for removal as early as 2025-11-30. Refrain from using this package or pin to Setuptools<81.
  from pkg_resources import parse_version

{""delta"": 0.0, ""status"": ""ok"", ""variant"": ""idm_gt_pose1_xy""}
",4,free,1000,1,000000-9.pkl,state_action,idm_gt_future,idm_gt_pose1_xy,y_state,0.04871412739157677,hidden_breakaway_pin,hidden_pin,free_vs_hidden_breakaway_pin,free_vs_hidden_pin,phase3_8b_narrow_pose1_repair_no_phase4_no_cps,pick_place,True,0.6340979337692261,0.3086932301521301,0.015534686855971813,0.6216307878494263,0.18776901066303253,0.0037453784607350826,1.0000000000000004,1.000000000000001,0.12156519479864716,True,0.08465761691331863,0.008210611529648304,0.07744322717189789,0.9988608962681403,1.7085986137390137,1.683850884437561,0.08461749757711519,0.0024059945717453957,0.0,0.0010012965649366379,32.33558823367897,2.503182648421735,0,0,0.0,0.0,0.0,0.0,0.09096915274858475,1.8502825498580933,raw_action_file_high_confidence,,1,0,"{""camera_config"": [{""image_size"": [480, 640], ""intrinsics"": [450.0, 0, 320.0, 0, 450.0, 240.0, 0, 0, 1], ""position"": [1.0, 0, 0.75], ""rotation"": [0.6532814824381883, 0.6532814824381884, -0.2705980500730986, -0.27059805007309845], ""zrange"": [0.01, 10.0], ""noise"": false}, {""image_size"": [480, 640], ""intrinsics"": [450.0, 0, 320.0, 0, 450.0, 240.0, 0, 0, 1], ""position"": [0, 0.5, 0.75], ""rotation"": [-0.3596047974904982, 0.8681627791959909, -0.3159854101251621, 0.1308854423858669], ""zrange"": [0.01, 10.0], ""noise"": false}, {""image_size"": [480, 640], ""intrinsics"": [450.0, 0, 320.0, 0, 450.0, 240.0, 0, 0, 1], ""position"": [0, -0.5, 0.75], ""rotation"": [-0.8681627791959909, 0.3596047974904982, -0.13088544238586683, 0.3159854101251621], ""zrange"": [0.01, 10.0], ""noise"": false}], ""primitive"": ""pick_place"", ""params"": {""pose0"": [[0.6340979337692261, 0.3086932301521301, 0.015534686855971813], [7.186086836696859e-09, -3.090096711844126e-08, -9.036448034294153e-09, 1.0]], ""pose1"": [[0.6216307878494263, 0.18776901066303253, 0.0037453784607350826], [-3.4178714969357316e-08, 2.6593992785706178e-08, 1.7295310072995562e-08, 1.0]]}}"
ok,2026-07-06T19:14:36+0800,2026-07-06T19:14:47+0800,10.669,0,0,"/miniforge3/envs/coord_bimanual/lib/python3.9/site-packages/wandb/apis/public.py:2997: UserWarning: pkg_resources is deprecated as an API. See https://setuptools.pypa.io/en/latest/pkg_resources.html. The pkg_resources package is slated for removal as early as 2025-11-30. Refrain from using this package or pin to Setuptools<81.
  from pkg_resources import parse_version

{""delta"": 0.0, ""status"": ""ok"", ""variant"": ""idm_gt_pose0_pose1_xy""}
",4,free,1000,1,000000-9.pkl,state_action,idm_gt_future,idm_gt_pose0_pose1_xy,y_state,0.04871412739157677,hidden_breakaway_pin,hidden_pin,free_vs_hidden_breakaway_pin,free_vs_hidden_pin,phase3_8b_narrow_pose1_repair_no_phase4_no_cps,pick_place,True,0.6000000238418579,0.23125000298023224,0.015534686855971813,0.6216307878494263,0.18776901066303253,0.0037453784607350826,1.0000000000000004,1.000000000000001,0.04856425274252137,True,0.0026060324162244797,0.00024338687944691628,0.0024059945717453957,0.9999988024403449,1.6838687658309937,1.683850884437561,0.0,0.0024059945717453957,0.0,0.0010012965649366379,0.0,1.0,0,0,0.0,0.0,0.0,0.0,0.09088349342346191,1.8501614332199097,raw_action_file_high_confidence,,1,0,"{""camera_config"": [{""image_size"": [480, 640], ""intrinsics"": [450.0, 0, 320.0, 0, 450.0, 240.0, 0, 0, 1], ""position"": [1.0, 0, 0.75], ""rotation"": [0.6532814824381883, 0.6532814824381884, -0.2705980500730986, -0.27059805007309845], ""zrange"": [0.01, 10.0], ""noise"": false}, {""image_size"": [480, 640], ""intrinsics"": [450.0, 0, 320.0, 0, 450.0, 240.0, 0, 0, 1], ""position"": [0, 0.5, 0.75], ""rotation"": [-0.3596047974904982, 0.8681627791959909, -0.3159854101251621, 0.1308854423858669], ""zrange"": [0.01, 10.0], ""noise"": false}, {""image_size"": [480, 640], ""intrinsics"": [450.0, 0, 320.0, 0, 450.0, 240.0, 0, 0, 1], ""position"": [0, -0.5, 0.75], ""rotation"": [-0.8681627791959909, 0.3596047974904982, -0.13088544238586683, 0.3159854101251621], ""zrange"": [0.01, 10.0], ""noise"": false}], ""primitive"": ""pick_place"", ""params"": {""pose0"": [[0.6000000238418579, 0.23125000298023224, 0.015534686855971813], [7.186086836696859e-09, -3.090096711844126e-08, -9.036448034294153e-09, 1.0]], ""pose1"": [[0.6216307878494263, 0.18776901066303253, 0.0037453784607350826], [-3.4178714969357316e-08, 2.6593992785706178e-08, 1.7295310072995562e-08, 1.0]]}}"
ok,2026-07-06T19:14:47+0800,2026-07-06T19:15:00+0800,13.107,0,0,"/miniforge3/envs/coord_bimanual/lib/python3.9/site-packages/wandb/apis/public.py:2997: UserWarning: pkg_resources is deprecated as an API. See https://setuptools.pypa.io/en/latest/pkg_resources.html. The pkg_resources package is slated for removal as early as 2025-11-30. Refrain from using this package or pin to Setuptools<81.
  from pkg_resources import parse_version

{""delta"": 0.7083333333333334, ""status"": ""ok"", ""variant"": ""gt_reference""}
",3,hidden_breakaway_pin,1000,0,000000-4.pkl,state_action,idm_gt_future,gt_reference,y_state,0.0563979335129261,hidden_breakaway_pin,hidden_pin,free_vs_hidden_breakaway_pin,free_vs_hidden_pin,phase3_8b_narrow_pose1_repair_no_phase4_no_cps,pick_place,True,0.671875,0.40625,0.03601432591676712,0.3977108895778656,-0.014461454004049301,-0.007450219243764877,1.0,1.0,0.5021594238623444,True,0.0,0.0,0.0,0.9999999999999999,1.666190505027771,1.666190505027771,0.0,0.0,0.0,0.0,1.2074182697257333e-06,1.0,0,0,0.7083333333333334,0.0,0.7083333333333334,0.7083333333333334,0.0038534915074706078,0.09264738857746124,raw_action_file_high_confidence,,1,0,"{""camera_config"": [{""image_size"": [480, 640], ""intrinsics"": [450.0, 0, 320.0, 0, 450.0, 240.0, 0, 0, 1], ""position"": [1.0, 0, 0.75], ""rotation"": [0.6532814824381883, 0.6532814824381884, -0.2705980500730986, -0.27059805007309845], ""zrange"": [0.01, 10.0], ""noise"": false}, {""image_size"": [480, 640], ""intrinsics"": [450.0, 0, 320.0, 0, 450.0, 240.0, 0, 0, 1], ""position"": [0, 0.5, 0.75], ""rotation"": [-0.3596047974904982, 0.8681627791959909, -0.3159854101251621, 0.1308854423858669], ""zrange"": [0.01, 10.0], ""noise"": false}, {""image_size"": [480, 640], ""intrinsics"": [450.0, 0, 320.0, 0, 450.0, 240.0, 0, 0, 1], ""position"": [0, -0.5, 0.75], ""rotation"": [-0.8681627791959909, 0.3596047974904982, -0.13088544238586683, 0.3159854101251621], ""zrange"": [0.01, 10.0], ""noise"": false}], ""primitive"": ""pick_place"", ""params"": {""pose0"": [[0.671875, 0.40625, 0.03601432591676712], [0.0, 0.0, 0.0, 1.0]], ""pose1"": [[0.3977108895778656, -0.014461454004049301, -0.007450219243764877], [0.0, 0.0, 0.0, 1.0]]}}"
ok,2026-07-06T19:15:00+0800,2026-07-06T19:15:13+0800,13.710,0,0,"/miniforge3/envs/coord_bimanual/lib/python3.9/site-packages/wandb/apis/public.py:2997: UserWarning: pkg_resources is deprecated as an API. See https://setuptools.pypa.io/en/latest/pkg_resources.html. The pkg_resources package is slated for removal as early as 2025-11-30. Refrain from using this package or pin to Setuptools<81.
  from pkg_resources import parse_version

{""delta"": 0.0, ""status"": ""ok"", ""variant"": ""idm_original""}
",3,hidden_breakaway_pin,1000,0,000000-4.pkl,state_action,idm_gt_future,idm_original,y_state,0.0563979335129261,hidden_breakaway_pin,hidden_pin,free_vs_hidden_breakaway_pin,free_vs_hidden_pin,phase3_8b_narrow_pose1_repair_no_phase4_no_cps,pick_place,True,0.6992624402046204,0.42327454686164856,0.026445746421813965,0.37959757447242737,0.00625365786254406,0.0025615037884563208,1.000000000000002,1.000000000000002,0.5254446195796322,True,0.044597167521715164,0.007344351150095463,0.02738744020462036,0.9996657918200419,1.6771907806396484,1.666190505027771,0.03224759024804991,0.009568579494953156,0.02751741346410258,0.010011723032221198,4.3807606137861175,1.046370125921745,0,0,0.0,0.0,0.0,0.0,0.0038152725901454687,0.09249003231525421,raw_action_file_high_confidence,,0,1,"{""camera_config"": [{""image_size"": [480, 640], ""intrinsics"": [450.0, 0, 320.0, 0, 450.0, 240.0, 0, 0, 1], ""position"": [1.0, 0, 0.75], ""rotation"": [0.6532814824381883, 0.6532814824381884, -0.2705980500730986, -0.27059805007309845], ""zrange"": [0.01, 10.0], ""noise"": false}, {""image_size"": [480, 640], ""intrinsics"": [450.0, 0, 320.0, 0, 450.0, 240.0, 0, 0, 1], ""position"": [0, 0.5, 0.75], ""rotation"": [-0.3596047974904982, 0.8681627791959909, -0.3159854101251621, 0.1308854423858669], ""zrange"": [0.01, 10.0], ""noise"": false}, {""image_size"": [480, 640], ""intrinsics"": [450.0, 0, 320.0, 0, 450.0, 240.0, 0, 0, 1], ""position"": [0, -0.5, 0.75], ""rotation"": [-0.8681627791959909, 0.3596047974904982, -0.13088544238586683, 0.3159854101251621], ""zrange"": [0.01, 10.0], ""noise"": false}], ""primitive"": ""pick_place"", ""params"": {""pose0"": [[0.6992624402046204, 0.42327454686164856, 0.026445746421813965], [-5.320800156027872e-08, -3.307003382246876e-08, 1.9309082333052174e-08, 1.0]], ""pose1"": [[0.37959757447242737, 0.00625365786254406, 0.0025615037884563208], [5.6425061956133504e-08, -1.0820653706389294e-08, -2.6417554366275908e-08, 1.0]]}}"
ok,2026-07-06T19:15:13+0800,2026-07-06T19:15:27+0800,13.282,0,0,"/miniforge3/envs/coord_bimanual/lib/python3.9/site-packages/wandb/apis/public.py:2997: UserWarning: pkg_resources is deprecated as an API. See https://setuptools.pypa.io/en/latest/pkg_resources.html. The pkg_resources package is slated for removal as early as 2025-11-30. Refrain from using this package or pin to Setuptools<81.
  from pkg_resources import parse_version

{""delta"": 0.041666666666666664, ""status"": ""ok"", ""variant"": ""idm_gt_pose0_xy""}
",3,hidden_breakaway_pin,1000,0,000000-4.pkl,state_action,idm_gt_future,idm_gt_pose0_xy,y_state,0.0563979335129261,hidden_breakaway_pin,hidden_pin,free_vs_hidden_breakaway_pin,free_vs_hidden_pin,phase3_8b_narrow_pose1_repair_no_phase4_no_cps,pick_place,True,0.671875,0.40625,0.026445746421813965,0.37959757447242737,0.00625365786254406,0.0025615037884563208,1.000000000000002,1.000000000000002,0.49540202582990156,True,0.03080584853887558,0.004172066226601601,0.02071511186659336,0.9998322401555229,1.6617143154144287,1.666190505027771,0.0,0.009568579494953156,0.02751741346410258,0.010011723032221198,3.0646161051327776,0.9865433212813802,0,0,0.041666666666666664,0.0,0.041666666666666664,0.041666666666666664,0.003823463572189212,0.09252865612506866,raw_action_file_high_confidence,,1,0,"{""camera_config"": [{""image_size"": [480, 640], ""intrinsics"": [450.0, 0, 320.0, 0, 450.0, 240.0, 0, 0, 1], ""position"": [1.0, 0, 0.75], ""rotation"": [0.6532814824381883, 0.6532814824381884, -0.2705980500730986, -0.27059805007309845], ""zrange"": [0.01, 10.0], ""noise"": false}, {""image_size"": [480, 640], ""intrinsics"": [450.0, 0, 320.0, 0, 450.0, 240.0, 0, 0, 1], ""position"": [0, 0.5, 0.75], ""rotation"": [-0.3596047974904982, 0.8681627791959909, -0.3159854101251621, 0.1308854423858669], ""zrange"": [0.01, 10.0], ""noise"": false}, {""image_size"": [480, 640], ""intrinsics"": [450.0, 0, 320.0, 0, 450.0, 240.0, 0, 0, 1], ""position"": [0, -0.5, 0.75], ""rotation"": [-0.8681627791959909, 0.3596047974904982, -0.13088544238586683, 0.3159854101251621], ""zrange"": [0.01, 10.0], ""noise"": false}], ""primitive"": ""pick_place"", ""params"": {""pose0"": [[0.671875, 0.40625, 0.026445746421813965], [-5.320800156027872e-08, -3.307003382246876e-08, 1.9309082333052174e-08, 1.0]], ""pose1"": [[0.37959757447242737, 0.00625365786254406, 0.0025615037884563208], [5.6425061956133504e-08, -1.0820653706389294e-08, -2.6417554366275908e-08, 1.0]]}}"
ok,2026-07-06T19:15:27+0800,2026-07-06T19:15:40+0800,13.171,0,0,"/miniforge3/envs/coord_bimanual/lib/python3.9/site-packages/wandb/apis/public.py:2997: UserWarning: pkg_resources is deprecated as an API. See https://setuptools.pypa.io/en/latest/pkg_resources.html. The pkg_resources package is slated for removal as early as 2025-11-30. Refrain from using this package or pin to Setuptools<81.
  from pkg_resources import parse_version

{""delta"": 0.7083333333333334, ""status"": ""ok"", ""variant"": ""idm_gt_pose1_xy""}
",3,hidden_breakaway_pin,1000,0,000000-4.pkl,state_action,idm_gt_future,idm_gt_pose1_xy,y_state,0.0563979335129261,hidden_breakaway_pin,hidden_pin,free_vs_hidden_breakaway_pin,free_vs_hidden_pin,phase3_8b_narrow_pose1_repair_no_phase4_no_cps,pick_place,True,0.6992624402046204,0.42327454686164856,0.026445746421813965,0.3977108895778656,-0.014461454004049301,0.0025615037884563208,1.000000000000002,1.000000000000002,0.5315506976190459,True,0.03509557619690895,0.004570892546325922,0.02738744020462036,0.9998216454223955,1.6814334392547607,1.666190505027771,0.03224759024804991,0.009568579494953156,0.0,0.010011723032221198,1.4715393863177149,1.0585297663651108,0,0,0.7083333333333334,0.0,0.7083333333333334,0.7083333333333334,0.003806385211646557,0.09248977899551392,raw_action_file_high_confidence,,1,0,"{""camera_config"": [{""image_size"": [480, 640], ""intrinsics"": [450.0, 0, 320.0, 0, 450.0, 240.0, 0, 0, 1], ""position"": [1.0, 0, 0.75], ""rotation"": [0.6532814824381883, 0.6532814824381884, -0.2705980500730986, -0.27059805007309845], ""zrange"": [0.01, 10.0], ""noise"": false}, {""image_size"": [480, 640], ""intrinsics"": [450.0, 0, 320.0, 0, 450.0, 240.0, 0, 0, 1], ""position"": [0, 0.5, 0.75], ""rotation"": [-0.3596047974904982, 0.8681627791959909, -0.3159854101251621, 0.1308854423858669], ""zrange"": [0.01, 10.0], ""noise"": false}, {""image_size"": [480, 640], ""intrinsics"": [450.0, 0, 320.0, 0, 450.0, 240.0, 0, 0, 1], ""position"": [0, -0.5, 0.75], ""rotation"": [-0.8681627791959909, 0.3596047974904982, -0.13088544238586683, 0.3159854101251621], ""zrange"": [0.01, 10.0], ""noise"": false}], ""primitive"": ""pick_place"", ""params"": {""pose0"": [[0.6992624402046204, 0.42327454686164856, 0.026445746421813965], [-5.320800156027872e-08, -3.307003382246876e-08, 1.9309082333052174e-08, 1.0]], ""pose1"": [[0.3977108895778656, -0.014461454004049301, 0.0025615037884563208], [5.6425061956133504e-08, -1.0820653706389294e-08, -2.6417554366275908e-08, 1.0]]}}"
ok,2026-07-06T19:15:40+0800,2026-07-06T19:15:53+0800,13.021,0,0,"/miniforge3/envs/coord_bimanual/lib/python3.9/site-packages/wandb/apis/public.py:2997: UserWarning: pkg_resources is deprecated as an API. See https://setuptools.pypa.io/en/latest/pkg_resources.html. The pkg_resources package is slated for removal as early as 2025-11-30. Refrain from using this package or pin to Setuptools<81.
  from pkg_resources import parse_version

{""delta"": 0.5416666666666666, ""status"": ""ok"", ""variant"": ""idm_gt_pose0_pose1_xy""}
",3,hidden_breakaway_pin,1000,0,000000-4.pkl,state_action,idm_gt_future,idm_gt_pose0_pose1_xy,y_state,0.0563979335129261,hidden_breakaway_pin,hidden_pin,free_vs_hidden_breakaway_pin,free_vs_hidden_pin,phase3_8b_narrow_pose1_repair_no_phase4_no_cps,pick_place,True,0.671875,0.40625,0.026445746421813965,0.3977108895778656,-0.014461454004049301,0.0025615037884563208,1.000000000000002,1.000000000000002,0.5021594238623444,True,0.013848910108208656,0.0013986072735860944,0.010011723265051842,0.9999654604072862,1.6659964323043823,1.666190505027771,0.0,0.009568579494953156,0.0,0.010011723032221198,1.2074182697257333e-06,1.0,0,0,0.5416666666666666,0.0,0.5416666666666666,0.5416666666666666,0.0038155766669660807,0.09254290163516998,raw_action_file_high_confidence,,1,0,"{""camera_config"": [{""image_size"": [480, 640], ""intrinsics"": [450.0, 0, 320.0, 0, 450.0, 240.0, 0, 0, 1], ""position"": [1.0, 0, 0.75], ""rotation"": [0.6532814824381883, 0.6532814824381884, -0.2705980500730986, -0.27059805007309845], ""zrange"": [0.01, 10.0], ""noise"": false}, {""image_size"": [480, 640], ""intrinsics"": [450.0, 0, 320.0, 0, 450.0, 240.0, 0, 0, 1], ""position"": [0, 0.5, 0.75], ""rotation"": [-0.3596047974904982, 0.8681627791959909, -0.3159854101251621, 0.1308854423858669], ""zrange"": [0.01, 10.0], ""noise"": false}, {""image_size"": [480, 640], ""intrinsics"": [450.0, 0, 320.0, 0, 450.0, 240.0, 0, 0, 1], ""position"": [0, -0.5, 0.75], ""rotation"": [-0.8681627791959909, 0.3596047974904982, -0.13088544238586683, 0.3159854101251621], ""zrange"": [0.01, 10.0], ""noise"": false}], ""primitive"": ""pick_place"", ""params"": {""pose0"": [[0.671875, 0.40625, 0.026445746421813965], [-5.320800156027872e-08, -3.307003382246876e-08, 1.9309082333052174e-08, 1.0]], ""pose1"": [[0.3977108895778656, -0.014461454004049301, 0.0025615037884563208], [5.6425061956133504e-08, -1.0820653706389294e-08, -2.6417554366275908e-08, 1.0]]}}"
ok,2026-07-06T19:15:53+0800,2026-07-06T19:16:04+0800,10.702,0,0,"/miniforge3/envs/coord_bimanual/lib/python3.9/site-packages/wandb/apis/public.py:2997: UserWarning: pkg_resources is deprecated as an API. See https://setuptools.pypa.io/en/latest/pkg_resources.html. The pkg_resources package is slated for removal as early as 2025-11-30. Refrain from using this package or pin to Setuptools<81.
  from pkg_resources import parse_version

{""delta"": 0.0, ""status"": ""ok"", ""variant"": ""gt_reference""}
",7,hidden_breakaway_pin,1000,1,000000-4.pkl,state_action,idm_gt_future,gt_reference,y_state,0.051548972725868225,hidden_breakaway_pin,hidden_pin,free_vs_hidden_breakaway_pin,free_vs_hidden_pin,phase3_8b_narrow_pose1_repair_no_phase4_no_cps,pick_place,True,0.609375,0.22812500596046448,0.013410571962594986,0.6213554739952087,0.1864524483680725,0.004288728814572096,1.0,1.0,0.04336050983834367,True,0.0,0.0,0.0,1.0,1.6865421533584595,1.6865421533584595,0.0,0.0,0.0,0.0,0.0,1.0,0,0,0.0,0.0,0.0,0.0,0.09092889726161957,1.8510844707489014,raw_action_file_high_confidence,,1,0,"{""camera_config"": [{""image_size"": [480, 640], ""intrinsics"": [450.0, 0, 320.0, 0, 450.0, 240.0, 0, 0, 1], ""position"": [1.0, 0, 0.75], ""rotation"": [0.6532814824381883, 0.6532814824381884, -0.2705980500730986, -0.27059805007309845], ""zrange"": [0.01, 10.0], ""noise"": false}, {""image_size"": [480, 640], ""intrinsics"": [450.0, 0, 320.0, 0, 450.0, 240.0, 0, 0, 1], ""position"": [0, 0.5, 0.75], ""rotation"": [-0.3596047974904982, 0.8681627791959909, -0.3159854101251621, 0.1308854423858669], ""zrange"": [0.01, 10.0], ""noise"": false}, {""image_size"": [480, 640], ""intrinsics"": [450.0, 0, 320.0, 0, 450.0, 240.0, 0, 0, 1], ""position"": [0, -0.5, 0.75], ""rotation"": [-0.8681627791959909, 0.3596047974904982, -0.13088544238586683, 0.3159854101251621], ""zrange"": [0.01, 10.0], ""noise"": false}], ""primitive"": ""pick_place"", ""params"": {""pose0"": [[0.609375, 0.22812500596046448, 0.013410571962594986], [0.0, 0.0, 0.0, 1.0]], ""pose1"": [[0.6213554739952087, 0.1864524483680725, 0.004288728814572096], [0.0, 0.0, 0.0, 1.0]]}}"
ok,2026-07-06T19:16:04+0800,2026-07-06T19:16:14+0800,10.726,0,0,"/miniforge3/envs/coord_bimanual/lib/python3.9/site-packages/wandb/apis/public.py:2997: UserWarning: pkg_resources is deprecated as an API. See https://setuptools.pypa.io/en/latest/pkg_resources.html. The pkg_resources package is slated for removal as early as 2025-11-30. Refrain from using this package or pin to Setuptools<81.
  from pkg_resources import parse_version

{""delta"": 0.0, ""status"": ""ok"", ""variant"": ""idm_original""}
",7,hidden_breakaway_pin,1000,1,000000-4.pkl,state_action,idm_gt_future,idm_original,y_state,0.051548972725868225,hidden_breakaway_pin,hidden_pin,free_vs_hidden_breakaway_pin,free_vs_hidden_pin,phase3_8b_narrow_pose1_repair_no_phase4_no_cps,pick_place,True,0.6366445422172546,0.29326769709587097,0.011017014272511005,0.6123977303504944,0.09697837382555008,0.001020536758005619,1.0000000000000002,1.0000000000000007,0.19778120819638706,True,0.1144091784954071,0.01403613481670618,0.08947407454252243,0.9977268402574133,1.6958421468734741,1.6865421533584595,0.07062009728895594,0.0023935576900839806,0.08992136112429171,0.003268192056566477,23.081292708981096,4.561321094557086,0,0,0.0,0.0,0.0,0.0,0.09094830602407455,1.8511029481887817,raw_action_file_high_confidence,,0,1,"{""camera_config"": [{""image_size"": [480, 640], ""intrinsics"": [450.0, 0, 320.0, 0, 450.0, 240.0, 0, 0, 1], ""position"": [1.0, 0, 0.75], ""rotation"": [0.6532814824381883, 0.6532814824381884, -0.2705980500730986, -0.27059805007309845], ""zrange"": [0.01, 10.0], ""noise"": false}, {""image_size"": [480, 640], ""intrinsics"": [450.0, 0, 320.0, 0, 450.0, 240.0, 0, 0, 1], ""position"": [0, 0.5, 0.75], ""rotation"": [-0.3596047974904982, 0.8681627791959909, -0.3159854101251621, 0.1308854423858669], ""zrange"": [0.01, 10.0], ""noise"": false}, {""image_size"": [480, 640], ""intrinsics"": [450.0, 0, 320.0, 0, 450.0, 240.0, 0, 0, 1], ""position"": [0, -0.5, 0.75], ""rotation"": [-0.8681627791959909, 0.3596047974904982, -0.13088544238586683, 0.3159854101251621], ""zrange"": [0.01, 10.0], ""noise"": false}], ""primitive"": ""pick_place"", ""params"": {""pose0"": [[0.6366445422172546, 0.29326769709587097, 0.011017014272511005], [-7.850267658149335e-10, -1.684319350658825e-08, -1.5000475528381685e-08, 1.0]], ""pose1"": [[0.6123977303504944, 0.09697837382555008, 0.001020536758005619], [-1.7186537748514752e-09, 2.985948555078721e-08, -2.5879048237698044e-08, 1.0]]}}"
ok,2026-07-06T19:16:14+0800,2026-07-06T19:16:25+0800,10.678,0,0,"/miniforge3/envs/coord_bimanual/lib/python3.9/site-packages/wandb/apis/public.py:2997: UserWarning: pkg_resources is deprecated as an API. See https://setuptools.pypa.io/en/latest/pkg_resources.html. The pkg_resources package is slated for removal as early as 2025-11-30. Refrain from using this package or pin to Setuptools<81.
  from pkg_resources import parse_version

{""delta"": 0.0, ""status"": ""ok"", ""variant"": ""idm_gt_pose0_xy""}
",7,hidden_breakaway_pin,1000,1,000000-4.pkl,state_action,idm_gt_future,idm_gt_pose0_xy,y_state,0.051548972725868225,hidden_breakaway_pin,hidden_pin,free_vs_hidden_breakaway_pin,free_vs_hidden_pin,phase3_8b_narrow_pose1_repair_no_phase4_no_cps,pick_place,True,0.609375,0.22812500596046448,0.011017014272511005,0.6123977303504944,0.09697837382555008,0.001020536758005619,1.0000000000000002,1.0000000000000007,0.13118146217778776,True,0.0900125652551651,0.007435260806232691,0.08947407454252243,0.9985873761815237,1.6756900548934937,1.6865421533584595,0.0,0.0023935576900839806,0.08992136112429171,0.003268192056566477,14.719105932316745,3.0253671524356496,0,0,0.0,0.0,0.0,0.0,0.09094832092523575,1.8511029481887817,raw_action_file_high_confidence,,1,0,"{""camera_config"": [{""image_size"": [480, 640], ""intrinsics"": [450.0, 0, 320.0, 0, 450.0, 240.0, 0, 0, 1], ""position"": [1.0, 0, 0.75], ""rotation"": [0.6532814824381883, 0.6532814824381884, -0.2705980500730986, -0.27059805007309845], ""zrange"": [0.01, 10.0], ""noise"": false}, {""image_size"": [480, 640], ""intrinsics"": [450.0, 0, 320.0, 0, 450.0, 240.0, 0, 0, 1], ""position"": [0, 0.5, 0.75], ""rotation"": [-0.3596047974904982, 0.8681627791959909, -0.3159854101251621, 0.1308854423858669], ""zrange"": [0.01, 10.0], ""noise"": false}, {""image_size"": [480, 640], ""intrinsics"": [450.0, 0, 320.0, 0, 450.0, 240.0, 0, 0, 1], ""position"": [0, -0.5, 0.75], ""rotation"": [-0.8681627791959909, 0.3596047974904982, -0.13088544238586683, 0.3159854101251621], ""zrange"": [0.01, 10.0], ""noise"": false}], ""primitive"": ""pick_place"", ""params"": {""pose0"": [[0.609375, 0.22812500596046448, 0.011017014272511005], [-7.850267658149335e-10, -1.684319350658825e-08, -1.5000475528381685e-08, 1.0]], ""pose1"": [[0.6123977303504944, 0.09697837382555008, 0.001020536758005619], [-1.7186537748514752e-09, 2.985948555078721e-08, -2.5879048237698044e-08, 1.0]]}}"
ok,2026-07-06T19:16:25+0800,2026-07-06T19:16:36+0800,10.730,0,0,"/miniforge3/envs/coord_bimanual/lib/python3.9/site-packages/wandb/apis/public.py:2997: UserWarning: pkg_resources is deprecated as an API. See https://setuptools.pypa.io/en/latest/pkg_resources.html. The pkg_resources package is slated for removal as early as 2025-11-30. Refrain from using this package or pin to Setuptools<81.
  from pkg_resources import parse_version

{""delta"": 0.0, ""status"": ""ok"", ""variant"": ""idm_gt_pose1_xy""}
",7,hidden_breakaway_pin,1000,1,000000-4.pkl,state_action,idm_gt_future,idm_gt_pose1_xy,y_state,0.051548972725868225,hidden_breakaway_pin,hidden_pin,free_vs_hidden_breakaway_pin,free_vs_hidden_pin,phase3_8b_narrow_pose1_repair_no_phase4_no_cps,pick_place,True,0.6366445422172546,0.29326769709587097,0.011017014272511005,0.6213554739952087,0.1864524483680725,0.001020536758005619,1.0000000000000002,1.0000000000000007,0.10790390617526237,True,0.07073619216680527,0.007005290128290653,0.0651426911354065,0.9992002627455624,1.7065438032150269,1.6865421533584595,0.07062009728895594,0.0023935576900839806,0.0,0.003268192056566477,24.18519163043331,2.4885294609668778,0,0,0.0,0.0,0.0,0.0,0.09092889726161957,1.8510844707489014,raw_action_file_high_confidence,,1,0,"{""camera_config"": [{""image_size"": [480, 640], ""intrinsics"": [450.0, 0, 320.0, 0, 450.0, 240.0, 0, 0, 1], ""position"": [1.0, 0, 0.75], ""rotation"": [0.6532814824381883, 0.6532814824381884, -0.2705980500730986, -0.27059805007309845], ""zrange"": [0.01, 10.0], ""noise"": false}, {""image_size"": [480, 640], ""intrinsics"": [450.0, 0, 320.0, 0, 450.0, 240.0, 0, 0, 1], ""position"": [0, 0.5, 0.75], ""rotation"": [-0.3596047974904982, 0.8681627791959909, -0.3159854101251621, 0.1308854423858669], ""zrange"": [0.01, 10.0], ""noise"": false}, {""image_size"": [480, 640], ""intrinsics"": [450.0, 0, 320.0, 0, 450.0, 240.0, 0, 0, 1], ""position"": [0, -0.5, 0.75], ""rotation"": [-0.8681627791959909, 0.3596047974904982, -0.13088544238586683, 0.3159854101251621], ""zrange"": [0.01, 10.0], ""noise"": false}], ""primitive"": ""pick_place"", ""params"": {""pose0"": [[0.6366445422172546, 0.29326769709587097, 0.011017014272511005], [-7.850267658149335e-10, -1.684319350658825e-08, -1.5000475528381685e-08, 1.0]], ""pose1"": [[0.6213554739952087, 0.1864524483680725, 0.001020536758005619], [-1.7186537748514752e-09, 2.985948555078721e-08, -2.5879048237698044e-08, 1.0]]}}"
ok,2026-07-06T19:16:36+0800,2026-07-06T19:16:46+0800,10.690,0,0,"/miniforge3/envs/coord_bimanual/lib/python3.9/site-packages/wandb/apis/public.py:2997: UserWarning: pkg_resources is deprecated as an API. See https://setuptools.pypa.io/en/latest/pkg_resources.html. The pkg_resources package is slated for removal as early as 2025-11-30. Refrain from using this package or pin to Setuptools<81.
  from pkg_resources import parse_version

{""delta"": 0.0, ""status"": ""ok"", ""variant"": ""idm_gt_pose0_pose1_xy""}
",7,hidden_breakaway_pin,1000,1,000000-4.pkl,state_action,idm_gt_future,idm_gt_pose0_pose1_xy,y_state,0.051548972725868225,hidden_breakaway_pin,hidden_pin,free_vs_hidden_breakaway_pin,free_vs_hidden_pin,phase3_8b_narrow_pose1_repair_no_phase4_no_cps,pick_place,True,0.609375,0.22812500596046448,0.011017014272511005,0.6213554739952087,0.1864524483680725,0.001020536758005619,1.0000000000000002,1.0000000000000007,0.04336050983834367,True,0.0040509505197405815,0.00040441713645122945,0.003268192056566477,0.9999971154248583,1.6865196228027344,1.6865421533584595,0.0,0.0023935576900839806,0.0,0.003268192056566477,0.0,1.0,0,0,0.0,0.0,0.0,0.0,0.09094830602407455,1.8511029481887817,raw_action_file_high_confidence,,1,0,"{""camera_config"": [{""image_size"": [480, 640], ""intrinsics"": [450.0, 0, 320.0, 0, 450.0, 240.0, 0, 0, 1], ""position"": [1.0, 0, 0.75], ""rotation"": [0.6532814824381883, 0.6532814824381884, -0.2705980500730986, -0.27059805007309845], ""zrange"": [0.01, 10.0], ""noise"": false}, {""image_size"": [480, 640], ""intrinsics"": [450.0, 0, 320.0, 0, 450.0, 240.0, 0, 0, 1], ""position"": [0, 0.5, 0.75], ""rotation"": [-0.3596047974904982, 0.8681627791959909, -0.3159854101251621, 0.1308854423858669], ""zrange"": [0.01, 10.0], ""noise"": false}, {""image_size"": [480, 640], ""intrinsics"": [450.0, 0, 320.0, 0, 450.0, 240.0, 0, 0, 1], ""position"": [0, -0.5, 0.75], ""rotation"": [-0.8681627791959909, 0.3596047974904982, -0.13088544238586683, 0.3159854101251621], ""zrange"": [0.01, 10.0], ""noise"": false}], ""primitive"": ""pick_place"", ""params"": {""pose0"": [[0.609375, 0.22812500596046448, 0.011017014272511005], [-7.850267658149335e-10, -1.684319350658825e-08, -1.5000475528381685e-08, 1.0]], ""pose1"": [[0.6213554739952087, 0.1864524483680725, 0.001020536758005619], [-1.7186537748514752e-09, 2.985948555078721e-08, -2.5879048237698044e-08, 1.0]]}}"
ok,2026-07-06T19:16:46+0800,2026-07-06T19:16:59+0800,12.320,0,0,"/miniforge3/envs/coord_bimanual/lib/python3.9/site-packages/wandb/apis/public.py:2997: UserWarning: pkg_resources is deprecated as an API. See https://setuptools.pypa.io/en/latest/pkg_resources.html. The pkg_resources package is slated for removal as early as 2025-11-30. Refrain from using this package or pin to Setuptools<81.
  from pkg_resources import parse_version

{""delta"": 0.75, ""status"": ""ok"", ""variant"": ""gt_reference""}
",2,hidden_high_friction,1000,0,000000-5.pkl,state_action,idm_gt_future,gt_reference,y_state,0.054209522902965546,hidden_breakaway_pin,hidden_pin,free_vs_hidden_breakaway_pin,free_vs_hidden_pin,phase3_8b_narrow_pose1_repair_no_phase4_no_cps,pick_place,True,0.671875,0.40625,0.036113280802965164,0.3974373936653137,-0.014007208868861198,-0.007233931217342615,1.0,1.0,0.5019284026402151,True,0.0,0.0,0.0,0.9999999999999999,1.666122555732727,1.666122555732727,0.0,0.0,0.0,0.0,0.0,1.0,0,0,0.75,0.0,0.75,0.75,0.003985217772424221,0.09277863055467606,raw_action_file_high_confidence,,1,0,"{""camera_config"": [{""image_size"": [480, 640], ""intrinsics"": [450.0, 0, 320.0, 0, 450.0, 240.0, 0, 0, 1], ""position"": [1.0, 0, 0.75], ""rotation"": [0.6532814824381883, 0.6532814824381884, -0.2705980500730986, -0.27059805007309845], ""zrange"": [0.01, 10.0], ""noise"": false}, {""image_size"": [480, 640], ""intrinsics"": [450.0, 0, 320.0, 0, 450.0, 240.0, 0, 0, 1], ""position"": [0, 0.5, 0.75], ""rotation"": [-0.3596047974904982, 0.8681627791959909, -0.3159854101251621, 0.1308854423858669], ""zrange"": [0.01, 10.0], ""noise"": false}, {""image_size"": [480, 640], ""intrinsics"": [450.0, 0, 320.0, 0, 450.0, 240.0, 0, 0, 1], ""position"": [0, -0.5, 0.75], ""rotation"": [-0.8681627791959909, 0.3596047974904982, -0.13088544238586683, 0.3159854101251621], ""zrange"": [0.01, 10.0], ""noise"": false}], ""primitive"": ""pick_place"", ""params"": {""pose0"": [[0.671875, 0.40625, 0.036113280802965164], [0.0, 0.0, 0.0, 1.0]], ""pose1"": [[0.3974373936653137, -0.014007208868861198, -0.007233931217342615], [0.0, 0.0, 0.0, 1.0]]}}"
ok,2026-07-06T19:16:59+0800,2026-07-06T19:17:12+0800,12.845,0,0,"/miniforge3/envs/coord_bimanual/lib/python3.9/site-packages/wandb/apis/public.py:2997: UserWarning: pkg_resources is deprecated as an API. See https://setuptools.pypa.io/en/latest/pkg_resources.html. The pkg_resources package is slated for removal as early as 2025-11-30. Refrain from using this package or pin to Setuptools<81.
  from pkg_resources import parse_version

{""delta"": 0.08333333333333333, ""status"": ""ok"", ""variant"": ""idm_original""}
",2,hidden_high_friction,1000,0,000000-5.pkl,state_action,idm_gt_future,idm_original,y_state,0.054209522902965546,hidden_breakaway_pin,hidden_pin,free_vs_hidden_breakaway_pin,free_vs_hidden_pin,phase3_8b_narrow_pose1_repair_no_phase4_no_cps,pick_place,True,0.6860044598579407,0.4150821268558502,0.025715794414281845,0.3882003128528595,0.008635411038994789,0.0020865444093942642,1.000000000000002,1.0000000000000018,0.5038712561475716,True,0.032720621675252914,0.005325674545019865,0.022642619907855988,0.999813232405763,1.6716264486312866,1.666122555732727,0.016662775899440874,0.010397486388683319,0.0244542817974163,0.00932047562673688,3.0848330361074785,1.0038707781770004,0,0,0.08333333333333333,0.0,0.08333333333333333,0.08333333333333333,0.003923890180885792,0.09258143603801727,raw_action_file_high_confidence,,0,1,"{""camera_config"": [{""image_size"": [480, 640], ""intrinsics"": [450.0, 0, 320.0, 0, 450.0, 240.0, 0, 0, 1], ""position"": [1.0, 0, 0.75], ""rotation"": [0.6532814824381883, 0.6532814824381884, -0.2705980500730986, -0.27059805007309845], ""zrange"": [0.01, 10.0], ""noise"": false}, {""image_size"": [480, 640], ""intrinsics"": [450.0, 0, 320.0, 0, 450.0, 240.0, 0, 0, 1], ""position"": [0, 0.5, 0.75], ""rotation"": [-0.3596047974904982, 0.8681627791959909, -0.3159854101251621, 0.1308854423858669], ""zrange"": [0.01, 10.0], ""noise"": false}, {""image_size"": [480, 640], ""intrinsics"": [450.0, 0, 320.0, 0, 450.0, 240.0, 0, 0, 1], ""position"": [0, -0.5, 0.75], ""rotation"": [-0.8681627791959909, 0.3596047974904982, -0.13088544238586683, 0.3159854101251621], ""zrange"": [0.01, 10.0], ""noise"": false}], ""primitive"": ""pick_place"", ""params"": {""pose0"": [[0.6860044598579407, 0.4150821268558502, 0.025715794414281845], [-5.880028197680076e-08, -1.9139600127004996e-08, 1.7394798490499852e-08, 1.0]], ""pose1"": [[0.3882003128528595, 0.008635411038994789, 0.0020865444093942642], [4.686141252818743e-08, -3.219865618575568e-08, -2.5453580576595414e-08, 1.0]]}}"
ok,2026-07-06T19:17:12+0800,2026-07-06T19:17:24+0800,12.267,0,0,"/miniforge3/envs/coord_bimanual/lib/python3.9/site-packages/wandb/apis/public.py:2997: UserWarning: pkg_resources is deprecated as an API. See https://setuptools.pypa.io/en/latest/pkg_resources.html. The pkg_resources package is slated for removal as early as 2025-11-30. Refrain from using this package or pin to Setuptools<81.
  from pkg_resources import parse_version

{""delta"": 0.0, ""status"": ""ok"", ""variant"": ""idm_gt_pose0_xy""}
",2,hidden_high_friction,1000,0,000000-5.pkl,state_action,idm_gt_future,idm_gt_pose0_xy,y_state,0.054209522902965546,hidden_breakaway_pin,hidden_pin,free_vs_hidden_breakaway_pin,free_vs_hidden_pin,phase3_8b_narrow_pose1_repair_no_phase4_no_cps,pick_place,True,0.671875,0.40625,0.025715794414281845,0.3882003128528595,0.008635411038994789,0.0020865444093942642,1.000000000000002,1.0000000000000018,0.4884349388430942,True,0.0281600933521986,0.003685561940073967,0.022642619907855988,0.9998580196808114,1.6636991500854492,1.666122555732727,0.0,0.010397486388683319,0.0244542817974163,0.00932047562673688,2.3601715151959515,0.973116755843775,0,0,0.0,0.0,0.0,0.0,0.003985217772424221,0.09277863055467606,raw_action_file_high_confidence,,1,0,"{""camera_config"": [{""image_size"": [480, 640], ""intrinsics"": [450.0, 0, 320.0, 0, 450.0, 240.0, 0, 0, 1], ""position"": [1.0, 0, 0.75], ""rotation"": [0.6532814824381883, 0.6532814824381884, -0.2705980500730986, -0.27059805007309845], ""zrange"": [0.01, 10.0], ""noise"": false}, {""image_size"": [480, 640], ""intrinsics"": [450.0, 0, 320.0, 0, 450.0, 240.0, 0, 0, 1], ""position"": [0, 0.5, 0.75], ""rotation"": [-0.3596047974904982, 0.8681627791959909, -0.3159854101251621, 0.1308854423858669], ""zrange"": [0.01, 10.0], ""noise"": false}, {""image_size"": [480, 640], ""intrinsics"": [450.0, 0, 320.0, 0, 450.0, 240.0, 0, 0, 1], ""position"": [0, -0.5, 0.75], ""rotation"": [-0.8681627791959909, 0.3596047974904982, -0.13088544238586683, 0.3159854101251621], ""zrange"": [0.01, 10.0], ""noise"": false}], ""primitive"": ""pick_place"", ""params"": {""pose0"": [[0.671875, 0.40625, 0.025715794414281845], [-5.880028197680076e-08, -1.9139600127004996e-08, 1.7394798490499852e-08, 1.0]], ""pose1"": [[0.3882003128528595, 0.008635411038994789, 0.0020865444093942642], [4.686141252818743e-08, -3.219865618575568e-08, -2.5453580576595414e-08, 1.0]]}}"
ok,2026-07-06T19:17:24+0800,2026-07-06T19:17:37+0800,12.798,0,0,"/miniforge3/envs/coord_bimanual/lib/python3.9/site-packages/wandb/apis/public.py:2997: UserWarning: pkg_resources is deprecated as an API. See https://setuptools.pypa.io/en/latest/pkg_resources.html. The pkg_resources package is slated for removal as early as 2025-11-30. Refrain from using this package or pin to Setuptools<81.
  from pkg_resources import parse_version

{""delta"": 0.4583333333333333, ""status"": ""ok"", ""variant"": ""idm_gt_pose1_xy""}
",2,hidden_high_friction,1000,0,000000-5.pkl,state_action,idm_gt_future,idm_gt_pose1_xy,y_state,0.054209522902965546,hidden_breakaway_pin,hidden_pin,free_vs_hidden_breakaway_pin,free_vs_hidden_pin,phase3_8b_narrow_pose1_repair_no_phase4_no_cps,pick_place,True,0.6860044598579407,0.4150821268558502,0.025715794414281845,0.3974373936653137,-0.014007208868861198,0.0020865444093942642,1.000000000000002,1.0000000000000018,0.5170963253821227,True,0.021739987656474113,0.003048553830012679,0.014129459857940674,0.9999259198620511,1.6738320589065552,1.666122555732727,0.016662775899440874,0.010397486388683319,0.0,0.00932047562673688,0.7757855574858289,1.0302192955451857,0,0,0.4583333333333333,0.0,0.4583333333333333,0.4583333333333333,0.003950164653360844,0.0928511694073677,raw_action_file_high_confidence,,1,0,"{""camera_config"": [{""image_size"": [480, 640], ""intrinsics"": [450.0, 0, 320.0, 0, 450.0, 240.0, 0, 0, 1], ""position"": [1.0, 0, 0.75], ""rotation"": [0.6532814824381883, 0.6532814824381884, -0.2705980500730986, -0.27059805007309845], ""zrange"": [0.01, 10.0], ""noise"": false}, {""image_size"": [480, 640], ""intrinsics"": [450.0, 0, 320.0, 0, 450.0, 240.0, 0, 0, 1], ""position"": [0, 0.5, 0.75], ""rotation"": [-0.3596047974904982, 0.8681627791959909, -0.3159854101251621, 0.1308854423858669], ""zrange"": [0.01, 10.0], ""noise"": false}, {""image_size"": [480, 640], ""intrinsics"": [450.0, 0, 320.0, 0, 450.0, 240.0, 0, 0, 1], ""position"": [0, -0.5, 0.75], ""rotation"": [-0.8681627791959909, 0.3596047974904982, -0.13088544238586683, 0.3159854101251621], ""zrange"": [0.01, 10.0], ""noise"": false}], ""primitive"": ""pick_place"", ""params"": {""pose0"": [[0.6860044598579407, 0.4150821268558502, 0.025715794414281845], [-5.880028197680076e-08, -1.9139600127004996e-08, 1.7394798490499852e-08, 1.0]], ""pose1"": [[0.3974373936653137, -0.014007208868861198, 0.0020865444093942642], [4.686141252818743e-08, -3.219865618575568e-08, -2.5453580576595414e-08, 1.0]]}}"
ok,2026-07-06T19:17:37+0800,2026-07-06T19:17:49+0800,12.116,0,0,"/miniforge3/envs/coord_bimanual/lib/python3.9/site-packages/wandb/apis/public.py:2997: UserWarning: pkg_resources is deprecated as an API. See https://setuptools.pypa.io/en/latest/pkg_resources.html. The pkg_resources package is slated for removal as early as 2025-11-30. Refrain from using this package or pin to Setuptools<81.
  from pkg_resources import parse_version

{""delta"": 0.875, ""status"": ""ok"", ""variant"": ""idm_gt_pose0_pose1_xy""}
",2,hidden_high_friction,1000,0,000000-5.pkl,state_action,idm_gt_future,idm_gt_pose0_pose1_xy,y_state,0.054209522902965546,hidden_breakaway_pin,hidden_pin,free_vs_hidden_breakaway_pin,free_vs_hidden_pin,phase3_8b_narrow_pose1_repair_no_phase4_no_cps,pick_place,True,0.671875,0.40625,0.025715794414281845,0.3974373936653137,-0.014007208868861198,0.0020865444093942642,1.000000000000002,1.0000000000000018,0.5019284026402151,True,0.013963487930595875,0.0014084400609135628,0.010397486388683319,0.9999648842267724,1.6659151315689087,1.666122555732727,0.0,0.010397486388683319,0.0,0.00932047562673688,0.0,1.0,0,0,0.875,0.0,0.875,0.875,0.004072114359587431,0.09296057373285294,raw_action_file_high_confidence,,1,0,"{""camera_config"": [{""image_size"": [480, 640], ""intrinsics"": [450.0, 0, 320.0, 0, 450.0, 240.0, 0, 0, 1], ""position"": [1.0, 0, 0.75], ""rotation"": [0.6532814824381883, 0.6532814824381884, -0.2705980500730986, -0.27059805007309845], ""zrange"": [0.01, 10.0], ""noise"": false}, {""image_size"": [480, 640], ""intrinsics"": [450.0, 0, 320.0, 0, 450.0, 240.0, 0, 0, 1], ""position"": [0, 0.5, 0.75], ""rotation"": [-0.3596047974904982, 0.8681627791959909, -0.3159854101251621, 0.1308854423858669], ""zrange"": [0.01, 10.0], ""noise"": false}, {""image_size"": [480, 640], ""intrinsics"": [450.0, 0, 320.0, 0, 450.0, 240.0, 0, 0, 1], ""position"": [0, -0.5, 0.75], ""rotation"": [-0.8681627791959909, 0.3596047974904982, -0.13088544238586683, 0.3159854101251621], ""zrange"": [0.01, 10.0], ""noise"": false}], ""primitive"": ""pick_place"", ""params"": {""pose0"": [[0.671875, 0.40625, 0.025715794414281845], [-5.880028197680076e-08, -1.9139600127004996e-08, 1.7394798490499852e-08, 1.0]], ""pose1"": [[0.3974373936653137, -0.014007208868861198, 0.0020865444093942642], [4.686141252818743e-08, -3.219865618575568e-08, -2.5453580576595414e-08, 1.0]]}}"
ok,2026-07-06T19:17:49+0800,2026-07-06T19:18:03+0800,14.217,0,0,"/miniforge3/envs/coord_bimanual/lib/python3.9/site-packages/wandb/apis/public.py:2997: UserWarning: pkg_resources is deprecated as an API. See https://setuptools.pypa.io/en/latest/pkg_resources.html. The pkg_resources package is slated for removal as early as 2025-11-30. Refrain from using this package or pin to Setuptools<81.
  from pkg_resources import parse_version

{""delta"": NaN, ""status"": ""ok"", ""variant"": ""gt_reference""}
",6,hidden_high_friction,1000,1,000000-5.pkl,state_action,idm_gt_future,gt_reference,y_state,0.0498645082116127,hidden_breakaway_pin,hidden_pin,free_vs_hidden_breakaway_pin,free_vs_hidden_pin,phase3_8b_narrow_pose1_repair_no_phase4_no_cps,pick_place,True,0.6000000238418579,0.24687500298023224,0.013311483897268772,0.6214526891708374,0.1858459711074829,0.0033436266239732504,1.0,1.0,0.06468971773815567,True,0.0,0.0,0.0,1.0000000000000002,1.6857869625091553,1.6857869625091553,0.0,0.0,0.0,0.0,0.0,1.0,1,1,0.0,nan,nan,nan,0.04039245471358299,0.8719865679740906,raw_action_file_high_confidence,,1,0,"{""camera_config"": [{""image_size"": [480, 640], ""intrinsics"": [450.0, 0, 320.0, 0, 450.0, 240.0, 0, 0, 1], ""position"": [1.0, 0, 0.75], ""rotation"": [0.6532814824381883, 0.6532814824381884, -0.2705980500730986, -0.27059805007309845], ""zrange"": [0.01, 10.0], ""noise"": false}, {""image_size"": [480, 640], ""intrinsics"": [450.0, 0, 320.0, 0, 450.0, 240.0, 0, 0, 1], ""position"": [0, 0.5, 0.75], ""rotation"": [-0.3596047974904982, 0.8681627791959909, -0.3159854101251621, 0.1308854423858669], ""zrange"": [0.01, 10.0], ""noise"": false}, {""image_size"": [480, 640], ""intrinsics"": [450.0, 0, 320.0, 0, 450.0, 240.0, 0, 0, 1], ""position"": [0, -0.5, 0.75], ""rotation"": [-0.8681627791959909, 0.3596047974904982, -0.13088544238586683, 0.3159854101251621], ""zrange"": [0.01, 10.0], ""noise"": false}], ""primitive"": ""pick_place"", ""params"": {""pose0"": [[0.6000000238418579, 0.24687500298023224, 0.013311483897268772], [0.0, 0.0, 0.0, 1.0]], ""pose1"": [[0.6214526891708374, 0.1858459711074829, 0.0033436266239732504], [0.0, 0.0, 0.0, 1.0]]}}"
ok,2026-07-06T19:18:03+0800,2026-07-06T19:18:17+0800,14.254,0,0,"/miniforge3/envs/coord_bimanual/lib/python3.9/site-packages/wandb/apis/public.py:2997: UserWarning: pkg_resources is deprecated as an API. See https://setuptools.pypa.io/en/latest/pkg_resources.html. The pkg_resources package is slated for removal as early as 2025-11-30. Refrain from using this package or pin to Setuptools<81.
  from pkg_resources import parse_version

{""delta"": NaN, ""status"": ""ok"", ""variant"": ""idm_original""}
",6,hidden_high_friction,1000,1,000000-5.pkl,state_action,idm_gt_future,idm_original,y_state,0.0498645082116127,hidden_breakaway_pin,hidden_pin,free_vs_hidden_breakaway_pin,free_vs_hidden_pin,phase3_8b_narrow_pose1_repair_no_phase4_no_cps,pick_place,True,0.6361978650093079,0.29687705636024475,0.011752673424780369,0.6125283241271973,0.11285414546728134,0.0012634873855859041,1.0000000000000007,1.0000000000000007,0.1855388878351098,True,0.09604528546333313,0.01226822379976511,0.07299182564020157,0.9984113583893831,1.6973363161087036,1.6857869625091553,0.06172915881009197,0.0015588104724884033,0.07353537177251321,0.0020801392383873463,26.69667936264641,2.868135684037375,1,1,0.0,nan,nan,nan,0.04019540548324585,0.8642507195472717,raw_action_file_high_confidence,,0,1,"{""camera_config"": [{""image_size"": [480, 640], ""intrinsics"": [450.0, 0, 320.0, 0, 450.0, 240.0, 0, 0, 1], ""position"": [1.0, 0, 0.75], ""rotation"": [0.6532814824381883, 0.6532814824381884, -0.2705980500730986, -0.27059805007309845], ""zrange"": [0.01, 10.0], ""noise"": false}, {""image_size"": [480, 640], ""intrinsics"": [450.0, 0, 320.0, 0, 450.0, 240.0, 0, 0, 1], ""position"": [0, 0.5, 0.75], ""rotation"": [-0.3596047974904982, 0.8681627791959909, -0.3159854101251621, 0.1308854423858669], ""zrange"": [0.01, 10.0], ""noise"": false}, {""image_size"": [480, 640], ""intrinsics"": [450.0, 0, 320.0, 0, 450.0, 240.0, 0, 0, 1], ""position"": [0, -0.5, 0.75], ""rotation"": [-0.8681627791959909, 0.3596047974904982, -0.13088544238586683, 0.3159854101251621], ""zrange"": [0.01, 10.0], ""noise"": false}], ""primitive"": ""pick_place"", ""params"": {""pose0"": [[0.6361978650093079, 0.29687705636024475, 0.011752673424780369], [2.181990366167952e-09, -3.3297069990112504e-08, -1.3827371247998599e-08, 1.0]], ""pose1"": [[0.6125283241271973, 0.11285414546728134, 0.0012634873855859041], [-1.4347008914228354e-08, 3.0573254150567664e-08, -9.28451093784588e-09, 1.0]]}}"
ok,2026-07-06T19:18:17+0800,2026-07-06T19:18:32+0800,14.200,0,0,"/miniforge3/envs/coord_bimanual/lib/python3.9/site-packages/wandb/apis/public.py:2997: UserWarning: pkg_resources is deprecated as an API. See https://setuptools.pypa.io/en/latest/pkg_resources.html. The pkg_resources package is slated for removal as early as 2025-11-30. Refrain from using this package or pin to Setuptools<81.
  from pkg_resources import parse_version

{""delta"": NaN, ""status"": ""ok"", ""variant"": ""idm_gt_pose0_xy""}
",6,hidden_high_friction,1000,1,000000-5.pkl,state_action,idm_gt_future,idm_gt_pose0_xy,y_state,0.0498645082116127,hidden_breakaway_pin,hidden_pin,free_vs_hidden_breakaway_pin,free_vs_hidden_pin,phase3_8b_narrow_pose1_repair_no_phase4_no_cps,pick_place,True,0.6000000238418579,0.24687500298023224,0.011752673424780369,0.6125283241271973,0.11285414546728134,0.0012634873855859041,1.0000000000000007,1.0000000000000007,0.13460515798640973,True,0.07358130067586899,0.006111089140176773,0.07299182564020157,0.9990587797110462,1.676011323928833,1.6857869625091553,0.0,0.0015588104724884033,0.07353537177251321,0.0020801392383873463,14.026875065659542,2.0807813466005607,1,1,0.0,nan,nan,nan,0.04163483530282974,0.8902233839035034,raw_action_file_high_confidence,,1,0,"{""camera_config"": [{""image_size"": [480, 640], ""intrinsics"": [450.0, 0, 320.0, 0, 450.0, 240.0, 0, 0, 1], ""position"": [1.0, 0, 0.75], ""rotation"": [0.6532814824381883, 0.6532814824381884, -0.2705980500730986, -0.27059805007309845], ""zrange"": [0.01, 10.0], ""noise"": false}, {""image_size"": [480, 640], ""intrinsics"": [450.0, 0, 320.0, 0, 450.0, 240.0, 0, 0, 1], ""position"": [0, 0.5, 0.75], ""rotation"": [-0.3596047974904982, 0.8681627791959909, -0.3159854101251621, 0.1308854423858669], ""zrange"": [0.01, 10.0], ""noise"": false}, {""image_size"": [480, 640], ""intrinsics"": [450.0, 0, 320.0, 0, 450.0, 240.0, 0, 0, 1], ""position"": [0, -0.5, 0.75], ""rotation"": [-0.8681627791959909, 0.3596047974904982, -0.13088544238586683, 0.3159854101251621], ""zrange"": [0.01, 10.0], ""noise"": false}], ""primitive"": ""pick_place"", ""params"": {""pose0"": [[0.6000000238418579, 0.24687500298023224, 0.011752673424780369], [2.181990366167952e-09, -3.3297069990112504e-08, -1.3827371247998599e-08, 1.0]], ""pose1"": [[0.6125283241271973, 0.11285414546728134, 0.0012634873855859041], [-1.4347008914228354e-08, 3.0573254150567664e-08, -9.28451093784588e-09, 1.0]]}}"
ok,2026-07-06T19:18:32+0800,2026-07-06T19:18:46+0800,14.368,0,0,"/miniforge3/envs/coord_bimanual/lib/python3.9/site-packages/wandb/apis/public.py:2997: UserWarning: pkg_resources is deprecated as an API. See https://setuptools.pypa.io/en/latest/pkg_resources.html. The pkg_resources package is slated for removal as early as 2025-11-30. Refrain from using this package or pin to Setuptools<81.
  from pkg_resources import parse_version

{""delta"": 0.0, ""status"": ""ok"", ""variant"": ""idm_gt_pose1_xy""}
",6,hidden_high_friction,1000,1,000000-5.pkl,state_action,idm_gt_future,idm_gt_pose1_xy,y_state,0.0498645082116127,hidden_breakaway_pin,hidden_pin,free_vs_hidden_breakaway_pin,free_vs_hidden_pin,phase3_8b_narrow_pose1_repair_no_phase4_no_cps,pick_place,True,0.6361978650093079,0.29687705636024475,0.011752673424780369,0.6214526891708374,0.1858459711074829,0.0012634873855859041,1.0000000000000007,1.0000000000000007,0.11200590208963758,True,0.061783865094184875,0.006417067255824804,0.05000205338001251,0.9994147390222148,1.7069755792617798,1.6857869625091553,0.06172915881009197,0.0015588104724884033,0.0,0.0020801392383873463,26.93212048049975,1.7314328459895814,0,0,0.0,0.9583333333333334,0.9583333333333334,0.0,0.040118541568517685,0.8617818355560303,raw_action_file_high_confidence,,1,0,"{""camera_config"": [{""image_size"": [480, 640], ""intrinsics"": [450.0, 0, 320.0, 0, 450.0, 240.0, 0, 0, 1], ""position"": [1.0, 0, 0.75], ""rotation"": [0.6532814824381883, 0.6532814824381884, -0.2705980500730986, -0.27059805007309845], ""zrange"": [0.01, 10.0], ""noise"": false}, {""image_size"": [480, 640], ""intrinsics"": [450.0, 0, 320.0, 0, 450.0, 240.0, 0, 0, 1], ""position"": [0, 0.5, 0.75], ""rotation"": [-0.3596047974904982, 0.8681627791959909, -0.3159854101251621, 0.1308854423858669], ""zrange"": [0.01, 10.0], ""noise"": false}, {""image_size"": [480, 640], ""intrinsics"": [450.0, 0, 320.0, 0, 450.0, 240.0, 0, 0, 1], ""position"": [0, -0.5, 0.75], ""rotation"": [-0.8681627791959909, 0.3596047974904982, -0.13088544238586683, 0.3159854101251621], ""zrange"": [0.01, 10.0], ""noise"": false}], ""primitive"": ""pick_place"", ""params"": {""pose0"": [[0.6361978650093079, 0.29687705636024475, 0.011752673424780369], [2.181990366167952e-09, -3.3297069990112504e-08, -1.3827371247998599e-08, 1.0]], ""pose1"": [[0.6214526891708374, 0.1858459711074829, 0.0012634873855859041], [-1.4347008914228354e-08, 3.0573254150567664e-08, -9.28451093784588e-09, 1.0]]}}"
ok,2026-07-06T19:18:46+0800,2026-07-06T19:19:00+0800,14.193,0,0,"/miniforge3/envs/coord_bimanual/lib/python3.9/site-packages/wandb/apis/public.py:2997: UserWarning: pkg_resources is deprecated as an API. See https://setuptools.pypa.io/en/latest/pkg_resources.html. The pkg_resources package is slated for removal as early as 2025-11-30. Refrain from using this package or pin to Setuptools<81.
  from pkg_resources import parse_version

{""delta"": NaN, ""status"": ""ok"", ""variant"": ""idm_gt_pose0_pose1_xy""}
",6,hidden_high_friction,1000,1,000000-5.pkl,state_action,idm_gt_future,idm_gt_pose0_pose1_xy,y_state,0.0498645082116127,hidden_breakaway_pin,hidden_pin,free_vs_hidden_breakaway_pin,free_vs_hidden_pin,phase3_8b_narrow_pose1_repair_no_phase4_no_cps,pick_place,True,0.6000000238418579,0.24687500298023224,0.011752673424780369,0.6214526891708374,0.1858459711074829,0.0012634873855859041,1.0000000000000007,1.0000000000000007,0.06468971773815567,True,0.0025993979070335627,0.00025993239250965416,0.0020801392383873463,0.99999881122284,1.6857725381851196,1.6857869625091553,0.0,0.0015588104724884033,0.0,0.0020801392383873463,0.0,1.0,1,1,0.0,nan,nan,nan,0.04091370105743408,0.8796049356460571,raw_action_file_high_confidence,,1,0,"{""camera_config"": [{""image_size"": [480, 640], ""intrinsics"": [450.0, 0, 320.0, 0, 450.0, 240.0, 0, 0, 1], ""position"": [1.0, 0, 0.75], ""rotation"": [0.6532814824381883, 0.6532814824381884, -0.2705980500730986, -0.27059805007309845], ""zrange"": [0.01, 10.0], ""noise"": false}, {""image_size"": [480, 640], ""intrinsics"": [450.0, 0, 320.0, 0, 450.0, 240.0, 0, 0, 1], ""position"": [0, 0.5, 0.75], ""rotation"": [-0.3596047974904982, 0.8681627791959909, -0.3159854101251621, 0.1308854423858669], ""zrange"": [0.01, 10.0], ""noise"": false}, {""image_size"": [480, 640], ""intrinsics"": [450.0, 0, 320.0, 0, 450.0, 240.0, 0, 0, 1], ""position"": [0, -0.5, 0.75], ""rotation"": [-0.8681627791959909, 0.3596047974904982, -0.13088544238586683, 0.3159854101251621], ""zrange"": [0.01, 10.0], ""noise"": false}], ""primitive"": ""pick_place"", ""params"": {""pose0"": [[0.6000000238418579, 0.24687500298023224, 0.011752673424780369], [2.181990366167952e-09, -3.3297069990112504e-08, -1.3827371247998599e-08, 1.0]], ""pose1"": [[0.6214526891708374, 0.1858459711074829, 0.0012634873855859041], [-1.4347008914228354e-08, 3.0573254150567664e-08, -9.28451093784588e-09, 1.0]]}}"
