bead_xy_mse,final_xy_chamfer,final_xy_chamfer_ci_high,final_xy_chamfer_ci_low,full_state_mse,input_variant,model,robot_proxy_mse,rows,split,subset,training_seed,trajectory_xy_chamfer,trajectory_xy_chamfer_ci_high,trajectory_xy_chamfer_ci_low,visible_seeds
0.016589786857366562,0.0696492235449374,0.07857240895303882,0.06165019216368478,0.03344235569238663,paper_state,last_state_repeat,0.054183974862098694,608,val,all,none,0.06531351725005308,0.07399123621682914,0.05763246345343574,64
0.024769725278019905,0.10155738617607352,0.11467117839510253,0.0891387446176795,0.031516630202531815,paper_state,last_state_repeat,0.039820510894060135,368,val,pre_engagement,none,0.09575356601966299,0.10886664376617246,0.08404267302282943,64
0.017173876985907555,0.07434560205039911,0.08392124192789158,0.06593482159440493,0.027666868641972542,paper_state,last_state_repeat,0.04058132320642471,304,val,free,none,0.06923173750180174,0.0778836852983131,0.06133600322567618,64
0.016005702316761017,0.06495284503947567,0.07397036815210294,0.05687134734026202,0.03921784833073616,paper_state,last_state_repeat,0.06778663396835327,304,val,hidden_v2,none,0.06139529699830441,0.06998778669651781,0.0537436556055357,64
0.017173876985907555,0.07434560205039911,0.08370940748907534,0.06608470916461372,0.027666868641972542,paper_state,last_state_repeat,0.04058132320642471,304,val,pre_engagement_free,none,0.06923173750180174,0.07840831684441497,0.06136065457368462,64
0.052468378096818924,0.23081336077302694,0.26627560374327003,0.19704348428931553,0.045554980635643005,paper_state,last_state_repeat,0.03704618290066719,64,val,pre_engagement_hidden_v2,none,0.22173225147950387,0.2553589975166687,0.18971235965072994,64
0.01815454661846161,0.07054792878334004,0.07718951485522554,0.06449569253579693,0.03194623813033104,paper_state,last_state_repeat,0.048920631408691406,1208,test,all,none,0.06568337961341493,0.07193504528347211,0.05982753207870804,128
0.027033880352973938,0.1039031491869626,0.11339806491339752,0.09486378497834519,0.028012169525027275,paper_state,last_state_repeat,0.029216226190328598,733,test,pre_engagement,none,0.09712199435212325,0.1062554115217992,0.08843031228269253,128
0.018480030819773674,0.07484158364684315,0.08127883791614436,0.06873032516194115,0.02278663031756878,paper_state,last_state_repeat,0.028087066486477852,604,test,free,none,0.06968767141982939,0.07583172498633356,0.06378175378072928,128
0.017829062417149544,0.06625427391983693,0.0732765304254327,0.05965346509064244,0.04110585153102875,paper_state,last_state_repeat,0.0697542056441307,604,test,hidden_v2,none,0.06167908780700046,0.0681839245044905,0.05548202799411427,128
0.018480030819773674,0.07484158364684315,0.0811921719154844,0.06883750924270345,0.02278663031756878,paper_state,last_state_repeat,0.028087066486477852,604,test,pre_engagement_free,none,0.06968767141982939,0.07590544922544014,0.0640060201204614,128
0.05761205777525902,0.23997435528178548,0.2654642620116703,0.21485962138322065,0.04669235646724701,paper_state,last_state_repeat,0.03325271978974342,129,test,pre_engagement_hidden_v2,none,0.22557417304286353,0.25060898091590694,0.2023029256389381,128
0.10857817530632019,0.2106960006976402,0.23814812296209495,0.1839649370507835,0.08419457077980042,paper_state,xy_constant_velocity_robot_hold,0.054183974862098694,608,val,all,none,0.1512583092037701,0.17088176078940429,0.13260883071943064,64
0.09800265729427338,0.21994867531390375,0.24807527217866535,0.192049264938296,0.07192101329565048,paper_state,xy_constant_velocity_robot_hold,0.039820510894060135,368,val,pre_engagement,none,0.1678827067662496,0.19006490165430184,0.14709703134462035,64
0.11048959940671921,0.21766137311198308,0.246529301048737,0.19066810898714162,0.07915140688419342,paper_state,xy_constant_velocity_robot_hold,0.04058132320642471,304,val,free,none,0.15654596051082767,0.17678259571291263,0.13724388347895447,64
0.10666675120592117,0.2037306282832973,0.23061406069766546,0.1778099373901231,0.08923773467540741,paper_state,xy_constant_velocity_robot_hold,0.06778663396835327,304,val,hidden_v2,none,0.14597065789671249,0.16588347724076888,0.12713158522901455,64
0.11048959940671921,0.21766137311198308,0.24570621371684995,0.19047516361680364,0.07915140688419342,paper_state,xy_constant_velocity_robot_hold,0.04058132320642471,304,val,pre_engagement_free,none,0.15654596051082767,0.17691280050253516,0.13761880851184277,64
0.052468378096818924,0.23081336077302694,0.26627560374327003,0.19704348428931553,0.045554980635643005,paper_state,xy_constant_velocity_robot_hold,0.03704618290066719,64,val,pre_engagement_hidden_v2,none,0.22173225147950387,0.2553589975166687,0.18971235965072994,64
0.11856947094202042,0.21707913830648778,0.2406989324059081,0.1947001981472623,0.0873475894331932,paper_state,xy_constant_velocity_robot_hold,0.048920631408691406,1208,test,all,none,0.15464181690857218,0.17137683062111736,0.13874849115228213,128
0.10705011337995529,0.2270782133430944,0.25052169268912494,0.2048844301324728,0.0721590667963028,paper_state,xy_constant_velocity_robot_hold,0.029216226190328598,733,test,pre_engagement,none,0.17198653589611598,0.18968089501734636,0.1551863645341222,128
0.12085901200771332,0.22422552753983077,0.24838062162683144,0.2015163828601975,0.0792715921998024,paper_state,xy_constant_velocity_robot_hold,0.028087066486477852,604,test,free,none,0.16047148537755507,0.1770084115236354,0.14435049619302398,128
0.11627993732690811,0.20993274907314477,0.2342980654827567,0.18670621980807134,0.09542357921600342,paper_state,xy_constant_velocity_robot_hold,0.0697542056441307,604,test,hidden_v2,none,0.14881214843958923,0.16591337975685586,0.13256120146398648,128
0.12085901200771332,0.22422552753983077,0.2475099002319864,0.20233501859768138,0.0792715921998024,paper_state,xy_constant_velocity_robot_hold,0.028087066486477852,604,test,pre_engagement_free,none,0.16047148537755507,0.17763238968540007,0.14476466544327227,128
0.05768626928329468,0.2404349747785302,0.26596859739600826,0.21546919662434832,0.046733297407627106,paper_state,xy_constant_velocity_robot_hold,0.03325271978974342,129,test,pre_engagement_hidden_v2,none,0.22590196623108338,0.2507943250933171,0.2029528373780443,128
0.6190640926361084,0.09278373046790396,0.1508181189305383,0.060537151781076486,12.060175895690918,paper_state,ridge,26.141536712646484,608,val,all,none,0.10779462111110517,0.20635013893721235,0.0563001307351226,64
0.9692472815513611,0.1197896370380793,0.21247581733895554,0.06987027426823197,18.908496856689453,paper_state,ridge,40.98756790161133,368,val,pre_engagement,none,0.14729137702016634,0.3099308352439299,0.06496483007811066,64
1.229910969734192,0.11641080175698,0.22702768185581831,0.05871659934081169,24.086668014526367,paper_state,ridge,52.218055725097656,304,val,free,none,0.1515020505543553,0.34934347245414293,0.05415638334846199,64
0.008217222057282925,0.06915665917882793,0.07983312773793318,0.05988387245804293,0.03368164598941803,paper_state,ridge,0.06502248346805573,304,val,hidden_v2,none,0.06408719166785504,0.07246933768158341,0.056614472820499785,64
1.229910969734192,0.11641080175698,0.22632846021743924,0.058633802782408574,24.086668014526367,paper_state,ridge,52.218055725097656,304,val,pre_engagement_free,none,0.1515020505543553,0.34912011931812914,0.05429258424133867,64
0.01872379146516323,0.13583910462330095,0.16248547496434185,0.11392505239418824,0.026031261309981346,paper_state,ridge,0.03502507135272026,64,val,pre_engagement_hidden_v2,none,0.12729067773276861,0.14616770510244048,0.11059833233205911,64
0.22028589248657227,0.07277043376986049,0.09654267073234564,0.05895336473567922,4.765289306640625,paper_state,ridge,10.359138488769531,1208,test,all,none,0.07634696093476948,0.11710320234012017,0.05510090502055003,128
0.34229761362075806,0.09037902348358463,0.12872796576263942,0.0685123107607564,7.427911758422852,paper_state,ridge,16.14866828918457,733,test,pre_engagement,none,0.09859790501507484,0.16577572447969297,0.06400154781638626,128
0.43274185061454773,0.08172824647468792,0.1279838716844414,0.05706844287144211,9.499096870422363,paper_state,ridge,20.657686233520508,604,test,free,none,0.09330794331116528,0.17392911398308752,0.05266949594078769,128
0.007829951122403145,0.06381262106503305,0.0691771133426478,0.058944721370614295,0.03148263320326805,paper_state,ridge,0.060593631118535995,604,test,hidden_v2,none,0.05938597855837368,0.06332436398171305,0.055756225011917175,128
0.43274185061454773,0.08172824647468792,0.1273384768231671,0.05715106343994301,9.499096870422363,paper_state,ridge,20.657686233520508,604,test,pre_engagement_free,none,0.09330794331116528,0.1744514812557462,0.052795353070133874,128
0.018978828564286232,0.13088343676555064,0.14810282573421565,0.1158294277191047,0.023871952667832375,paper_state,ridge,0.029894262552261353,129,test,pre_engagement_hidden_v2,none,0.12336640787679096,0.13533992298625724,0.11258393306268756,128
0.3686865270137787,0.08387120109661114,0.13264221459901407,0.05731762632716157,11.186249732971191,state_action,ridge,24.500185012817383,608,val,all,none,0.08902810649286902,0.1563803714293506,0.05319813063150276,64
0.5767412185668945,0.10798491931991125,0.18551572080529047,0.06660337273855535,17.536941528320312,state_action,ridge,38.411041259765625,368,val,pre_engagement,none,0.11891138786987816,0.22909261447571308,0.06228139770889052,64
0.7301120758056641,0.10332797396787148,0.19537807545306762,0.05557383689408636,22.339317321777344,state_action,ridge,48.93526840209961,304,val,free,none,0.11769982171181097,0.2520404452641585,0.05115807766697887,64
0.007261017803102732,0.06441442822535082,0.07259553023240456,0.057064091907156556,0.033187780529260635,state_action,ridge,0.0650976374745369,304,val,hidden_v2,none,0.060356391273927064,0.06763151718592153,0.05385804228421406,64
0.7301120758056641,0.10332797396787148,0.19484479710695965,0.055392173160851176,22.339317321777344,state_action,ridge,48.93526840209961,304,val,pre_engagement_free,none,0.11769982171181097,0.2515446377537772,0.05124894306808838,64
0.017466643825173378,0.13010540974210016,0.1509161510533886,0.11101215130547644,0.024838276207447052,state_action,ridge,0.03391105309128761,64,val,pre_engagement_hidden_v2,none,0.12466632712069745,0.14064178509324846,0.10954996749915152,64
0.138698548078537,0.06874706844039051,0.08966068713696763,0.056437852739598345,4.466342449188232,state_action,ridge,9.792672157287598,1208,test,all,none,0.0677923493588867,0.09624697846600189,0.0526337494265766,128
0.21503151953220367,0.08587794707285044,0.1196079297742802,0.06655691017470329,6.960897445678711,state_action,ridge,15.263497352600098,733,test,pre_engagement,none,0.08673505747667293,0.1335554101397264,0.06223190534283746,128
0.2701725959777832,0.07668308672627792,0.11796829022808526,0.05462450608402191,8.901684761047363,state_action,ridge,19.52507972717285,604,test,free,none,0.07922075395956768,0.1352063480311219,0.050599970454151696,128
0.007224509958177805,0.06081105015450312,0.06561583090902627,0.05632295240273487,0.03100053034722805,state_action,ridge,0.06026332825422287,604,test,hidden_v2,none,0.05636394475820572,0.05981304533182444,0.0531163761917816,128
0.2701725959777832,0.07668308672627792,0.11719532741038965,0.05470890964169154,8.901684761047363,state_action,ridge,19.52507972717285,604,test,pre_engagement_free,none,0.07922075395956768,0.13563529848145345,0.05065062075539936,128
0.017914006486535072,0.12892985133122103,0.14293074223751318,0.11594437657415059,0.022997908294200897,state_action,ridge,0.029255013912916183,129,test,pre_engagement_hidden_v2,none,0.12191830805288652,0.1318085226770406,0.11256813888139591,128
0.009317957796156406,0.04811268361548795,0.05573175402375702,0.041617317055844996,0.03582189232110977,paper_state,deterministic_mlp,0.06844212859869003,608,val,all,31401,0.0466581773274045,0.05375065172573749,0.04066334640788639,64
0.013389171101152897,0.06181071671712941,0.07295958433567858,0.05263792381153295,0.037057630717754364,paper_state,deterministic_mlp,0.06618805229663849,368,val,pre_engagement,31401,0.060152466967259025,0.07029870438901918,0.051883369018578665,64
0.012144503183662891,0.04860118031348592,0.060667150169616574,0.04013673882324053,0.04028494283556938,paper_state,deterministic_mlp,0.07491933554410934,304,val,free,31401,0.04721955396222224,0.058566863055844263,0.039245144829117944,64
0.006491412874311209,0.047624186917489986,0.05448330314332951,0.04154574297843196,0.03135884925723076,paper_state,deterministic_mlp,0.06196492537856102,304,val,hidden_v2,31401,0.046096800692586766,0.0520083914451021,0.04086730544584851,64
0.012144503183662891,0.04860118031348592,0.060902275445874614,0.040144362436418356,0.04028494283556938,paper_state,deterministic_mlp,0.07491933554410934,304,val,pre_engagement_free,31401,0.04721955396222224,0.058817712622036895,0.0393559717159936,64
0.01792791485786438,0.124556014634436,0.14273376384517178,0.10703033138343017,0.025289075449109077,paper_state,deterministic_mlp,0.03434896096587181,64,val,pre_engagement_hidden_v2,31401,0.12158380374118374,0.13766307954168344,0.10574404445869731,64
0.008435016497969627,0.045064622672761956,0.049305763861997615,0.04149964693895339,0.02659277617931366,paper_state,deterministic_mlp,0.04894077777862549,1208,test,all,31401,0.04473287812961604,0.049360944542978215,0.04100001450248077,128
0.012182802893221378,0.058617901407044995,0.06521887525155366,0.05301947965092747,0.023769710212945938,paper_state,deterministic_mlp,0.03803052008152008,733,test,pre_engagement,31401,0.05867249398019416,0.06590184391458792,0.05303078600595433,128
0.010531855747103691,0.045158096033284155,0.05189150238477892,0.04019063497525662,0.023976344615221024,paper_state,deterministic_mlp,0.040523409843444824,604,test,free,31401,0.04543589260851889,0.0531128756362281,0.040126138770621406,128
0.006338176783174276,0.04497114931223976,0.04814968973130918,0.04202288982220677,0.029209202155470848,paper_state,deterministic_mlp,0.05735815688967705,604,test,hidden_v2,31401,0.04402986365071319,0.04710428365158275,0.04126962711572543,128
0.010531855747103691,0.045158096033284155,0.051950025246870486,0.04018073024606314,0.023976344615221024,paper_state,deterministic_mlp,0.040523409843444824,604,test,pre_engagement_free,31401,0.04543589260851889,0.053310140271850597,0.0401041737059633,128
0.018084587529301643,0.12163900563767714,0.13219075410495398,0.11133923762326324,0.023031027987599373,paper_state,deterministic_mlp,0.029118958860635757,129,test,pre_engagement_hidden_v2,31401,0.12064851900726287,0.13069117033706687,0.11102501399125131,128
0.0097054997459054,0.04830884914324423,0.055806814051296214,0.041899310708481685,0.034199006855487823,paper_state,deterministic_mlp,0.0643448531627655,608,val,all,31402,0.04742579474999761,0.055308253879623584,0.04105155078455315,64
0.01399474497884512,0.061630399061275806,0.07228365934658641,0.05278109412016343,0.03531748801469803,paper_state,deterministic_mlp,0.06156085059046745,368,val,pre_engagement,31402,0.061066447472156775,0.07273794547070711,0.0519410654109691,64
0.013030357658863068,0.04880098733089031,0.060549751377661,0.04034452657654758,0.03814730793237686,paper_state,deterministic_mlp,0.06906046718358994,304,val,free,31402,0.0486164282627757,0.06226362868176277,0.03994645443673825,64
0.006380641832947731,0.04781671095559815,0.05459476514010492,0.041788439163991324,0.030250702053308487,paper_state,deterministic_mlp,0.05962924286723137,304,val,hidden_v2,31402,0.04623516123721952,0.05216642304881252,0.040805366405313834,64
0.013030357658863068,0.04880098733089031,0.06044796812646853,0.04045910724858054,0.03814730793237686,paper_state,deterministic_mlp,0.06906046718358994,304,val,pre_engagement_free,31402,0.0486164282627757,0.0620614649324408,0.039722260383592604,64
0.017511436715722084,0.12257010478060693,0.1402730559784686,0.10557514776010066,0.02499839849770069,paper_state,deterministic_mlp,0.0342131182551384,64,val,pre_engagement_hidden_v2,31402,0.12020403871671684,0.13621565261758706,0.10493874796538875,64
0.007663342170417309,0.04486214323663184,0.04893671101264408,0.04128927766504921,0.02664298005402088,paper_state,deterministic_mlp,0.050002530217170715,1208,test,all,31402,0.04421551919924008,0.048050281776536724,0.040959059687439334,128
0.011001812294125557,0.05852036039747735,0.06498576896932548,0.05314422804152062,0.024172935634851456,paper_state,deterministic_mlp,0.04038354381918907,733,test,pre_engagement,31402,0.0578524105468631,0.06373997816283561,0.052926220135387614,128
0.009107891470193863,0.045026039188135636,0.05179768508803747,0.04013577094442541,0.02460693009197712,paper_state,deterministic_mlp,0.04368266463279724,604,test,free,31402,0.044543303823559574,0.05065284607559419,0.0400769957122799,128
0.0062187896110117435,0.044698247285128036,0.04783773351453286,0.04181731420930869,0.028679031878709793,paper_state,deterministic_mlp,0.05632239952683449,604,test,hidden_v2,31402,0.04388773457492058,0.04681015968996044,0.04116467826486304,128
0.009107891470193863,0.045026039188135636,0.05154662741581962,0.040193963029296176,0.02460693009197712,paper_state,deterministic_mlp,0.04368266463279724,604,test,pre_engagement_free,31402,0.044543303823559574,0.05070865498491918,0.0400046439501363,128
0.017772171646356583,0.12170307365672071,0.13216679695320915,0.11149374147053234,0.022621488198637962,paper_state,deterministic_mlp,0.028589874505996704,129,test,pre_engagement_hidden_v2,31402,0.12016791799550909,0.13009306555792258,0.11058486044618993,128
0.008565874770283699,0.04757307069743738,0.05467026644404733,0.041445214764930745,0.03520003706216812,paper_state,deterministic_mlp,0.06798055022954941,608,val,all,31403,0.04643475912132744,0.05289804054126824,0.0406954778282014,64
0.012211166322231293,0.06062622168278524,0.07056090195171212,0.051937757045203314,0.036880578845739365,paper_state,deterministic_mlp,0.06724292039871216,368,val,pre_engagement,31403,0.059510876332132145,0.06863952758598037,0.0518893300083698,64
0.010726824402809143,0.04735348081234597,0.05807761598948642,0.03959962592125948,0.040116291493177414,paper_state,deterministic_mlp,0.07628793269395828,304,val,free,31403,0.04650218319594595,0.05673787852043162,0.039216405043004804,64
0.00640492420643568,0.04779266058252879,0.05449168624547191,0.0417864374765517,0.030283793807029724,paper_state,deterministic_mlp,0.059673164039850235,304,val,hidden_v2,31403,0.046367335046708924,0.05241370520099903,0.040887194178323996,64
0.010726824402809143,0.04735348081234597,0.05784783607687799,0.03968591243110896,0.040116291493177414,paper_state,deterministic_mlp,0.07628793269395828,304,val,pre_engagement_free,31403,0.04650218319594595,0.056433344460535814,0.039336071013592065,64
0.01762389950454235,0.12367174081737176,0.14145073547406353,0.10644198773952666,0.025081388652324677,paper_state,deterministic_mlp,0.03425983712077141,64,val,pre_engagement_hidden_v2,31403,0.12130216872901656,0.1365570941423357,0.10614889864979583,64
0.006876758299767971,0.044269116722210775,0.04782556570589386,0.041054729139733744,0.024883775040507317,paper_state,deterministic_mlp,0.04704625904560089,1208,test,all,31403,0.0437773090775539,0.047183178389337915,0.04076526723197621,128
0.009758250787854195,0.05736664754413526,0.06284158566449784,0.05256179042968593,0.021370474249124527,paper_state,deterministic_mlp,0.035662438720464706,733,test,pre_engagement,31403,0.05703697873796359,0.0621989328541222,0.05253304029034481,128
0.007531892042607069,0.04367286007734176,0.04890818682805967,0.039504231936765485,0.02104746364057064,paper_state,deterministic_mlp,0.03768201544880867,604,test,free,31403,0.043577916385201435,0.048674444633726624,0.03959841773555646,128
0.006221625488251448,0.04486537336707978,0.048042444124542984,0.04192966941854574,0.028720086440443993,paper_state,deterministic_mlp,0.05641051009297371,604,test,hidden_v2,31403,0.04397670176990637,0.04687727712143644,0.04125982393479945,128
0.007531892042607069,0.04367286007734176,0.04892481550747285,0.03951648224972992,0.02104746364057064,paper_state,deterministic_mlp,0.03768201544880867,604,test,pre_engagement_free,31403,0.043577916385201435,0.04864859901687693,0.03955358594100706,128
0.01771700754761696,0.12148329583826915,0.1320108245617438,0.11165089320185322,0.022525155916810036,paper_state,deterministic_mlp,0.028442874550819397,129,test,pre_engagement_hidden_v2,31403,0.12005460401756318,0.12969158866429398,0.11033881858372652,128
0.009630418382585049,0.047158770413309535,0.05442013711446782,0.04092880833355312,0.034370359033346176,state_action,deterministic_mlp,0.06481950730085373,608,val,all,31401,0.04672895494092556,0.054263810751312536,0.0407127062102821,64
0.01394244097173214,0.06125942719138592,0.0719081998257739,0.052251579129788166,0.03698397055268288,state_action,deterministic_mlp,0.06534278392791748,368,val,pre_engagement,31401,0.060836329258049576,0.07170126536363791,0.052126244836163425,64
0.012956589460372925,0.0482766362133828,0.0599405041334828,0.04000508818210347,0.040260206907987595,state_action,deterministic_mlp,0.07386466860771179,304,val,free,31401,0.048210311936201296,0.060513390862301314,0.03974497158371316,64
0.006304245442152023,0.04604090461323626,0.05192160836020388,0.04078423372236513,0.028480498120188713,state_action,deterministic_mlp,0.05577436089515686,304,val,hidden_v2,31401,0.04524759794564983,0.05051283899659713,0.04047846640449456,64
0.012956589460372925,0.0482766362133828,0.06016778574877299,0.03996706219167044,0.040260206907987595,state_action,deterministic_mlp,0.07386466860771179,304,val,pre_engagement_free,31401,0.048210311936201296,0.06083380457525221,0.03972327724711185,64
0.017537401989102364,0.12292768433690071,0.14012289133679587,0.10605446334375301,0.025037003681063652,state_action,deterministic_mlp,0.03426728397607803,64,val,pre_engagement_hidden_v2,31401,0.12080991153682892,0.1369299132323552,0.1049772103252811,64
0.006836608052253723,0.04450259810939604,0.04817122353470585,0.0412667383712176,0.025020571425557137,state_action,deterministic_mlp,0.047400832176208496,1208,test,all,31401,0.0440090108560627,0.04740892550119505,0.0409550681105347,128
0.009680654853582382,0.058428560716505346,0.06382400081388209,0.05348492085424122,0.02193150296807289,state_action,deterministic_mlp,0.03700947389006615,733,test,pre_engagement,31401,0.05787496899573109,0.06298864115999749,0.053346441070301405,128
0.007432510145008564,0.0447762329825231,0.05002577550061762,0.040623399698791564,0.02183399349451065,state_action,deterministic_mlp,0.03955890238285065,604,test,free,31401,0.04440379279362918,0.04900178396351906,0.04058727561626913,128
0.00624070642516017,0.04422896323626898,0.0475160731381461,0.041295311841263685,0.028207145631313324,state_action,deterministic_mlp,0.05524275824427605,604,test,hidden_v2,31401,0.04361422891849621,0.046747692858168606,0.040767002599608755,128
0.007432510145008564,0.0447762329825231,0.04999990557926075,0.040589323404549994,0.02183399349451065,state_action,deterministic_mlp,0.03955890238285065,604,test,pre_engagement_free,31401,0.04440379279362918,0.04919924569108624,0.04060281958330004,128
0.017717288807034492,0.12235108747096486,0.13295652575640793,0.1119217181498243,0.022280070930719376,state_action,deterministic_mlp,0.02789580263197422,129,test,pre_engagement_hidden_v2,31401,0.12094931338386711,0.1309321256930923,0.11101302891232383,128
0.009347135201096535,0.04592026530467832,0.05296700104057359,0.03977882025361733,0.036208488047122955,state_action,deterministic_mlp,0.0692686215043068,608,val,all,31402,0.045559901350459675,0.05308281628535098,0.039410614872716916,64
0.013593798503279686,0.060045241308651624,0.07048042244501108,0.05129161859635093,0.03897763788700104,state_action,deterministic_mlp,0.07021929323673248,368,val,pre_engagement,31402,0.05981301820345149,0.07118153360572967,0.05082756438895026,64
0.012494360096752644,0.046875169244901226,0.05833423052269996,0.03862830776758346,0.04276721924543381,state_action,deterministic_mlp,0.08002611994743347,304,val,free,31402,0.04702765843856532,0.060092616570563646,0.038525582948617486,64
0.006199911702424288,0.044965361364455406,0.050640115848515944,0.03973288672962589,0.029649768024683,state_action,deterministic_mlp,0.058511119335889816,304,val,hidden_v2,31402,0.04409214426235402,0.04943416681310506,0.03919504476247189,64
0.012494360096752644,0.046875169244901226,0.05822369830956845,0.03878765554338042,0.04276721924543381,state_action,deterministic_mlp,0.08002611994743347,304,val,pre_engagement_free,31402,0.04702765843856532,0.05992709986390524,0.038337961400344095,64
0.017602959647774696,0.12260308361146599,0.1402664113265928,0.10572744871024042,0.02515874244272709,state_action,deterministic_mlp,0.03445816785097122,64,val,pre_engagement_hidden_v2,31402,0.12054347708666077,0.13671684525052114,0.10522162361685332,64
0.007339999545365572,0.04279430935179371,0.04630628486138146,0.03957438301510465,0.025719663128256798,state_action,deterministic_mlp,0.04834078997373581,1208,test,all,31402,0.04268738247445686,0.04635014930615405,0.03953605919095661,128
0.010610892437398434,0.05690072623550343,0.062342779576470816,0.0520854107694013,0.022844891995191574,state_action,deterministic_mlp,0.03790212422609329,733,test,pre_engagement,31402,0.05675707598832632,0.062269444760018854,0.05199820426537889,128
0.008561049588024616,0.043041027108645255,0.04821419116223724,0.03894431113401547,0.02295626513659954,state_action,deterministic_mlp,0.04067346081137657,604,test,free,31402,0.04309206642788705,0.04874964686631655,0.03896524545612082,128
0.006118951831012964,0.04254759159494216,0.045788005024113974,0.0396299892603185,0.028483059257268906,state_action,deterministic_mlp,0.05600811168551445,604,test,hidden_v2,31402,0.04228269852102666,0.04528253569751365,0.03950476187841471,128
0.008561049588024616,0.043041027108645255,0.048114861429186626,0.03894687835390884,0.02295626513659954,state_action,deterministic_mlp,0.04067346081137657,604,test,pre_engagement_free,31402,0.04309206642788705,0.0487133669872542,0.038867208614846355,128
0.017938636243343353,0.12179420121707195,0.13238886521806797,0.11160667288228111,0.022446749731898308,state_action,deterministic_mlp,0.027995189651846886,129,test,pre_engagement_hidden_v2,31402,0.12073898121704965,0.1307469613098571,0.11104010589076853,128
0.008569497615098953,0.046317587762850485,0.05394524630541552,0.04008131209443095,0.03259618207812309,state_action,deterministic_mlp,0.062167488038539886,608,val,all,31403,0.045520013042844594,0.05238896126886195,0.03975372482952382,64
0.012370076030492783,0.06073498339189783,0.07225098920993735,0.05133554952907725,0.03383428230881691,state_action,deterministic_mlp,0.06025177240371704,368,val,pre_engagement,31403,0.05964781224674485,0.07005503063871267,0.05146608132749931,64
0.010996569879353046,0.047844712567319606,0.06125274291633035,0.03898674136206916,0.03627968952059746,state_action,deterministic_mlp,0.06739739328622818,304,val,free,31403,0.04680639134823108,0.05865448407932324,0.038746208471900044,64
0.006142426747828722,0.044790462958381363,0.05025667189886492,0.039731883749163185,0.028912672773003578,state_action,deterministic_mlp,0.05693758279085159,304,val,hidden_v2,31403,0.0442336347374581,0.04938650321642076,0.03941622912050082,64
0.010996569879353046,0.047844712567319606,0.0608695327736852,0.03907046483446836,0.03627968952059746,state_action,deterministic_mlp,0.06739739328622818,304,val,pre_engagement_free,31403,0.04680639134823108,0.05824630947933976,0.038824022702807215,64
0.017378639429807663,0.12196376980864443,0.13905975183515693,0.10532371339722886,0.02491697296500206,state_action,deterministic_mlp,0.03419492021203041,64,val,pre_engagement_hidden_v2,31403,0.12064456151468525,0.13621187560578013,0.10531340119390128,64
0.006826664321124554,0.0434823989970702,0.04728470313188664,0.04022428777370161,0.025459833443164825,state_action,deterministic_mlp,0.04839295893907547,1208,test,all,31403,0.04313010871695626,0.04676505705368487,0.03997521567472892,128
0.009784199297428131,0.05773074256820353,0.06356841441982565,0.05272891908992377,0.02269475907087326,state_action,deterministic_mlp,0.03858467936515808,733,test,pre_engagement,31403,0.057313250930627904,0.06290717371759638,0.0525634433552597,128
0.007597035262733698,0.04400225066570627,0.04968510916574694,0.039618654313399136,0.022839298471808434,state_action,deterministic_mlp,0.041599009186029434,604,test,free,31403,0.04376095558189536,0.04941581308996006,0.03953986633752021,128
0.0060562933795154095,0.042962547328434145,0.04609457989168425,0.040061574889422594,0.02808036282658577,state_action,deterministic_mlp,0.055186908692121506,604,test,hidden_v2,31403,0.042499261852017155,0.04552332155390557,0.039733271254203846,128
0.007597035262733698,0.04400225066570627,0.04973591527618391,0.03964234789673335,0.022839298471808434,state_action,deterministic_mlp,0.041599009186029434,604,test,pre_engagement_free,31403,0.04376095558189536,0.04944354940642973,0.039474616531353805,128
0.017602846026420593,0.12200988294888837,0.1328849182063497,0.11175348993990786,0.022178061306476593,state_action,deterministic_mlp,0.02780909836292267,129,test,pre_engagement_hidden_v2,31403,0.12076740899756165,0.13069312109173903,0.1108561689241643,128
