best16_error,best32_error,best4_error,best8_error,both_supported_k16,both_supported_k32,branch_eligible,branch_separation,condition,deterministic_error,diversity,k1_error,pair_key,physical_valid_candidate_k16,sample_mean_error,visible_seed
15.837142944335938,11.496626853942871,16.120574951171875,15.837142944335938,False,False,False,0.002825853880494833,free,0.19489708542823792,37.35576606085223,16.120574951171875,test|420000|0,False,4.2015180587768555,420000
9.664910316467285,9.664910316467285,9.664910316467285,9.664910316467285,False,False,False,0.002825853880494833,hidden_slack_breakaway_pin_v2,0.19257056713104248,24.181468475249506,13.17988395690918,test|420000|0,False,4.851154804229736,420000
15.660117149353027,8.657768249511719,15.907275199890137,15.806089401245117,False,False,True,0.0030378412920981646,free,0.028249498456716537,30.935245498534172,21.95656967163086,test|420001|0,False,2.2766733169555664,420001
12.482637405395508,7.112182140350342,24.980010986328125,13.18356704711914,False,False,True,0.0030378412920981646,hidden_slack_breakaway_pin_v2,0.029579536989331245,26.96106619700309,25.570201873779297,test|420001|0,False,7.220730781555176,420001
5.844377040863037,5.844377040863037,15.26643180847168,15.26643180847168,False,False,True,0.006345379166305065,free,0.07271742075681686,31.497028870928673,33.22114562988281,test|420002|0,False,9.179492950439453,420002
12.266923904418945,11.494972229003906,12.266923904418945,12.266923904418945,False,False,True,0.006345379166305065,hidden_slack_breakaway_pin_v2,0.0761994943022728,29.80922336828324,21.928255081176758,test|420002|0,False,4.118473529815674,420002
7.072265625,7.072265625,7.072265625,7.072265625,False,False,True,0.06651298701763153,free,0.14850065112113953,30.44960913638915,30.230836868286133,test|420003|0,False,6.765061378479004,420003
7.582631587982178,7.582631587982178,21.03938865661621,21.03938865661621,False,False,True,0.06651298701763153,hidden_slack_breakaway_pin_v2,0.06920839846134186,31.62980976893056,30.725000381469727,test|420003|0,False,7.426626205444336,420003
14.011625289916992,9.139902114868164,14.011625289916992,14.011625289916992,False,False,True,0.005360656417906284,free,0.22155269980430603,28.31812691592401,22.013633728027344,test|420004|0,False,5.864349842071533,420004
16.478229522705078,14.357857704162598,18.367874145507812,18.367874145507812,False,False,True,0.005360656417906284,hidden_slack_breakaway_pin_v2,0.22220972180366516,31.234319499423428,23.783000946044922,test|420004|0,False,3.272183418273926,420004
5.195170879364014,5.195170879364014,11.672348022460938,5.195170879364014,False,False,True,0.044140081852674484,free,0.18811538815498352,25.100261292149945,17.043004989624023,test|420005|0,False,2.6216278076171875,420005
10.769158363342285,8.70958137512207,19.592884063720703,10.769158363342285,False,False,True,0.044140081852674484,hidden_slack_breakaway_pin_v2,0.1635371744632721,29.97687025224009,25.997177124023438,test|420005|0,False,5.295334815979004,420005
12.404812812805176,9.121663093566895,12.404812812805176,12.404812812805176,False,False,True,0.007207252085208893,free,0.08031296730041504,29.39800819466191,18.79126739501953,test|420006|0,False,5.325926780700684,420006
7.186540603637695,7.186540603637695,16.45526885986328,12.655194282531738,False,False,True,0.007207252085208893,hidden_slack_breakaway_pin_v2,0.08369669318199158,29.864430492924107,16.45526885986328,test|420006|0,False,3.081834077835083,420006
9.118942260742188,7.592672348022461,16.52273178100586,16.52273178100586,False,False,True,0.00483591016381979,free,0.23394066095352173,27.877058723280506,16.52273178100586,test|420007|0,False,5.934244632720947,420007
9.623605728149414,7.245753765106201,15.839214324951172,14.02963638305664,False,False,True,0.00483591016381979,hidden_slack_breakaway_pin_v2,0.2351599782705307,28.47654510890284,36.044151306152344,test|420007|0,False,2.8659627437591553,420007
6.304263114929199,6.304263114929199,13.764069557189941,13.764069557189941,False,False,True,0.003455227706581354,free,0.17980238795280457,29.160778084108905,13.764069557189941,test|420008|0,False,6.0543212890625,420008
7.3140387535095215,7.3140387535095215,7.3140387535095215,7.3140387535095215,False,False,True,0.003455227706581354,hidden_slack_breakaway_pin_v2,0.1796921193599701,30.375720670146325,23.464757919311523,test|420008|0,False,6.477277755737305,420008
8.832781791687012,8.832781791687012,13.490100860595703,13.490100860595703,False,False,True,0.0660371333360672,free,0.1224842220544815,23.873272080575266,17.72585105895996,test|420010|0,False,4.201713562011719,420010
8.77855396270752,8.77855396270752,14.457839965820312,13.630804061889648,False,False,True,0.0660371333360672,hidden_slack_breakaway_pin_v2,0.057109344750642776,27.19322750260753,42.07642364501953,test|420010|0,False,2.8218436241149902,420010
7.194605350494385,7.194605350494385,10.60855770111084,10.60855770111084,False,False,True,0.09417371451854706,free,0.15000608563423157,28.764061385585414,14.336735725402832,test|420012|0,False,6.074378967285156,420012
9.561990737915039,9.561990737915039,14.673025131225586,14.352067947387695,False,False,True,0.09417371451854706,hidden_slack_breakaway_pin_v2,0.05466613918542862,25.831629728117296,51.37861251831055,test|420012|0,False,3.05490779876709,420012
11.54081916809082,9.785323143005371,19.96366310119629,11.54081916809082,False,False,True,0.004328050650656223,free,0.04085347428917885,32.773451149463654,22.787790298461914,test|420013|0,False,4.998390197753906,420013
12.813377380371094,12.813377380371094,20.21002769470215,17.85132598876953,False,False,True,0.004328050650656223,hidden_slack_breakaway_pin_v2,0.040776897221803665,28.02866107609964,20.21002769470215,test|420013|0,False,7.033007621765137,420013
9.754252433776855,4.6708550453186035,14.824921607971191,14.824921607971191,False,False,True,0.017887134104967117,free,0.2191942185163498,29.46115567511128,21.875747680664062,test|420014|0,False,4.97921895980835,420014
13.709259986877441,9.266510009765625,13.709259986877441,13.709259986877441,False,False,True,0.017887134104967117,hidden_slack_breakaway_pin_v2,0.20409470796585083,29.569791552520567,18.492385864257812,test|420014|0,False,8.770808219909668,420014
6.964955806732178,6.964955806732178,10.469589233398438,10.469589233398438,False,False,True,0.005905004683881998,free,0.09803187102079391,24.373497834128717,19.134889602661133,test|420016|0,False,2.418369770050049,420016
12.500736236572266,9.418041229248047,28.725666046142578,22.487468719482422,False,False,True,0.005905004683881998,hidden_slack_breakaway_pin_v2,0.09533460438251495,27.259563436431268,29.529870986938477,test|420016|0,False,5.7648468017578125,420016
5.821300983428955,5.821300983428955,5.821300983428955,5.821300983428955,False,False,True,0.11555739492177963,free,0.05794462189078331,27.351957001993732,5.821300983428955,test|420017|0,False,4.970009803771973,420017
9.808391571044922,9.808391571044922,12.12944221496582,10.854653358459473,False,False,True,0.11555739492177963,hidden_slack_breakaway_pin_v2,0.13406644761562347,31.710822856233968,79.60025024414062,test|420017|0,False,7.284396648406982,420017
6.680163860321045,6.680163860321045,14.878971099853516,6.680163860321045,False,False,True,0.005180706270039082,free,0.13031797111034393,25.028681862738825,34.31601333618164,test|420019|0,False,1.684709072113037,420019
8.63098430633545,8.63098430633545,12.353265762329102,12.353265762329102,False,False,True,0.005180706270039082,hidden_slack_breakaway_pin_v2,0.13399185240268707,25.709778849155672,12.353265762329102,test|420019|0,False,8.671993255615234,420019
12.562141418457031,8.013838768005371,23.90828514099121,12.562141418457031,False,False,True,0.11091358959674835,free,0.0687602162361145,25.25277134872252,35.19953536987305,test|420020|0,False,3.983999252319336,420020
9.997520446777344,7.911545753479004,14.771851539611816,9.997520446777344,False,False,True,0.11091358959674835,hidden_slack_breakaway_pin_v2,0.08371967077255249,28.714066565998138,25.19196319580078,test|420020|0,False,2.0056581497192383,420020
12.251365661621094,11.49767780303955,16.886560440063477,12.251365661621094,False,False,True,0.04809589684009552,free,0.09700378775596619,27.666888723450324,43.33794403076172,test|420022|0,False,8.906087875366211,420022
7.972275733947754,7.972275733947754,8.753708839416504,8.753708839416504,False,False,True,0.04809589684009552,hidden_slack_breakaway_pin_v2,0.04384922981262207,31.016777670191182,44.902122497558594,test|420022|0,False,2.2300634384155273,420022
9.18095588684082,7.849775791168213,16.224882125854492,15.737369537353516,False,False,True,0.02044316753745079,free,0.06503548473119736,26.673154379090956,16.224882125854492,test|420023|0,False,5.607125282287598,420023
10.189872741699219,10.189872741699219,12.847572326660156,12.847572326660156,False,False,True,0.02044316753745079,hidden_slack_breakaway_pin_v2,0.0725456178188324,26.275188443160825,22.1109676361084,test|420023|0,False,5.318540096282959,420023
8.951622009277344,8.951622009277344,11.51372241973877,11.51372241973877,False,False,True,0.07508917152881622,free,0.08265514671802521,26.27207639044331,24.346349716186523,test|420024|0,False,3.933694839477539,420024
8.99517822265625,5.346278667449951,14.786473274230957,13.94008731842041,False,False,True,0.07508917152881622,hidden_slack_breakaway_pin_v2,0.16659435629844666,27.992202412697576,25.558521270751953,test|420024|0,False,2.7552318572998047,420024
11.55284595489502,10.818995475769043,13.081738471984863,13.081738471984863,False,False,True,0.08715885132551193,free,0.2071685791015625,28.227815586713053,23.385021209716797,test|420025|0,False,5.612397193908691,420025
14.44339370727539,10.701826095581055,14.44339370727539,14.44339370727539,False,False,True,0.08715885132551193,hidden_slack_breakaway_pin_v2,0.2409181296825409,30.009219980047597,17.403499603271484,test|420025|0,False,5.738304138183594,420025
11.697184562683105,9.763738632202148,19.0288143157959,11.697184562683105,False,False,True,0.0041244435124099255,free,0.1770944595336914,27.195761344125195,19.0288143157959,test|420026|0,False,3.721971035003662,420026
14.121708869934082,11.3485107421875,25.69118881225586,14.121708869934082,False,False,True,0.0041244435124099255,hidden_slack_breakaway_pin_v2,0.17720258235931396,28.9742086798914,30.015933990478516,test|420026|0,False,6.672430038452148,420026
16.851558685302734,12.854772567749023,17.400466918945312,16.851558685302734,False,False,False,0.002264253096655011,free,0.283929705619812,26.421208101895548,35.25429153442383,test|420027|0,False,3.620389461517334,420027
8.447783470153809,8.447783470153809,8.447783470153809,8.447783470153809,False,False,False,0.002264253096655011,hidden_slack_breakaway_pin_v2,0.2855151891708374,29.406066142743633,38.20939636230469,test|420027|0,False,4.345491409301758,420027
13.135692596435547,9.48769760131836,14.485797882080078,13.135692596435547,False,False,True,0.039740368723869324,free,0.2242685854434967,31.426457539681465,14.485797882080078,test|420029|0,False,4.527298927307129,420029
8.018787384033203,8.018787384033203,20.839494705200195,13.988189697265625,False,False,True,0.039740368723869324,hidden_slack_breakaway_pin_v2,0.23763960599899292,25.2389921113368,35.13223648071289,test|420029|0,False,2.4063968658447266,420029
13.202939987182617,13.202939987182617,20.16149139404297,17.265304565429688,False,False,True,0.09753638505935669,free,0.09469819068908691,30.210290911697573,22.919464111328125,test|420030|0,False,2.5691800117492676,420030
6.5710673332214355,6.5710673332214355,28.605676651000977,22.764219284057617,False,False,True,0.09753638505935669,hidden_slack_breakaway_pin_v2,0.1344001293182373,30.894163671039767,29.39938735961914,test|420030|0,False,2.203068733215332,420030
11.148759841918945,11.148759841918945,15.510889053344727,15.510889053344727,False,False,True,0.004905070178210735,free,0.1477363556623459,28.555418390420176,23.119205474853516,test|420032|0,False,2.2542128562927246,420032
13.939626693725586,8.877477645874023,23.032302856445312,15.455078125,False,False,True,0.004905070178210735,hidden_slack_breakaway_pin_v2,0.14592279493808746,26.04800680664278,75.76211547851562,test|420032|0,False,4.886186122894287,420032
12.439827919006348,8.27526569366455,12.439827919006348,12.439827919006348,False,False,True,0.005285182967782021,free,0.28535038232803345,27.968158341223194,30.393531799316406,test|420033|0,False,1.359784722328186,420033
15.677152633666992,12.34969425201416,17.633563995361328,15.677152633666992,False,False,True,0.005285182967782021,hidden_slack_breakaway_pin_v2,0.2821823060512543,29.17929485247981,38.56342315673828,test|420033|0,False,3.2797775268554688,420033
9.001765251159668,9.001765251159668,9.001765251159668,9.001765251159668,False,False,True,0.0057153538800776005,free,0.06727348268032074,30.594020000388547,9.001765251159668,test|420034|0,False,3.6135621070861816,420034
12.010482788085938,12.010482788085938,12.010482788085938,12.010482788085938,False,False,True,0.0057153538800776005,hidden_slack_breakaway_pin_v2,0.06266800314188004,26.730259172378048,12.010482788085938,test|420034|0,False,8.506900787353516,420034
11.073840141296387,11.073840141296387,11.073840141296387,11.073840141296387,False,False,True,0.07284864783287048,free,0.07032769918441772,32.861774368632226,24.103927612304688,test|420035|0,False,4.722767353057861,420035
12.164251327514648,8.944114685058594,25.675155639648438,14.123397827148438,False,False,True,0.07284864783287048,hidden_slack_breakaway_pin_v2,0.13596954941749573,24.649893258848497,57.63670349121094,test|420035|0,False,10.040596008300781,420035
13.347043991088867,8.058282852172852,13.347043991088867,13.347043991088867,False,False,True,0.0038983256090432405,free,0.17963284254074097,29.51554891947777,27.02062225341797,test|420037|0,False,2.632129192352295,420037
9.735015869140625,9.735015869140625,9.735015869140625,9.735015869140625,False,False,True,0.0038983256090432405,hidden_slack_breakaway_pin_v2,0.17710724472999573,31.70739462010322,21.286462783813477,test|420037|0,False,8.056407928466797,420037
8.262680053710938,8.262680053710938,8.262680053710938,8.262680053710938,False,False,True,0.004000054206699133,free,0.11912397295236588,27.268210479328708,20.917308807373047,test|420038|0,False,2.597385883331299,420038
10.174053192138672,10.174053192138672,15.479691505432129,13.587085723876953,False,False,True,0.004000054206699133,hidden_slack_breakaway_pin_v2,0.11900454014539719,25.55269973124227,15.479691505432129,test|420038|0,False,4.699040412902832,420038
11.968034744262695,7.1000447273254395,11.968034744262695,11.968034744262695,False,False,True,0.003619836177676916,free,0.08882351964712143,26.740485602809535,19.894500732421875,test|420039|0,False,5.30055046081543,420039
7.5334248542785645,7.5334248542785645,7.5334248542785645,7.5334248542785645,False,False,True,0.003619836177676916,hidden_slack_breakaway_pin_v2,0.0851564034819603,31.30122637652582,33.07362365722656,test|420039|0,False,4.479432106018066,420039
8.635513305664062,8.635513305664062,12.173349380493164,10.938332557678223,False,False,True,0.025284018367528915,free,0.20174676179885864,26.647266760949165,12.173349380493164,test|420040|0,False,3.0304927825927734,420040
8.897719383239746,8.897719383239746,13.385136604309082,13.385136604309082,False,False,True,0.025284018367528915,hidden_slack_breakaway_pin_v2,0.17928087711334229,32.84896689076577,23.513179779052734,test|420040|0,False,4.4091925621032715,420040
12.547884941101074,9.495713233947754,12.547884941101074,12.547884941101074,False,False,True,0.00801698025316,free,0.07797213643789291,24.595053415144644,18.960586547851562,test|420042|0,False,4.024279594421387,420042
5.593562126159668,5.593562126159668,27.922260284423828,5.593562126159668,False,False,True,0.00801698025316,hidden_slack_breakaway_pin_v2,0.07230974733829498,30.69265235720142,38.78759765625,test|420042|0,False,7.3019795417785645,420042
9.50066089630127,8.62372875213623,10.509722709655762,10.509722709655762,False,False,True,0.005254372954368591,free,0.16682498157024384,26.517729285263247,18.95970916748047,test|420043|0,False,4.3208746910095215,420043
5.8806915283203125,5.8806915283203125,19.100528717041016,5.8806915283203125,False,False,True,0.005254372954368591,hidden_slack_breakaway_pin_v2,0.16331706941127777,27.815583977007098,23.922407150268555,test|420043|0,False,6.7996063232421875,420043
10.45146656036377,10.45146656036377,19.63640022277832,10.45146656036377,False,False,True,0.0663430467247963,free,0.04248251020908356,28.818728658460802,19.63640022277832,test|420044|0,False,6.913490295410156,420044
11.059308052062988,11.059308052062988,13.801328659057617,13.801328659057617,False,False,True,0.0663430467247963,hidden_slack_breakaway_pin_v2,0.0741797462105751,30.774055141595102,24.685977935791016,test|420044|0,False,2.6123743057250977,420044
14.595675468444824,8.859092712402344,17.3431396484375,17.3431396484375,False,False,True,0.004534550476819277,free,0.09449246525764465,29.899603197651526,17.3431396484375,test|420045|0,False,4.33397102355957,420045
12.89986801147461,11.307806968688965,16.10655403137207,14.814265251159668,False,False,True,0.004534550476819277,hidden_slack_breakaway_pin_v2,0.08561733365058899,29.322185745162347,25.802425384521484,test|420045|0,False,4.1284613609313965,420045
11.71442699432373,5.275480270385742,16.82114601135254,11.71442699432373,False,False,True,0.005574158858507872,free,0.16588124632835388,23.81436144824951,32.7077522277832,test|420048|0,False,3.3851335048675537,420048
7.101640224456787,7.101640224456787,18.946189880371094,14.271870613098145,False,False,True,0.005574158858507872,hidden_slack_breakaway_pin_v2,0.17017978429794312,28.14626289375367,27.325031280517578,test|420048|0,False,4.18319034576416,420048
16.286197662353516,6.428179740905762,16.70705795288086,16.70705795288086,False,False,True,0.004936143755912781,free,0.06398501247167587,33.26330094664328,18.685653686523438,test|420049|0,False,5.928701400756836,420049
12.840968132019043,10.204179763793945,14.233366012573242,12.840968132019043,False,False,True,0.004936143755912781,hidden_slack_breakaway_pin_v2,0.0621260330080986,36.15412371100918,37.497230529785156,test|420049|0,False,6.784262657165527,420049
11.932228088378906,11.932228088378906,21.198366165161133,19.798362731933594,False,False,True,0.009190265089273453,free,0.1151176244020462,32.783319890499115,21.198366165161133,test|420051|0,False,2.929910898208618,420051
8.996261596679688,7.325016021728516,9.862247467041016,9.862247467041016,False,False,True,0.009190265089273453,hidden_slack_breakaway_pin_v2,0.09811361879110336,27.411480634443222,9.862247467041016,test|420051|0,False,8.2098388671875,420051
8.40827465057373,8.40827465057373,8.40827465057373,8.40827465057373,False,False,True,0.005483172833919525,free,0.13731470704078674,29.98056447890497,8.40827465057373,test|420052|0,False,2.8730356693267822,420052
11.897106170654297,8.717403411865234,14.67331600189209,11.897106170654297,False,False,True,0.005483172833919525,hidden_slack_breakaway_pin_v2,0.1410478800535202,24.881630312050543,41.47209167480469,test|420052|0,False,8.275334358215332,420052
11.03688907623291,7.805767059326172,24.203964233398438,11.03688907623291,False,False,True,0.008508254773914814,free,0.16102798283100128,30.30321222639853,28.89494514465332,test|420053|0,False,3.6310434341430664,420053
8.23206901550293,8.23206901550293,15.83967399597168,8.23206901550293,False,False,True,0.008508254773914814,hidden_slack_breakaway_pin_v2,0.1611037701368332,24.64419470102556,27.24842643737793,test|420053|0,False,4.391799449920654,420053
9.173916816711426,8.936105728149414,9.173916816711426,9.173916816711426,False,False,True,0.006386092863976955,free,0.06058602035045624,23.887162570991823,29.832050323486328,test|420054|0,False,4.295453071594238,420054
8.89182186126709,8.391568183898926,8.89182186126709,8.89182186126709,False,False,True,0.006386092863976955,hidden_slack_breakaway_pin_v2,0.06161275506019592,29.30008159433642,31.579004287719727,test|420054|0,False,5.830569267272949,420054
5.863456726074219,5.863456726074219,5.863456726074219,5.863456726074219,False,False,True,0.007531909272074699,free,0.14178329706192017,29.757968015247776,5.863456726074219,test|420056|0,False,6.111533164978027,420056
15.668072700500488,6.209987640380859,22.064697265625,15.668072700500488,False,False,True,0.007531909272074699,hidden_slack_breakaway_pin_v2,0.14260093867778778,27.120635859427914,26.440486907958984,test|420056|0,False,7.687348365783691,420056
9.371233940124512,6.548539638519287,9.371233940124512,9.371233940124512,False,False,True,0.03203953802585602,free,0.20782673358917236,32.897318522776324,17.716028213500977,test|420057|0,False,2.5849413871765137,420057
12.494710922241211,9.354167938232422,17.635988235473633,17.635988235473633,False,False,True,0.03203953802585602,hidden_slack_breakaway_pin_v2,0.16883668303489685,31.647277714744693,17.635988235473633,test|420057|0,False,3.777045965194702,420057
8.855134963989258,6.873293876647949,16.92221450805664,13.531317710876465,False,False,True,0.010802151635289192,free,0.06940388679504395,24.725929707288742,16.92221450805664,test|420058|0,False,1.977952241897583,420058
13.405786514282227,10.222677230834961,15.681782722473145,15.681782722473145,False,False,True,0.010802151635289192,hidden_slack_breakaway_pin_v2,0.07558733224868774,27.604550566404097,15.681782722473145,test|420058|0,False,2.000608205795288,420058
7.840722560882568,7.840722560882568,15.486177444458008,7.840722560882568,False,False,True,0.009158708155155182,free,0.08875353634357452,27.85043711816111,48.33412551879883,test|420060|0,False,6.193509101867676,420060
10.546110153198242,4.525116443634033,10.546110153198242,10.546110153198242,False,False,True,0.009158708155155182,hidden_slack_breakaway_pin_v2,0.08729803562164307,26.04068252348131,38.026485443115234,test|420060|0,False,9.51333236694336,420060
12.757112503051758,12.757112503051758,12.757112503051758,12.757112503051758,False,False,True,0.00522482069209218,free,0.15878896415233612,28.25007039693094,12.757112503051758,test|420061|0,False,6.67385721206665,420061
11.667319297790527,9.113065719604492,13.967595100402832,13.538924217224121,False,False,True,0.00522482069209218,hidden_slack_breakaway_pin_v2,0.159555122256279,29.9320405457289,60.09617233276367,test|420061|0,False,4.540644645690918,420061
10.687416076660156,9.44117259979248,25.191429138183594,10.687416076660156,False,False,True,0.0053367153741419315,free,0.1740133911371231,29.407895079543515,25.191429138183594,test|420062|0,False,4.071228504180908,420062
9.926704406738281,7.646801471710205,24.828550338745117,15.683505058288574,False,False,True,0.0053367153741419315,hidden_slack_breakaway_pin_v2,0.17495103180408478,27.601675369085804,28.875381469726562,test|420062|0,False,4.907492637634277,420062
8.292315483093262,8.292315483093262,12.70457649230957,12.70457649230957,False,False,True,0.024452269077301025,free,0.043822742998600006,31.713054424332036,12.70457649230957,test|420064|0,False,5.905236721038818,420064
7.486799240112305,7.486799240112305,25.160888671875,7.486799240112305,False,False,True,0.024452269077301025,hidden_slack_breakaway_pin_v2,0.036644019186496735,28.978269297269083,25.160888671875,test|420064|0,False,2.4322218894958496,420064
11.263415336608887,11.263415336608887,13.811697006225586,13.811697006225586,False,False,False,0.0023651348892599344,free,0.032277725636959076,27.786700266022837,29.589731216430664,test|420065|0,False,4.788513660430908,420065
11.616987228393555,10.093644142150879,11.616987228393555,11.616987228393555,False,False,False,0.0023651348892599344,hidden_slack_breakaway_pin_v2,0.031932003796100616,28.215006339934565,11.616987228393555,test|420065|0,False,3.8399715423583984,420065
8.978702545166016,8.978702545166016,17.372695922851562,8.978702545166016,False,False,True,0.006436651572585106,free,0.1394939422607422,27.655313186107144,25.897533416748047,test|420066|0,False,10.130250930786133,420066
13.260363578796387,8.3240385055542,22.91045570373535,15.130058288574219,False,False,True,0.006436651572585106,hidden_slack_breakaway_pin_v2,0.13473226130008698,25.70151960849762,36.927886962890625,test|420066|0,False,3.5972344875335693,420066
6.822798728942871,6.592942237854004,20.102807998657227,6.822798728942871,False,False,True,0.13629600405693054,free,0.18607771396636963,26.672129767556346,30.614517211914062,test|420067|0,False,3.693354845046997,420067
10.07719898223877,9.755290985107422,10.07719898223877,10.07719898223877,False,False,True,0.13629600405693054,hidden_slack_breakaway_pin_v2,0.19719931483268738,33.19656430905865,20.468124389648438,test|420067|0,False,5.734987735748291,420067
7.08580207824707,7.08580207824707,17.75869369506836,8.447346687316895,False,False,True,0.009169787168502808,free,0.1153993308544159,30.054416128704624,37.18570327758789,test|420068|0,False,3.0394320487976074,420068
7.677277088165283,4.923337459564209,10.211019515991211,9.16899299621582,False,False,True,0.009169787168502808,hidden_slack_breakaway_pin_v2,0.11468525230884552,23.26016080379486,28.233909606933594,test|420068|0,False,3.5773003101348877,420068
7.953381538391113,7.953381538391113,10.907618522644043,10.907618522644043,False,False,True,0.008580680005252361,free,0.08650143444538116,26.17468252201234,22.06526756286621,test|420070|0,False,2.6726133823394775,420070
6.906547546386719,6.906547546386719,13.43126106262207,13.43126106262207,False,False,True,0.008580680005252361,hidden_slack_breakaway_pin_v2,0.09298951923847198,27.60162734023986,13.43126106262207,test|420070|0,False,2.8353312015533447,420070
13.319072723388672,4.840603828430176,18.648937225341797,13.319072723388672,False,False,True,0.12091049551963806,free,0.03819417580962181,25.84322262242917,19.751869201660156,test|420071|0,False,4.9365692138671875,420071
11.5883207321167,11.5883207321167,17.81757926940918,11.5883207321167,False,False,True,0.12091049551963806,hidden_slack_breakaway_pin_v2,0.13141155242919922,27.005674134339056,23.38877296447754,test|420071|0,False,3.930406093597412,420071
13.073173522949219,12.43073844909668,13.073173522949219,13.073173522949219,False,False,True,0.04693995416164398,free,0.10745283216238022,25.36341041903342,13.073173522949219,test|420072|0,False,3.424300193786621,420072
6.024913787841797,6.024913787841797,11.989234924316406,11.989234924316406,False,False,True,0.04693995416164398,hidden_slack_breakaway_pin_v2,0.14065131545066833,28.18327975080859,19.868589401245117,test|420072|0,False,4.26843786239624,420072
7.252388000488281,7.252388000488281,16.503904342651367,7.252388000488281,False,False,True,0.02707994356751442,free,0.14857149124145508,27.94928382481298,29.27239227294922,test|420073|0,False,5.074488639831543,420073
9.8717041015625,9.158940315246582,22.589370727539062,21.466081619262695,False,False,True,0.02707994356751442,hidden_slack_breakaway_pin_v2,0.11434988677501678,32.76795411013788,66.25729370117188,test|420073|0,False,2.6244091987609863,420073
12.792744636535645,6.83514404296875,14.972856521606445,12.792744636535645,False,False,True,0.004880326800048351,free,0.09788907319307327,26.868399960379445,16.199533462524414,test|420074|0,False,5.075105667114258,420074
7.681685924530029,7.681685924530029,15.207389831542969,15.207389831542969,False,False,True,0.004880326800048351,hidden_slack_breakaway_pin_v2,0.10269332677125931,30.695328874934106,30.02737808227539,test|420074|0,False,7.721070289611816,420074
16.763416290283203,15.536172866821289,22.072023391723633,20.340436935424805,False,False,True,0.03277110680937767,free,0.08349931240081787,32.09923806498128,22.072023391723633,test|420076|0,False,5.366659641265869,420076
10.579663276672363,10.449576377868652,20.08173942565918,10.579663276672363,False,False,True,0.03277110680937767,hidden_slack_breakaway_pin_v2,0.18714118003845215,25.099777964815015,26.36841583251953,test|420076|0,False,8.81146240234375,420076
8.901884078979492,8.901884078979492,16.016590118408203,8.901884078979492,False,False,True,0.027304042130708694,free,0.11878395080566406,23.831505401480584,31.604726791381836,test|420078|0,False,6.362171173095703,420078
13.782537460327148,11.052164077758789,15.820528030395508,15.137460708618164,False,False,True,0.027304042130708694,hidden_slack_breakaway_pin_v2,0.16990356147289276,28.08789314858375,55.93524932861328,test|420078|0,False,3.4699020385742188,420078
15.955084800720215,6.848404884338379,18.379817962646484,15.955084800720215,False,False,True,0.0650763288140297,free,0.1925630271434784,30.543863348422512,60.01127243041992,test|420079|0,False,11.81522274017334,420079
9.57085132598877,9.57085132598877,24.725549697875977,12.329959869384766,False,False,True,0.0650763288140297,hidden_slack_breakaway_pin_v2,0.3236808776855469,27.030331984643013,39.78121566772461,test|420079|0,False,5.23567008972168,420079
13.95638370513916,5.7318806648254395,21.25299644470215,13.95638370513916,False,False,True,0.004900407046079636,free,0.043748512864112854,27.317075525560686,21.25299644470215,test|420080|0,False,5.137486457824707,420080
9.855615615844727,9.855615615844727,20.429346084594727,20.429346084594727,False,False,True,0.004900407046079636,hidden_slack_breakaway_pin_v2,0.045659277588129044,30.010917846233614,48.758914947509766,test|420080|0,False,4.63340425491333,420080
11.179732322692871,11.179732322692871,11.179732322692871,11.179732322692871,False,False,True,0.0036876555532217026,free,0.1348191499710083,34.767893404729904,11.179732322692871,test|420081|0,False,2.2952935695648193,420081
11.433876037597656,11.433876037597656,24.52315902709961,11.433876037597656,False,False,True,0.0036876555532217026,hidden_slack_breakaway_pin_v2,0.13664406538009644,33.301059796925514,73.93878173828125,test|420081|0,False,8.122008323669434,420081
11.696075439453125,7.539887428283691,16.92864418029785,11.696075439453125,False,False,True,0.007249339949339628,free,0.1992390751838684,24.046260857774364,25.10834312438965,test|420082|0,False,4.068158149719238,420082
6.167779922485352,6.167779922485352,6.167779922485352,6.167779922485352,False,False,True,0.007249339949339628,hidden_slack_breakaway_pin_v2,0.21017318964004517,28.695512593753875,17.815351486206055,test|420082|0,False,3.109377384185791,420082
13.524194717407227,13.524194717407227,14.495301246643066,14.495301246643066,False,False,True,0.07077862322330475,free,0.13693886995315552,26.8457158467462,37.75469207763672,test|420083|0,False,3.906892776489258,420083
11.632959365844727,10.523298263549805,18.30582046508789,18.30582046508789,False,False,True,0.07077862322330475,hidden_slack_breakaway_pin_v2,0.07275266945362091,31.570539237991458,44.42490005493164,test|420083|0,False,2.8075296878814697,420083
6.64613151550293,6.64613151550293,21.874242782592773,6.64613151550293,False,False,True,0.1156022846698761,free,0.07562610507011414,27.91234139377071,21.874242782592773,test|420084|0,False,2.7908260822296143,420084
11.074807167053223,11.074807167053223,11.315472602844238,11.315472602844238,False,False,True,0.1156022846698761,hidden_slack_breakaway_pin_v2,0.10492593795061111,27.282285769139566,11.315472602844238,test|420084|0,False,3.672461748123169,420084
11.290666580200195,11.290666580200195,12.293795585632324,12.293795585632324,False,False,True,0.005293559283018112,free,0.07558665424585342,32.52039897730273,12.293795585632324,test|420086|0,False,5.1807475090026855,420086
10.304291725158691,10.304291725158691,16.068443298339844,12.214698791503906,False,False,True,0.005293559283018112,hidden_slack_breakaway_pin_v2,0.07479941099882126,25.62601092746181,26.750629425048828,test|420086|0,False,5.262637138366699,420086
12.993814468383789,12.376936912536621,12.993814468383789,12.993814468383789,False,False,True,0.041400011628866196,free,0.10405710339546204,29.80991578486658,26.052722930908203,test|420087|0,False,6.47802734375,420087
6.115087509155273,6.115087509155273,18.995445251464844,8.895458221435547,False,False,True,0.041400011628866196,hidden_slack_breakaway_pin_v2,0.13639934360980988,27.114880123446063,46.963443756103516,test|420087|0,False,5.999472141265869,420087
6.0537896156311035,6.0537896156311035,16.527544021606445,11.996569633483887,False,False,True,0.08716151118278503,free,0.08944644033908844,25.772289413598276,16.527544021606445,test|420089|0,False,8.22457218170166,420089
13.334290504455566,10.117250442504883,13.334290504455566,13.334290504455566,False,False,True,0.08716151118278503,hidden_slack_breakaway_pin_v2,0.09105999767780304,37.165858853247855,27.9633731842041,test|420089|0,False,4.610445022583008,420089
7.1634745597839355,7.1634745597839355,7.1634745597839355,7.1634745597839355,False,False,True,0.004564844071865082,free,0.20327195525169373,34.13572035489544,52.420013427734375,test|420090|0,False,4.038104057312012,420090
9.95327091217041,9.95327091217041,13.319750785827637,12.353273391723633,False,False,True,0.004564844071865082,hidden_slack_breakaway_pin_v2,0.2044355869293213,25.538526035124256,26.504507064819336,test|420090|0,False,4.7597551345825195,420090
6.038257122039795,6.038257122039795,11.270040512084961,11.270040512084961,False,False,True,0.006973502226173878,free,0.08474808931350708,33.67138562375499,39.83894729614258,test|420091|0,False,5.243980884552002,420091
13.858302116394043,6.220619201660156,16.435415267944336,13.858302116394043,False,False,True,0.006973502226173878,hidden_slack_breakaway_pin_v2,0.07833414524793625,37.2515354243017,47.89546203613281,test|420091|0,False,4.198426723480225,420091
13.02103042602539,12.860642433166504,13.02103042602539,13.02103042602539,False,False,True,0.03581511974334717,free,0.06563777476549149,26.349314351235666,29.7103214263916,test|420092|0,False,5.293580055236816,420092
13.130623817443848,7.161840438842773,25.54404067993164,19.82929229736328,False,False,True,0.03581511974334717,hidden_slack_breakaway_pin_v2,0.04810529574751854,33.39710398739384,34.26567077636719,test|420092|0,False,10.194906234741211,420092
9.851423263549805,9.851423263549805,19.94053840637207,9.851423263549805,False,False,True,0.0038733109831809998,free,0.07396847754716873,32.54212491166207,19.94053840637207,test|420094|0,False,4.876933574676514,420094
13.287524223327637,13.287524223327637,13.664793014526367,13.664793014526367,False,False,True,0.0038733109831809998,hidden_slack_breakaway_pin_v2,0.07293190062046051,28.24444806575775,13.664793014526367,test|420094|0,False,4.748326301574707,420094
6.664397239685059,6.664397239685059,32.25058364868164,21.31298065185547,False,False,True,0.006058496423065662,free,0.13147377967834473,28.392863778337354,32.25058364868164,test|420095|0,False,7.312050819396973,420095
8.450992584228516,8.450992584228516,9.299274444580078,8.450992584228516,False,False,True,0.006058496423065662,hidden_slack_breakaway_pin_v2,0.13612058758735657,28.80878014045377,9.992785453796387,test|420095|0,False,1.8739861249923706,420095
10.27851676940918,10.27851676940918,12.973148345947266,12.973148345947266,False,False,True,0.10987918078899384,free,0.060347653925418854,27.847872144752934,29.59699821472168,test|420096|0,False,4.004011631011963,420096
5.844911098480225,5.844911098480225,15.654868125915527,7.942691326141357,False,False,True,0.10987918078899384,hidden_slack_breakaway_pin_v2,0.0763334333896637,23.55078306505757,15.654868125915527,test|420096|0,False,8.1021728515625,420096
13.553590774536133,6.887679100036621,16.98118782043457,16.03911781311035,False,False,True,0.10094641149044037,free,0.11575977504253387,26.235722507199934,16.98118782043457,test|420097|0,False,1.7817308902740479,420097
9.642257690429688,9.642257690429688,13.938633918762207,13.938633918762207,False,False,True,0.10094641149044037,hidden_slack_breakaway_pin_v2,0.044833507388830185,27.787122933133954,15.512791633605957,test|420097|0,False,5.78073787689209,420097
15.183263778686523,9.722818374633789,22.07375144958496,15.855648040771484,False,False,True,0.0043669696897268295,free,0.12099387496709824,33.92030100380221,64.2283706665039,test|420098|0,False,6.006635665893555,420098
8.296897888183594,8.296897888183594,15.825963020324707,8.296897888183594,False,False,True,0.0043669696897268295,hidden_slack_breakaway_pin_v2,0.12103429436683655,27.66123007958935,37.77376174926758,test|420098|0,False,2.184896945953369,420098
7.255004405975342,7.255004405975342,22.726573944091797,10.333600997924805,False,False,True,0.004399711731821299,free,0.06298341602087021,27.3965168403041,34.09624481201172,test|420100|0,False,3.6304876804351807,420100
12.808557510375977,8.440423011779785,12.808557510375977,12.808557510375977,False,False,True,0.004399711731821299,hidden_slack_breakaway_pin_v2,0.06452972441911697,32.48302723227009,17.498682022094727,test|420100|0,False,4.041250228881836,420100
9.022335052490234,9.022335052490234,23.02521514892578,9.022335052490234,False,False,True,0.003329044673591852,free,0.17809122800827026,26.54353397796231,25.985551834106445,test|420101|0,False,8.636916160583496,420101
12.480058670043945,9.217909812927246,14.920305252075195,14.920305252075195,False,False,True,0.003329044673591852,hidden_slack_breakaway_pin_v2,0.1778102070093155,28.219756812818588,35.720096588134766,test|420101|0,False,2.6543478965759277,420101
13.010912895202637,8.208261489868164,13.010912895202637,13.010912895202637,False,False,True,0.004147645086050034,free,0.1721121072769165,30.408497225853704,17.823837280273438,test|420103|0,False,5.137043476104736,420103
9.254718780517578,6.055910110473633,11.639798164367676,11.639798164367676,False,False,True,0.004147645086050034,hidden_slack_breakaway_pin_v2,0.1695026159286499,28.65491238572905,13.786900520324707,test|420103|0,False,3.8860437870025635,420103
5.465457439422607,5.465457439422607,18.71666717529297,5.465457439422607,False,False,True,0.011987928301095963,free,0.05223861336708069,30.61110211476203,28.303970336914062,test|420105|0,False,9.197446823120117,420105
10.419347763061523,10.419347763061523,10.419347763061523,10.419347763061523,False,False,True,0.011987928301095963,hidden_slack_breakaway_pin_v2,0.05283785238862038,29.394234312157476,14.05550479888916,test|420105|0,False,4.302063941955566,420105
13.783491134643555,6.431382179260254,15.013948440551758,13.783491134643555,False,False,True,0.11134165525436401,free,0.061553679406642914,28.9217572495822,15.013948440551758,test|420106|0,False,4.268783092498779,420106
12.164803504943848,8.201543807983398,17.905559539794922,17.905559539794922,False,False,True,0.11134165525436401,hidden_slack_breakaway_pin_v2,0.16670435667037964,31.177719737252882,19.032543182373047,test|420106|0,False,3.1743032932281494,420106
8.702260971069336,8.702260971069336,14.096878051757812,8.702260971069336,False,False,True,0.004119211807847023,free,0.11114999651908875,25.875351881788625,14.096878051757812,test|420107|0,False,4.001560211181641,420107
6.469233512878418,6.469233512878418,6.941510200500488,6.941510200500488,False,False,True,0.004119211807847023,hidden_slack_breakaway_pin_v2,0.1079510748386383,28.156418031261815,6.941510200500488,test|420107|0,False,2.1064398288726807,420107
8.06866455078125,8.06866455078125,16.141735076904297,16.141735076904297,False,False,True,0.015452840365469456,free,0.12733323872089386,34.52093010564004,29.626352310180664,test|420108|0,False,11.026561737060547,420108
13.496443748474121,8.044382095336914,26.186325073242188,18.229949951171875,False,False,True,0.015452840365469456,hidden_slack_breakaway_pin_v2,0.1233460009098053,28.56966257479883,35.5197639465332,test|420108|0,False,5.638557434082031,420108
9.349186897277832,9.349186897277832,16.919376373291016,9.349186897277832,False,False,True,0.00907834805548191,free,0.08462344110012054,30.14474120736122,39.9888801574707,test|420109|0,False,3.94877290725708,420109
10.024055480957031,10.024055480957031,10.658150672912598,10.658150672912598,False,False,True,0.00907834805548191,hidden_slack_breakaway_pin_v2,0.08956800401210785,27.57789476360044,13.45711612701416,test|420109|0,False,4.199097633361816,420109
9.435287475585938,6.774404048919678,18.075029373168945,16.19651985168457,False,False,True,0.008913852274417877,free,0.05995750054717064,32.47325691292363,37.611083984375,test|420110|0,False,2.729889154434204,420110
10.8800687789917,10.8800687789917,16.19554328918457,10.8800687789917,False,False,True,0.008913852274417877,hidden_slack_breakaway_pin_v2,0.05727356672286987,29.796029613864036,37.224639892578125,test|420110|0,False,4.36122465133667,420110
18.536209106445312,7.224538326263428,19.897188186645508,19.897188186645508,False,False,True,0.0061018215492367744,free,0.0465473048388958,31.370333638883405,24.853303909301758,test|420111|0,False,3.3487977981567383,420111
12.663041114807129,12.663041114807129,22.49740219116211,21.152875900268555,False,False,True,0.0061018215492367744,hidden_slack_breakaway_pin_v2,0.04984898120164871,28.836403507859476,38.5930061340332,test|420111|0,False,4.1808319091796875,420111
13.065540313720703,7.260961055755615,13.631464958190918,13.631464958190918,False,False,True,0.006664596498012543,free,0.20809771120548248,31.209139680670155,19.824419021606445,test|420112|0,False,1.5670156478881836,420112
12.45600414276123,8.032024383544922,12.45600414276123,12.45600414276123,False,False,True,0.006664596498012543,hidden_slack_breakaway_pin_v2,0.21220499277114868,29.015537430201807,28.953563690185547,test|420112|0,False,2.6736629009246826,420112
10.174999237060547,10.174999237060547,13.039706230163574,11.517505645751953,False,False,True,0.00920965988188982,free,0.08789820969104767,30.522425512152335,49.003868103027344,test|420113|0,False,4.081057548522949,420113
10.242247581481934,10.242247581481934,12.332772254943848,12.332772254943848,False,False,True,0.00920965988188982,hidden_slack_breakaway_pin_v2,0.08052919805049896,31.165089501969277,27.90041732788086,test|420113|0,False,4.483692169189453,420113
7.387538433074951,5.1664228439331055,18.900615692138672,18.900615692138672,False,False,True,0.09992744028568268,free,0.0689522922039032,31.98964366989751,23.215185165405273,test|420114|0,False,4.276637077331543,420114
6.9633026123046875,6.9633026123046875,9.735989570617676,6.9633026123046875,False,False,True,0.09992744028568268,hidden_slack_breakaway_pin_v2,0.08480462431907654,23.435468435287476,20.987972259521484,test|420114|0,False,2.227945566177368,420114
11.33902359008789,11.33902359008789,13.226844787597656,13.226844787597656,False,False,True,0.008130654692649841,free,0.1177731528878212,27.89681558551327,17.057310104370117,test|420115|0,False,2.7334187030792236,420115
13.8453950881958,9.413460731506348,21.52761459350586,15.483375549316406,False,False,True,0.008130654692649841,hidden_slack_breakaway_pin_v2,0.12275737524032593,25.213037312992157,21.52761459350586,test|420115|0,False,10.041831970214844,420115
12.133551597595215,12.133551597595215,19.924854278564453,13.217472076416016,False,False,True,0.0062202150002121925,free,0.08993885666131973,31.670178285529538,58.8233757019043,test|420116|0,False,3.7632527351379395,420116
11.25718879699707,11.160074234008789,19.77847671508789,11.25718879699707,False,False,True,0.0062202150002121925,hidden_slack_breakaway_pin_v2,0.092787966132164,33.052933857325584,31.422880172729492,test|420116|0,False,2.667022943496704,420116
15.45810317993164,15.261560440063477,15.45810317993164,15.45810317993164,False,False,True,0.0036396984942257404,free,0.08643636852502823,33.16678977108771,26.738317489624023,test|420117|0,False,3.5215985774993896,420117
5.061906337738037,5.061906337738037,13.101277351379395,5.061906337738037,False,False,True,0.0036396984942257404,hidden_slack_breakaway_pin_v2,0.08761733025312424,27.756454177441135,21.496685028076172,test|420117|0,False,3.50048565864563,420117
10.107110023498535,8.848099708557129,10.107110023498535,10.107110023498535,False,False,True,0.0045621395111083984,free,0.07790184020996094,25.309491175797678,27.132579803466797,test|420118|0,False,10.963132858276367,420118
10.935375213623047,7.401232719421387,14.095556259155273,10.935375213623047,False,False,True,0.0045621395111083984,hidden_slack_breakaway_pin_v2,0.07949882745742798,27.899067065408154,30.817712783813477,test|420118|0,False,7.827452659606934,420118
13.496432304382324,7.5535101890563965,19.660743713378906,19.660743713378906,False,False,True,0.004637620877474546,free,0.1252450793981552,29.274362180502184,19.660743713378906,test|420119|0,False,3.0076074600219727,420119
13.283315658569336,6.264493942260742,22.927515029907227,13.283315658569336,False,False,True,0.004637620877474546,hidden_slack_breakaway_pin_v2,0.12414802610874176,28.79822380408164,22.927515029907227,test|420119|0,False,3.7532193660736084,420119
10.419390678405762,8.095868110656738,18.814132690429688,17.4899845123291,False,False,True,0.0030409952159971,free,0.07211719453334808,25.496424455796518,20.168569564819336,test|420121|0,False,1.6292777061462402,420121
9.692856788635254,9.241276741027832,12.722712516784668,10.502415657043457,False,False,True,0.0030409952159971,hidden_slack_breakaway_pin_v2,0.07176221162080765,24.767110037226832,12.722712516784668,test|420121|0,False,3.88468599319458,420121
6.279190540313721,6.279190540313721,19.39617347717285,12.260518074035645,False,False,True,0.04840410500764847,free,0.08509713411331177,28.64863884449005,22.9242000579834,test|420122|0,False,2.611551523208618,420122
8.453340530395508,7.569871425628662,16.254756927490234,8.453340530395508,False,False,True,0.04840410500764847,hidden_slack_breakaway_pin_v2,0.08339671790599823,25.603454891712435,24.308244705200195,test|420122|0,False,3.1805999279022217,420122
12.454998016357422,10.55396842956543,12.476593971252441,12.476593971252441,False,False,True,0.04832642897963524,free,0.23878097534179688,21.769496084220947,29.056987762451172,test|420123|0,False,1.870084285736084,420123
9.030375480651855,9.030375480651855,9.83827018737793,9.83827018737793,False,False,True,0.04832642897963524,hidden_slack_breakaway_pin_v2,0.18214957416057587,29.581942545790827,9.83827018737793,test|420123|0,False,7.466244697570801,420123
10.023316383361816,10.023316383361816,10.023316383361816,10.023316383361816,False,False,True,0.04984664171934128,free,0.0476875901222229,26.188677249416227,30.053531646728516,test|420124|0,False,2.9749536514282227,420124
12.068214416503906,7.927623748779297,16.419687271118164,16.419687271118164,False,False,True,0.04984664171934128,hidden_slack_breakaway_pin_v2,0.06905235350131989,31.220781309950738,16.419687271118164,test|420124|0,False,2.395686626434326,420124
10.542585372924805,9.219144821166992,12.849149703979492,12.849149703979492,False,False,True,0.006769991479814053,free,0.21540480852127075,25.028421909578384,22.232786178588867,test|420125|0,False,4.22849702835083,420125
11.755426406860352,11.436585426330566,11.755426406860352,11.755426406860352,False,False,True,0.006769991479814053,hidden_slack_breakaway_pin_v2,0.21127402782440186,34.59730021319082,23.30868911743164,test|420125|0,False,3.516235828399658,420125
7.468944072723389,7.468944072723389,17.10043716430664,14.901002883911133,False,False,True,0.056335851550102234,free,0.03503798693418503,26.864701330661774,25.9049015045166,test|420126|0,False,4.432618618011475,420126
11.512125015258789,11.512125015258789,17.55994415283203,11.512125015258789,False,False,True,0.056335851550102234,hidden_slack_breakaway_pin_v2,0.07323755323886871,31.060788993873903,36.95081329345703,test|420126|0,False,5.240466117858887,420126
5.841420650482178,5.841420650482178,20.04715347290039,6.715076446533203,False,False,True,0.06289160996675491,free,0.0676456019282341,28.492105409983665,44.582237243652344,test|420127|0,False,4.024326801300049,420127
9.888411521911621,6.104537487030029,26.537979125976562,20.93670082092285,False,False,True,0.06289160996675491,hidden_slack_breakaway_pin_v2,0.09641486406326294,30.579101459633918,33.684669494628906,test|420127|0,False,8.90829849243164,420127
