bad_segment_constraint_count_max,bad_segment_constraint_count_mean,bad_segment_constraint_count_p50,bad_segment_constraint_count_p90,bad_segment_constraint_count_p95,bad_segment_constraint_count_p99,chain_family_failure_rate,chain_family_score_max,chain_family_score_mean,chain_family_score_p50,chain_family_score_p90,chain_family_score_p95,chain_family_score_p99,chain_ratio_target_max,chain_ratio_target_mean,chain_ratio_target_p50,chain_ratio_target_p90,chain_ratio_target_p95,chain_ratio_target_p99,config,coordinate_failure_rate,edge_vector_rmse_max,edge_vector_rmse_mean,edge_vector_rmse_p50,edge_vector_rmse_p90,edge_vector_rmse_p95,edge_vector_rmse_p99,failed_category_count_max,failed_category_count_mean,failed_category_count_p50,failed_category_count_p90,failed_category_count_p95,failed_category_count_p99,final_ordered_rmse_max,final_ordered_rmse_mean,final_ordered_rmse_p50,final_ordered_rmse_p90,final_ordered_rmse_p95,final_ordered_rmse_p99,gross_compression_fraction_center,gross_stretch_fraction_center,quaternion_failure_rate,quaternion_norm_max,quaternion_norm_mean,quaternion_norm_p50,quaternion_norm_p90,quaternion_norm_p95,quaternion_norm_p99,query_count,query_has_valid_candidate_rate,sample_count,sample_validity_rate,segment_element_score_max,segment_element_score_mean,segment_element_score_p50,segment_element_score_p90,segment_element_score_p95,segment_element_score_p99,segment_family_failure_rate,segment_family_score_max,segment_family_score_mean,segment_family_score_p50,segment_family_score_p90,segment_family_score_p95,segment_family_score_p99,segment_ratio_center_max,segment_ratio_center_mean,segment_ratio_center_p50,segment_ratio_center_p90,segment_ratio_center_p95,segment_ratio_center_p99,segment_ratio_target_max,segment_ratio_target_mean,segment_ratio_target_p50,segment_ratio_target_p90,segment_ratio_target_p95,segment_ratio_target_p99,start_mode,timestep,trajectory_ordered_rmse_max,trajectory_ordered_rmse_mean,trajectory_ordered_rmse_p50,trajectory_ordered_rmse_p90,trajectory_ordered_rmse_p95,trajectory_ordered_rmse_p99
47.0,19.625,18.5,26.5,32.0,43.99999999999999,1.0,1277.38671875,487.3781523704529,461.7689666748047,703.2728576660156,900.4845733642578,1202.0062896728514,2.3554913997650146,1.3859732309356332,1.3676104545593262,1.7027047157287598,2.066467386484145,2.3422721219062805,v_baseline_replay,0.0,0.02703465335071087,0.018528494925703853,0.018375257961452007,0.020687553100287914,0.022562046069651842,0.026140131894499062,2.0,2.0,2.0,2.0,2.0,2.0,0.28358274698257446,0.15686285286210477,0.1473163664340973,0.21813730150461197,0.25656533613801,0.27817926481366156,0.036684782608695655,0.008831521739130434,0.0,1.0,1.0,1.0,1.0,1.0,1.0,16,0.0,16,0.0,944.406982421875,98.05061297430454,72.34272003173828,225.95617065429687,287.09962158203126,414.124461364746,1.0,944.406982421875,419.20588302612305,394.8030700683594,545.0259704589844,668.4803161621094,889.2216491699218,7.6780219078063965,1.3744889819417554,1.192244052886963,2.597395491600037,3.0295770525932313,3.9273295831680293,7.674627780914307,1.390761804101361,1.2058432698249817,2.637309861183168,3.040865468978882,4.138525743484494,truth_noised,99,0.2793874740600586,0.15335466712713242,0.1440318450331688,0.215622216463089,0.25412632897496223,0.2743352450430393
2.0,0.5,0.0,1.5,2.0,2.0,1.0,618.300048828125,391.37579679489136,414.10345458984375,599.0053100585938,617.5831451416016,618.1566680908203,1.0820504426956177,0.6680285395123065,0.6118600964546204,0.9348453402519226,1.0524805217981335,1.0810687863826751,v_baseline_replay,0.0,0.01605241186916828,0.01251051778672263,0.01214905921369791,0.013900102581828833,0.01450092508457601,0.015742114512249827,2.0,1.375,1.0,2.0,2.0,2.0,0.2870146632194519,0.16213131556287408,0.15832813829183578,0.2198067158460617,0.24685364589095116,0.27898245975375174,0.11888586956521739,0.0,0.0,1.0,1.0,1.0,1.0,1.0,1.0,16,0.0,16,0.0,204.4161834716797,63.969313882483654,63.25590515136719,111.58782424926758,120.78670082092286,134.36969818115233,0.375,204.4161834716797,146.44171047210693,137.72154235839844,180.45425415039062,203.81790924072266,204.2965286254883,2.4452974796295166,0.6628486849975003,0.5846722722053528,1.193798112869263,1.4202005922794343,1.9077464759349818,2.4461417198181152,0.6715391652276436,0.5905791819095612,1.2091466188430795,1.456390541791916,1.9664570200443263,truth_noised,90,0.28038376569747925,0.15749892685562372,0.15315309911966324,0.21314585953950882,0.24361205473542213,0.2730294235050678
5.0,1.3125,1.0,3.0,4.25,4.85,0.875,377.9861755371094,238.1510465145111,277.31492614746094,363.3680419921875,369.8364028930664,376.3562210083008,1.332370400428772,0.9372799079865217,0.9512145221233368,1.2686756372451782,1.3007065832614897,1.3315747714042663,v_baseline_replay,0.0,0.019322726875543594,0.014932891819626093,0.014696238562464714,0.017602582462131977,0.01807973114773631,0.019074127729982137,2.0,1.5,2.0,2.0,2.0,2.0,0.31851810216903687,0.18841717205941677,0.18368519097566605,0.2756251096725464,0.2872174382209778,0.312257969379425,0.036684782608695655,0.0,0.0,1.0,1.0,1.0,1.0,1.0,1.0,16,0.125,16,0.125,250.86920166015625,50.77770432477574,44.753902435302734,103.18376388549805,115.94862594604494,143.67231338500974,0.625,250.86920166015625,164.5187487602234,149.41209411621094,231.14868927001953,250.7793426513672,250.85122985839843,2.7738490104675293,0.9296901071388477,0.8833380341529846,1.5086912393569947,1.7623518228530886,2.0154607772827147,3.913562297821045,0.9419776510052464,0.8916512131690979,1.5379351258277894,1.7891064465045934,2.1609796452522274,truth_noised,75,0.30991554260253906,0.18394745094701648,0.1855156123638153,0.2608409970998764,0.27390599250793457,0.30271363258361816
3.0,1.375,1.0,2.5,3.0,3.0,0.875,302.37396240234375,169.99178218841553,151.03480529785156,283.8090515136719,300.51727294921875,302.00262451171875,1.2090747356414795,1.0038649002090096,1.03511643409729,1.1168449878692628,1.1604682505130768,1.206730581521988,v_baseline_replay,0.0,0.018657099455595016,0.015610983304213732,0.015232082456350327,0.018272104673087597,0.018600921146571636,0.01864586379379034,2.0,1.75,2.0,2.0,2.0,2.0,0.3219126760959625,0.19614980276674032,0.19380739331245422,0.28773488104343414,0.2969648912549019,0.3169231191277504,0.022418478260869564,0.0,0.0,1.0,1.0,1.0,1.0,1.0,1.0,16,0.0,16,0.0,228.6676025390625,45.88135542582882,38.79550552368164,93.78803787231449,112.66916694641114,153.61559326171866,0.875,228.6676025390625,162.09204816818237,160.5166473388672,214.76596069335938,227.5426368713379,228.44260940551757,2.6167640686035156,0.9953087539786635,0.9478470087051392,1.5629628181457529,1.7171150982379915,2.0859609842300406,4.7133355140686035,1.0097088716752098,0.9590884149074554,1.599122250080109,1.749438548088074,2.1525388932228084,truth_noised,50,0.30988800525665283,0.19005125854164362,0.19081997126340866,0.27237769961357117,0.28433042019605637,0.3047764882445335
5.0,2.375,2.5,4.5,5.0,5.0,0.875,269.5489501953125,165.93260169029236,163.2793426513672,247.00962829589844,264.2197799682617,268.48311614990234,1.2128510475158691,1.0232040593400598,1.0403062105178833,1.1886065125465393,1.195055651664734,1.2105274713039398,v_baseline_replay,0.0,0.018078144639730453,0.015863918757531792,0.015827374532818794,0.01793927699327469,0.018051152117550373,0.018072746135294436,2.0,1.625,2.0,2.0,2.0,2.0,0.3202356994152069,0.19476421223953366,0.19820182770490646,0.28195883333683014,0.29230067133903503,0.3146486937999725,0.027853260869565216,0.0,0.0,1.0,1.0,1.0,1.0,1.0,1.0,16,0.0,16,0.0,280.5229797363281,50.16397363313919,42.75619316101074,103.9961967468262,124.95455207824708,168.52410293579095,0.75,280.5229797363281,186.8253574371338,180.85269165039062,255.9735107421875,274.0828857421875,279.2349609375,2.9836478233337402,1.014342751021183,0.9621977806091309,1.6070105791091922,1.8706988394260409,2.1911516475677484,3.2752292156219482,1.027098208116671,0.9680237174034119,1.6370916604995727,1.8871958136558533,2.411675000190734,truth_noised,25,0.3084237575531006,0.18876686412841082,0.19202694296836853,0.2670733630657196,0.27988458424806595,0.30271592289209365
7.0,3.3125,3.0,7.0,7.0,7.0,1.0,252.49649047851562,184.52696704864502,192.14915466308594,250.34877014160156,251.11286544799805,252.21976547241212,1.262123465538025,1.0568726686760783,1.0696490406990051,1.2246373772621155,1.2537574350833893,1.261579953432083,v_baseline_replay,0.0,0.01821715757250786,0.016141528030857444,0.01615357492119074,0.018193633295595646,0.018200578168034554,0.0182138416916132,2.0,2.0,2.0,2.0,2.0,2.0,0.319286048412323,0.19423878751695156,0.19876699149608612,0.28019560873508453,0.2907625660300255,0.3135813519358635,0.020380434782608696,0.0,0.0,1.0,1.0,1.0,1.0,1.0,1.0,16,0.0,16,0.0,323.5019836425781,52.92484888901084,42.33556365966797,111.66286163330079,131.95556945800783,187.25515594482414,1.0,323.5019836425781,217.3033218383789,193.86691284179688,292.0998229980469,316.8197555541992,322.16553802490233,3.287562847137451,1.0477201800955378,0.9910645186901093,1.7091838836669924,1.9221019327640534,2.3240157914161674,3.5166494846343994,1.0611343216834306,0.9966649413108826,1.7470237851142887,1.9516156375408173,2.612594797611234,truth_noised,10,0.30782753229141235,0.18852611351758242,0.19226188957691193,0.2653699368238449,0.2784298285841942,0.3019479915499687
7.0,4.25,5.0,6.5,7.0,7.0,0.875,296.3500671386719,206.54543828964233,230.91746520996094,281.5041961669922,291.4325637817383,295.36656646728517,1.3133864402770996,1.067785605788231,1.0585891008377075,1.2490241050720214,1.2951665818691254,1.3071405947208403,v_baseline_replay,0.0,0.01858046092092991,0.01626518851844594,0.016305974684655666,0.018155796453356743,0.01828373596072197,0.01852111592888832,2.0,1.875,2.0,2.0,2.0,2.0,0.3190850615501404,0.19417960662394762,0.19940564036369324,0.2797873169183731,0.2904120683670044,0.31335046291351315,0.01970108695652174,0.0,0.0,1.0,1.0,1.0,1.0,1.0,1.0,16,0.0,16,0.0,367.6474914550781,53.70839723992243,42.98476982116699,112.44946365356446,140.0620185852051,213.09066207885735,1.0,367.6474914550781,236.0534610748291,226.4353485107422,322.418701171875,360.3094711303711,366.17988739013674,3.599726676940918,1.058602907127984,0.9922970533370972,1.7290432691574107,1.9900346457958222,2.506810252666473,3.6004867553710938,1.0716860603930873,0.9955427646636963,1.7512688398361211,2.0030190169811255,2.6715981912612863,truth_noised,0,0.30775386095046997,0.18857314810156822,0.1924957036972046,0.26501721143722534,0.27814336866140366,0.3018317624926567
47.0,19.625,18.5,26.5,32.0,43.99999999999999,1.0,1277.633056640625,487.08415365219116,462.0236511230469,703.3197326660156,900.5865325927734,1202.2237518310544,2.3553853034973145,1.3857290530577302,1.36652672290802,1.7027518630027771,2.0661983370780934,2.342395086288452,v_baseline_replay,0.0,0.027034567669034004,0.018527247186284512,0.018380907364189625,0.02068617194890976,0.022562948055565357,0.02614024374634027,2.0,2.0,2.0,2.0,2.0,2.0,0.28374379873275757,0.15694975410588086,0.1474812552332878,0.21822671592235565,0.25667353719472885,0.2783297464251518,0.036684782608695655,0.008831521739130434,0.0,1.0,1.0,1.0,1.0,1.0,1.0,16,0.0,16,0.0,944.5222778320312,98.01789473337324,72.44392013549805,225.98984985351566,287.1762222290039,414.14161041259763,1.0,944.5222778320312,418.90435791015625,394.6130065917969,542.6308898925781,668.3811492919922,889.2940521240233,7.678836822509766,1.374245832798213,1.1928540468215942,2.597631716728211,3.030118632316589,3.9274507641792296,7.675442695617676,1.3905201682608332,1.2059157490730286,2.639521741867067,3.0418819904327394,4.138375797271726,pure_noise,99,0.27954453229904175,0.15344394114799798,0.14414718002080917,0.21570894867181778,0.2542337663471699,0.27448237910866735
2.0,0.5,0.0,1.5,2.0,2.0,1.0,618.300048828125,391.37017822265625,414.09959411621094,599.0010070800781,617.5838775634766,618.1568145751953,1.0820518732070923,0.6680359281599522,0.6118804216384888,0.9348649322986603,1.0524980187416073,1.0810855376720427,v_baseline_replay,0.0,0.016052713617682457,0.012510610104072839,0.012149115558713675,0.013900306075811386,0.014501151395961642,0.015742401173338295,2.0,1.375,1.0,2.0,2.0,2.0,0.28702396154403687,0.16213632142171264,0.15833301097154617,0.21981628239154816,0.24686066433787346,0.27899130210280415,0.11888586956521739,0.0,0.0,1.0,1.0,1.0,1.0,1.0,1.0,16,0.0,16,0.0,204.4153594970703,63.968974599523634,63.25265693664551,111.58696746826172,120.78720893859864,134.36733825683592,0.375,204.4153594970703,146.4426670074463,137.7219696044922,180.4560317993164,203.81642150878906,204.29557189941406,2.445291757583618,0.6628560239408651,0.5846734046936035,1.1938026905059818,1.4202241063117982,1.9077313983440394,2.4461283683776855,0.6715465782263377,0.5905774235725403,1.209218358993531,1.4564440846443178,1.9664977931976313,pure_noise,90,0.2803928256034851,0.1575038186274469,0.15315784513950348,0.21315547823905945,0.24361898005008698,0.27303805649280544
5.0,1.3125,1.0,3.0,4.25,4.85,0.875,377.999755859375,238.1537744998932,277.3044128417969,363.3710174560547,369.8460693359375,376.3690185546875,1.3323941230773926,0.937291462905705,0.9512323141098022,1.2686938643455505,1.3007054030895233,1.3315992450714111,v_baseline_replay,0.0,0.019322894513607025,0.014932999678421766,0.01469623064622283,0.017602775245904922,0.01807991275563836,0.01907429816201329,2.0,1.5,2.0,2.0,2.0,2.0,0.318525105714798,0.18842467200011015,0.1837022677063942,0.2756499648094177,0.28723691403865814,0.31226746737957,0.036684782608695655,0.0,0.0,1.0,1.0,1.0,1.0,1.0,1.0,16,0.125,16,0.125,250.87843322753906,50.77793708653189,44.76731300354004,103.18297424316407,115.94652442932131,143.6743730163574,0.625,250.87843322753906,164.52203559875488,149.41297912597656,231.16197204589844,250.78886032104492,250.86051864624022,2.773914337158203,0.9297015902626774,0.8833718299865723,1.5086867690086365,1.7623686611652376,2.015475471019745,3.9136409759521484,0.9419891377910972,0.891642302274704,1.5379583954811098,1.7891143143177037,2.1609343481063843,pure_noise,75,0.3099227547645569,0.1839547329582274,0.18552662432193756,0.2608562260866165,0.2739267945289612,0.3027235627174377
3.0,1.375,1.0,2.5,3.0,3.0,0.875,302.3216247558594,169.9841115474701,151.0341033935547,283.781494140625,300.46065521240234,301.94943084716795,1.2090777158737183,1.003869921900332,1.0351110696792603,1.116845679283142,1.1604758858680726,1.206733261346817,v_baseline_replay,0.0,0.018657153472304344,0.015610960661433637,0.01523192971944809,0.018272165209054947,0.018600970972329378,0.01864591697230935,2.0,1.75,2.0,2.0,2.0,2.0,0.3219206929206848,0.19615584798157215,0.1938275843858719,0.28774936497211456,0.29697706550359726,0.3169319674372673,0.022418478260869564,0.0,0.0,1.0,1.0,1.0,1.0,1.0,1.0,16,0.0,16,0.0,228.66641235351562,45.88114730255557,38.79281806945801,93.77984619140628,112.6591091156006,153.61590713500968,0.875,228.66641235351562,162.09837579727173,160.51927947998047,214.7772674560547,227.52801132202148,228.4387321472168,2.616755485534668,0.9953137190364625,0.9478318989276886,1.5629881262779246,1.7171259045600893,2.0859632134437556,4.713328838348389,1.0097135891884808,0.9591779112815857,1.599121701717377,1.749403411149979,2.1525972986221307,pure_noise,50,0.3098961114883423,0.19005694286897779,0.190831758081913,0.27239060401916504,0.28434279561042786,0.3047854483127594
5.0,2.375,2.5,4.5,5.0,5.0,0.875,269.5533142089844,165.9155457019806,163.20733642578125,247.01747131347656,264.22796630859375,268.4882446289063,1.2128567695617676,1.0232151206582785,1.0403202176094055,1.1886420130729676,1.1951085925102234,1.210533118247986,v_baseline_replay,0.0,0.018078189343214035,0.015863927197642624,0.015827292576432228,0.01793933752924204,0.01805119402706623,0.018072790279984475,2.0,1.625,2.0,2.0,2.0,2.0,0.3202430009841919,0.19476953009143472,0.19822148233652115,0.28196920454502106,0.2923096939921379,0.3146563395857811,0.027853260869565216,0.0,0.0,1.0,1.0,1.0,1.0,1.0,1.0,16,0.0,16,0.0,280.6112060546875,50.16468407171171,42.750566482543945,103.99517517089846,124.95502319335938,168.52590911865227,0.75,280.6112060546875,186.83603954315186,180.85145568847656,256.01551818847656,274.16351318359375,279.32166748046876,2.98427152633667,1.0143537765062596,0.9622069895267487,1.6069841265678408,1.8707026720046998,2.19116443157196,3.275038242340088,1.0271091822942253,0.9680112898349762,1.637074673175812,1.8871648848056795,2.4116645526885976,pure_noise,25,0.3084311783313751,0.18877186998724937,0.19203775376081467,0.2670823484659195,0.2798936814069748,0.30272367894649505
7.0,3.3125,3.0,7.0,7.0,7.0,1.0,252.50149536132812,184.53236436843872,192.16516876220703,250.35746002197266,251.11924362182617,252.22504501342775,1.262204647064209,1.0568837830796838,1.0696532726287842,1.2246418118476867,1.2537698209285737,1.2616179513931274,v_baseline_replay,0.0,0.018217245116829872,0.01614154886920005,0.016153501346707344,0.018193677999079227,0.01820063218474388,0.018213922530412673,2.0,2.0,2.0,2.0,2.0,2.0,0.31929343938827515,0.1942440290004015,0.1987866461277008,0.2802054136991501,0.2907711863517761,0.31358898878097535,0.020380434782608696,0.0,0.0,1.0,1.0,1.0,1.0,1.0,1.0,16,0.0,16,0.0,323.58349609375,52.92655426331634,42.34335136413574,111.67139434814455,131.95411682128906,187.23478820800773,1.0,323.58349609375,217.31075477600098,193.86065673828125,292.1397247314453,316.8942413330078,322.2456451416016,3.2881393432617188,1.0477312688396878,0.9910429120063782,1.7091679215431215,1.9221699535846712,2.323871836662292,3.5164635181427,1.0611454381774503,0.9966688752174377,1.746970081329346,1.9515793263912202,2.612601311206815,pure_noise,10,0.30783510208129883,0.18853108724579215,0.19227267056703568,0.2653786987066269,0.2784387841820717,0.3019558385014534
7.0,4.25,5.0,6.5,7.0,7.0,0.875,296.3657531738281,206.55275750160217,230.9500503540039,281.51348876953125,291.45177459716797,295.3829574584961,1.313470721244812,1.0677966084331274,1.058587908744812,1.2490252733230591,1.2951809942722319,1.3071838700771332,v_baseline_replay,0.0,0.01858055219054222,0.016265212616417557,0.01630590669810772,0.01815584022551775,0.01828378951177001,0.018521199654787778,2.0,1.875,2.0,2.0,2.0,2.0,0.31909245252609253,0.19418480666354299,0.1994253545999527,0.2797967940568924,0.2904204651713371,0.3133580550551414,0.01970108695652174,0.0,0.0,1.0,1.0,1.0,1.0,1.0,1.0,16,0.0,16,0.0,367.7339172363281,53.709944136258535,42.99985885620117,112.44857101440431,140.06221160888674,213.08911361694328,1.0,367.7339172363281,236.06425666809082,226.44293212890625,322.45631408691406,360.38880157470703,366.26489410400393,3.6003379821777344,1.0586138874603659,0.9920937120914459,1.7290161371231088,1.990036016702652,2.506799416542053,3.6010982990264893,1.0716971125625803,0.9955562949180603,1.751267540454865,2.002908748388291,2.671583728790278,pure_noise,0,0.30776146054267883,0.18857810366898775,0.19250654429197311,0.2650257349014282,0.27815215289592743,0.3018395990133285
2.0,0.3125,0.0,1.0,1.25,1.8499999999999996,1.0,599.48876953125,392.12194633483887,377.39381408691406,475.3204650878906,510.3416290283203,581.659341430664,0.9119998216629028,0.6623400230892003,0.6736815869808197,0.7739251673221588,0.7831725597381591,0.8589552330970762,edge_length,0.0,0.014346356503665447,0.012238947965670377,0.012250796426087618,0.013864046428352594,0.014039853354915977,0.014285055873915552,2.0,1.25,1.0,2.0,2.0,2.0,0.19890150427818298,0.135489025618881,0.1359054371714592,0.18543633818626404,0.1978292129933834,0.19868704602122306,0.11209239130434782,0.0,0.0,1.0,1.0,1.0,1.0,1.0,1.0,16,0.0,16,0.0,223.70327758789062,61.4551598784696,61.64035987854004,109.49648818969727,119.55355911254884,132.5875566101074,0.25,223.70327758789062,140.9239740371704,135.61524963378906,150.98929595947266,169.2759780883789,212.81781768798825,2.581871747970581,0.6564873451602382,0.5950581431388855,1.1492872714996338,1.3621982395648957,1.6831182122230526,2.5820610523223877,0.6659716646403389,0.6011082231998444,1.1693490624427798,1.3941971480846407,1.8369943046569819,truth_noised,99,0.18832716345787048,0.13391610700637102,0.13130126148462296,0.18061623722314835,0.18820936977863312,0.188303604722023
0.0,0.0,0.0,0.0,0.0,0.0,1.0,878.6101684570312,775.7980690002441,785.8201599121094,850.3373718261719,878.2861175537109,878.5453582763672,0.40147653222084045,0.2634400320239365,0.258324533700943,0.326171875,0.35876666456460937,0.4009742134809494,edge_length,0.0,0.011287325993180275,0.010197799652814865,0.01028227899223566,0.010893899947404861,0.011011514579877257,0.01123216371051967,1.0,1.0,1.0,1.0,1.0,1.0,0.24932992458343506,0.14583218889310956,0.15077943354845047,0.18751709908246994,0.20998955145478249,0.24146184995770453,0.5074728260869565,0.0,0.0,1.0,1.0,1.0,1.0,1.0,1.0,16,0.0,16,0.0,140.73080444335938,104.50563723108043,106.37613677978516,128.36996154785157,131.77601776123046,138.1249136352539,0.0,140.73080444335938,137.53698635101318,138.43335723876953,140.39038848876953,140.5352020263672,140.69168395996093,0.7014800906181335,0.26119373193891393,0.24813080579042435,0.4460898607969284,0.5008359849452972,0.6293423181772231,1.136060118675232,0.26480488626681187,0.24996857345104218,0.4559649646282197,0.5154463768005372,0.6383068162202834,truth_noised,90,0.24816423654556274,0.14318289048969746,0.14291147887706757,0.18510092049837112,0.21204134076833725,0.24093965739011763
0.0,0.0,0.0,0.0,0.0,0.0,1.0,928.52978515625,797.5876159667969,800.7160339355469,915.1265869140625,927.8346252441406,928.3907531738281,0.4311105012893677,0.24986046296544373,0.23956529051065445,0.3476361006498337,0.3815797552466391,0.43081212162971494,edge_length,0.0,0.012109753675758839,0.010222641460131854,0.010123238433152437,0.011546730063855648,0.01179799996316433,0.012047402933239937,1.0,1.0,1.0,1.0,1.0,1.0,0.289978563785553,0.14842201117426157,0.12909697741270065,0.2140718474984169,0.24985019117593765,0.2819528892636299,0.5264945652173914,0.0,0.0,1.0,1.0,1.0,1.0,1.0,1.0,16,0.0,16,0.0,139.578369140625,106.40607860036518,107.5300064086914,127.72526016235352,131.88854370117187,136.41929290771483,0.0,139.578369140625,134.77786350250244,135.1442642211914,139.04124450683594,139.45794296264648,139.5542839050293,0.704634964466095,0.24775655811865124,0.23966344445943832,0.4147324562072754,0.4719150021672249,0.5647719812393188,0.9890106320381165,0.2510824607281551,0.24312849342823029,0.4168326258659363,0.4806983068585396,0.5880833840370175,truth_noised,75,0.2873276472091675,0.14678342966362834,0.12558600679039955,0.2092280387878418,0.249594084918499,0.27978093475103377
0.0,0.0,0.0,0.0,0.0,0.0,1.0,864.8623657226562,725.5988845825195,731.6467895507812,855.0806274414062,863.4780426025391,864.5855010986328,0.5310570001602173,0.3164882925339043,0.3089839071035385,0.48625307977199556,0.5074207857251166,0.5289909482002259,edge_length,0.0,0.013328500092029572,0.010201305150985718,0.009854865726083517,0.012452834285795689,0.012882060371339321,0.01323921214789152,1.0,1.0,1.0,1.0,1.0,1.0,0.30937162041664124,0.1493847076781094,0.12710736691951752,0.2255309373140335,0.26885461807250977,0.30126821994781494,0.40964673913043476,0.0,0.0,1.0,1.0,1.0,1.0,1.0,1.0,16,0.0,16,0.0,139.44384765625,97.05295224552569,99.2992172241211,125.43899154663086,130.2126106262207,135.90275314331055,0.0,139.44384765625,132.10112714767456,134.87627410888672,139.11756134033203,139.34004974365234,139.42308807373047,0.8226138353347778,0.31387492775494413,0.29796645045280457,0.5453619718551637,0.598645493388176,0.7162705993652342,1.1776175498962402,0.31808297152367787,0.3017023950815201,0.5528518557548523,0.6100383549928665,0.7419723987579344,truth_noised,50,0.30636775493621826,0.14786667237058282,0.12491602450609207,0.2205912247300148,0.26851069927215576,0.29879634380340575
0.0,0.0,0.0,0.0,0.0,0.0,1.0,853.9668579101562,735.5223808288574,723.4392700195312,852.0520324707031,852.5751190185547,853.688510131836,0.4869234561920166,0.30587607924826443,0.29641006886959076,0.44376463890075685,0.47028535604476923,0.4848890596628189,edge_length,0.0,0.01296550314873457,0.01010616507846862,0.009901767130941153,0.012168161571025848,0.012534604175016284,0.012879323353990913,1.0,1.0,1.0,1.0,1.0,1.0,0.3068377375602722,0.14830423844978213,0.12436320632696152,0.22226065397262573,0.2666873261332512,0.29880765527486797,0.4014945652173913,0.0,0.0,1.0,1.0,1.0,1.0,1.0,1.0,16,0.0,16,0.0,140.2234344482422,98.53781292879063,100.11465072631836,126.24070663452149,129.90716094970702,136.10881881713865,0.0,140.2234344482422,132.2132067680359,135.4472885131836,139.1759033203125,140.16961288452148,140.21267013549806,0.8267785310745239,0.3033778734255896,0.2922915816307068,0.5101954042911531,0.5709560602903366,0.6745473396778106,1.2532814741134644,0.30764897386783874,0.29410186409950256,0.5193316102027894,0.5806808620691299,0.6993540734052657,truth_noised,25,0.30364131927490234,0.1468223282136023,0.12348876520991325,0.21739019453525543,0.2659486383199692,0.2961027830839157
0.0,0.0,0.0,0.0,0.0,0.0,1.0,868.6471557617188,743.0451393127441,730.3309631347656,858.3749694824219,865.1740112304688,867.9525268554687,0.4997692108154297,0.30348325916565955,0.304288849234581,0.4452351093292236,0.4688558623194693,0.49800345361232756,edge_length,0.0,0.012992977164685726,0.010106395551702008,0.009878400713205338,0.012097921222448349,0.012488313252106309,0.012892044382169843,1.0,1.0,1.0,1.0,1.0,1.0,0.3059965670108795,0.14853138057515025,0.12483366951346397,0.22159374505281448,0.26581262797117233,0.29795977920293804,0.40964673913043476,0.0,0.0,1.0,1.0,1.0,1.0,1.0,1.0,16,0.0,16,0.0,138.4021453857422,98.87210546628289,100.39893341064453,126.51933288574219,130.9683334350586,135.9779202270508,0.0,138.4021453857422,132.49860954284668,131.7890853881836,137.74891662597656,137.94256210327148,138.31022872924805,0.8149281740188599,0.3010144002492661,0.2901327610015869,0.517175602912903,0.5675324946641923,0.6612530589103698,1.1516900062561035,0.3051078798636571,0.29292435944080353,0.5225674569606782,0.571998479962349,0.6716824996471404,truth_noised,10,0.3027442991733551,0.14687295211479068,0.12360363826155663,0.2167675569653511,0.2650657668709755,0.29520859271287914
0.0,0.0,0.0,0.0,0.0,0.0,1.0,863.7689819335938,735.9305000305176,725.9299926757812,846.6554565429688,860.3655090332031,863.0882873535156,0.5113446116447449,0.30790565838105977,0.31653106212615967,0.4442977041006088,0.4676740407943724,0.5095877915620803,edge_length,0.0,0.013022941537201405,0.0101241008087527,0.00991642102599144,0.012093055993318558,0.01250269147567451,0.012918891524896026,1.0,1.0,1.0,1.0,1.0,1.0,0.3056109547615051,0.14858608227223158,0.12522000819444656,0.22136887907981873,0.2654077038168907,0.2975703045725822,0.40285326086956524,0.0,0.0,1.0,1.0,1.0,1.0,1.0,1.0,16,0.0,16,0.0,140.48622131347656,98.25277640767719,99.84620666503906,126.74357147216797,130.84518432617188,136.41070098876952,0.0,140.48622131347656,133.80923748016357,134.2351837158203,139.63528442382812,140.31478881835938,140.45193481445312,0.8330049514770508,0.3053927774048846,0.29420240223407745,0.5221275508403779,0.5725959151983261,0.6734367609024047,1.1828747987747192,0.30957342438056873,0.295617938041687,0.5265064418315888,0.5811220467090606,0.6997491496801376,truth_noised,0,0.3024536073207855,0.14687071274966002,0.12382519990205765,0.2165694162249565,0.2647452801465988,0.29491194188594816
2.0,0.3125,0.0,1.0,1.25,1.8499999999999996,1.0,599.7769775390625,392.1048526763916,377.09039306640625,475.31524658203125,510.53881072998047,581.9293441772461,0.9121523499488831,0.6623762962408364,0.6736429631710052,0.7741214096546173,0.7830930829048156,0.8591643881797788,edge_length,0.0,0.014347672462463379,0.012241809687111527,0.012252256274223328,0.013868209440261126,0.014044772135093808,0.014287092396989465,2.0,1.25,1.0,2.0,2.0,2.0,0.19904476404190063,0.13563096104189754,0.13601886481046677,0.18565218150615692,0.19796891883015633,0.19882959499955177,0.11209239130434782,0.0,0.0,1.0,1.0,1.0,1.0,1.0,1.0,16,0.0,16,0.0,223.70603942871094,61.45254469844108,61.632089614868164,109.51440124511718,119.50223693847659,132.53827865600584,0.25,223.70603942871094,140.956316947937,135.65841674804688,151.04502868652344,169.31445693969727,212.82772293090818,2.5818912982940674,0.656523101892874,0.5951384007930756,1.1492927789688114,1.3618331968784332,1.683847368955612,2.582080364227295,0.6660096404242644,0.6012799739837646,1.1687534809112552,1.3947305619716646,1.837135198116302,pure_noise,99,0.1884656548500061,0.13405299140140414,0.13144508004188538,0.18082339316606522,0.18834229558706284,0.18844098299741746
0.0,0.0,0.0,0.0,0.0,0.0,1.0,878.6089477539062,775.7970581054688,785.8215026855469,850.3360900878906,878.2847595214844,878.5441101074218,0.4014757573604584,0.26344155124388635,0.2583232522010803,0.32617473900318145,0.35876709371805177,0.4009728002548218,edge_length,0.0,0.011287440545856953,0.010197861236520112,0.01028235163539648,0.010893936268985271,0.011011579539626837,0.01123226834461093,1.0,1.0,1.0,1.0,1.0,1.0,0.2493382692337036,0.14583625039085746,0.15078532695770264,0.18752193450927734,0.209996297955513,0.24146987497806546,0.5074728260869565,0.0,0.0,1.0,1.0,1.0,1.0,1.0,1.0,16,0.0,16,0.0,140.72943115234375,104.50542560867642,106.37643814086914,128.37018737792968,131.7770217895508,138.12451171875,0.0,140.72943115234375,137.5370683670044,138.43384552001953,140.39036560058594,140.5337257385254,140.69029006958007,0.7014800906181335,0.2611952272083094,0.248130664229393,0.44610126614570617,0.5008318036794662,0.6293348574638366,1.1360194683074951,0.2648063721053009,0.24997255206108093,0.45596376359462754,0.5154497474431992,0.6383176869153976,pure_noise,90,0.2481723427772522,0.143186766654253,0.14291701465845108,0.18510638922452927,0.21204789355397224,0.2409474529325962
0.0,0.0,0.0,0.0,0.0,0.0,1.0,928.5255126953125,797.5850791931152,800.7187194824219,915.1224670410156,927.8305358886719,928.3865173339843,0.4311080574989319,0.24986302852630615,0.23956061154603958,0.3476495981216431,0.3815854310989379,0.4308104100823402,edge_length,0.0,0.012109890580177307,0.01022271258989349,0.010123326908797026,0.011546764522790909,0.01179807260632515,0.012047526985406875,1.0,1.0,1.0,1.0,1.0,1.0,0.28998857736587524,0.14842759491875768,0.12910155206918716,0.21407770365476608,0.24985845014452934,0.281962551921606,0.5264945652173914,0.0,0.0,1.0,1.0,1.0,1.0,1.0,1.0,16,0.0,16,0.0,139.57752990722656,106.40572075481,107.5307502746582,127.72511367797851,131.8884246826172,136.42068481445312,0.0,139.57752990722656,134.7775754928589,135.14478302001953,139.04143524169922,139.4576187133789,139.55354766845704,0.7046317458152771,0.24775908939773217,0.23965434730052948,0.4147295504808426,0.47191287875175475,0.5647918564081192,0.9890233874320984,0.25108499210403784,0.24312663823366165,0.41684114634990693,0.4806986600160599,0.5880840498208997,pure_noise,75,0.28733742237091064,0.1467886995524168,0.1255902796983719,0.20923368632793427,0.24960219487547874,0.27979037687182423
0.0,0.0,0.0,0.0,0.0,0.0,1.0,864.8602294921875,725.5975227355957,731.6463928222656,855.0805969238281,863.4748992919922,864.5831634521485,0.5310479998588562,0.31648903898894787,0.30898211896419525,0.48626654148101806,0.5074320659041404,0.5289826613664627,edge_length,0.0,0.013328620232641697,0.01020139580941759,0.009854971896857023,0.012452861294150352,0.012882123934105039,0.013239320972934366,1.0,1.0,1.0,1.0,1.0,1.0,0.30937978625297546,0.14939109655097127,0.1271146982908249,0.22553636133670807,0.2688615545630455,0.30127613991498947,0.40964673913043476,0.0,0.0,1.0,1.0,1.0,1.0,1.0,1.0,16,0.0,16,0.0,139.44180297851562,97.05284988750581,99.2983512878418,125.43966064453126,130.2144859313965,135.9038395690918,0.0,139.44180297851562,132.1007981300354,134.8762969970703,139.11614990234375,139.3400993347168,139.42146224975585,0.8225950598716736,0.31387565163806913,0.29797254502773285,0.545354586839676,0.5986536502838136,0.716291597485542,1.177624225616455,0.31808369254956587,0.3017127960920334,0.5528714537620545,0.6100458055734634,0.7419852298498152,pure_noise,50,0.30637574195861816,0.14787266496568918,0.1249203160405159,0.2205965518951416,0.2685176804661751,0.29880412966012954
0.0,0.0,0.0,0.0,0.0,0.0,1.0,853.9630737304688,735.5221519470215,723.4420776367188,852.0515441894531,852.5771942138672,853.6858978271484,0.4869152307510376,0.30587554816156626,0.2964066118001938,0.4437784105539322,0.47029641270637507,0.4848813599348068,edge_length,0.0,0.012965621426701546,0.010106257657753304,0.009901711251586676,0.01216819602996111,0.012534672161564231,0.012879431573674082,1.0,1.0,1.0,1.0,1.0,1.0,0.30684617161750793,0.14831058075651526,0.12437106668949127,0.2222660779953003,0.26669439673423767,0.2988158166408539,0.4014945652173913,0.0,0.0,1.0,1.0,1.0,1.0,1.0,1.0,16,0.0,16,0.0,140.2251434326172,98.53789052755937,100.11342239379883,126.24248809814453,129.90714492797852,136.10776489257813,0.0,140.2251434326172,132.21328115463257,135.44779205322266,139.17574310302734,140.17025756835938,140.21416625976562,0.8267710208892822,0.30337732590914646,0.29229365289211273,0.5102079987525941,0.5709518641233445,0.6745645248889922,1.25327730178833,0.3076484589970357,0.2940966486930847,0.5193466484546663,0.5806868523359299,0.699372477531433,pure_noise,25,0.3036496043205261,0.14682831522077322,0.12349330633878708,0.2173955738544464,0.2659558057785034,0.29611084461212156
0.0,0.0,0.0,0.0,0.0,0.0,1.0,868.6487426757812,743.044361114502,730.3341979980469,858.372314453125,865.1747283935547,867.9539398193359,0.4997616410255432,0.30348283099010587,0.3042842298746109,0.44524621665477754,0.4688672602176665,0.4979963907599449,edge_length,0.0,0.012993094511330128,0.01010648679221049,0.009878510609269142,0.012097957544028759,0.01248837960883975,0.012892151530832051,1.0,1.0,1.0,1.0,1.0,1.0,0.30600506067276,0.14853765163570642,0.12484137713909149,0.22159916907548904,0.2658197581768036,0.2979680001735687,0.40964673913043476,0.0,0.0,1.0,1.0,1.0,1.0,1.0,1.0,16,0.0,16,0.0,138.40191650390625,98.87216834918313,100.3987045288086,126.52031021118164,130.968172454834,135.97608276367188,0.0,138.40191650390625,132.49967432022095,131.7916030883789,137.74879455566406,137.94170379638672,138.30987396240235,0.8149260878562927,0.3010139573977896,0.2901254892349243,0.5171783387660981,0.5675401002168656,0.66126109957695,1.1517070531845093,0.3051074599219567,0.2929038554430008,0.5225647449493409,0.5720073312520981,0.6716685044765471,pure_noise,10,0.30275261402130127,0.14687887951731682,0.12360810860991478,0.21677294373512268,0.2650730088353157,0.29521669298410413
0.0,0.0,0.0,0.0,0.0,0.0,1.0,863.7699584960938,735.9297561645508,725.9324951171875,846.6531677246094,860.3658905029297,863.089144897461,0.5113372206687927,0.3079054190311581,0.3165266066789627,0.44430796802043915,0.4676853403449057,0.5095805507898331,edge_length,0.0,0.013023058883845806,0.010124190535861999,0.009916529059410095,0.012093092780560255,0.01250275713391602,0.012918998533859848,1.0,1.0,1.0,1.0,1.0,1.0,0.305619478225708,0.14859233144670725,0.12522763013839722,0.2213742733001709,0.26541484147310257,0.2975785508751869,0.40285326086956524,0.0,0.0,1.0,1.0,1.0,1.0,1.0,1.0,16,0.0,16,0.0,140.4921875,98.25281200719917,99.84487915039062,126.745849609375,130.84503479003908,136.40966537475586,0.0,140.4921875,133.81011867523193,134.2366485595703,139.6323013305664,140.31071853637695,140.45589370727538,0.8329998850822449,0.30539252523790905,0.29419712722301483,0.522133755683899,0.5726069808006287,0.6734448760747909,1.1828844547271729,0.30957319518695486,0.29562659561634064,0.5265123546123505,0.5811277389526367,0.6997377514839171,pure_noise,0,0.3024619519710541,0.1468766233883798,0.12382962554693222,0.2165747731924057,0.26475250720977783,0.2949200630187988
2.0,0.25,0.0,1.0,1.25,1.8499999999999996,1.0,579.9221801757812,380.94747734069824,362.3756103515625,464.4853973388672,496.78060150146484,563.2938644409179,0.9025120139122009,0.6861827690154314,0.6810355186462402,0.8026575565338135,0.8520947068929671,0.901904177069664,ordered_edge,0.0,0.01491889450699091,0.01229747844627127,0.012131569907069206,0.013494844548404217,0.013876225566491485,0.014710360718891024,2.0,1.1875,1.0,2.0,2.0,2.0,0.22560493648052216,0.14756670035421848,0.15052180737257004,0.18425748497247696,0.19860395416617393,0.2202047400176525,0.10461956521739131,0.0,0.0,1.0,1.0,1.0,1.0,1.0,1.0,16,0.0,16,0.0,226.5142364501953,58.82615940554229,55.561580657958984,108.36038055419922,119.43966293334962,131.49875534057617,0.1875,226.5142364501953,140.96978330612183,133.7232894897461,155.31272888183594,182.99884414672852,217.81115798950194,2.6016459465026855,0.6804873061419525,0.6412201523780823,1.1834100008010866,1.3547416508197787,1.6860741806030273,2.7954390048980713,0.6896295616587969,0.6466071009635925,1.1937449336051942,1.3787816584110262,1.7218472385406494,truth_noised,99,0.22421199083328247,0.14475859981030226,0.14886341989040375,0.17549096792936325,0.19141894578933716,0.2176533818244934
0.0,0.0,0.0,0.0,0.0,0.0,1.0,878.5287475585938,774.9991569519043,786.2563781738281,848.706298828125,876.4027099609375,878.1035400390625,0.40430155396461487,0.26379216834902763,0.25824736058712006,0.3265870213508606,0.3595003649592398,0.40310321003198624,ordered_edge,0.0,0.011312815360724926,0.010199328302405775,0.010281794238835573,0.010876776650547981,0.011007831431925297,0.011251818574965,1.0,1.0,1.0,1.0,1.0,1.0,0.2508622407913208,0.14616181049495935,0.15075206756591797,0.18814291059970856,0.21172508969902992,0.2430348105728626,0.5067934782608695,0.0,0.0,1.0,1.0,1.0,1.0,1.0,1.0,16,0.0,16,0.0,140.80247497558594,104.45577426319537,106.31093978881836,128.24640502929688,131.39340286254884,138.2264697265625,0.0,140.80247497558594,137.477463722229,138.32766723632812,140.55005645751953,140.6151123046875,140.76500244140624,0.7042345404624939,0.2615462182400971,0.24849814176559448,0.4477067351341248,0.5019549995660783,0.6291634297370909,1.122369408607483,0.26513855919430446,0.24957069754600525,0.45884679257869726,0.5213292449712754,0.6407635867595672,truth_noised,90,0.2496725469827652,0.1435071057640016,0.14302093535661697,0.18595510721206665,0.21367578208446503,0.24247319400310516
0.0,0.0,0.0,0.0,0.0,0.0,1.0,928.3924560546875,797.0466651916504,800.5849304199219,914.2597045898438,927.4522094726562,928.2044067382812,0.4335659444332123,0.2501080515794456,0.2387038618326187,0.350985062122345,0.385772407054901,0.4325822603702545,ordered_edge,0.0,0.012140289880335331,0.01022436551284045,0.010136404074728489,0.011525549460202456,0.011796179926022887,0.012071467889472842,1.0,1.0,1.0,1.0,1.0,1.0,0.29190710186958313,0.1489185648970306,0.12936832010746002,0.21482879668474197,0.2519410699605942,0.28391389548778534,0.5258152173913043,0.0,0.0,1.0,1.0,1.0,1.0,1.0,1.0,16,0.0,16,0.0,139.4073944091797,106.37105137887208,107.44864654541016,127.69719009399414,131.8239730834961,136.39937530517577,0.0,139.4073944091797,134.76296615600586,135.26409912109375,138.97911071777344,139.36366653442383,139.3986488342285,0.7067446708679199,0.24800418802909047,0.24022483080625534,0.41613632142543794,0.4726097702980042,0.5691516155004501,0.9918079376220703,0.25131444021383725,0.24313391000032425,0.4173734366893768,0.48348060548305516,0.5905159097909926,truth_noised,75,0.2892214357852936,0.14726690761744976,0.12727702409029007,0.20998064428567886,0.2515968047082424,0.28169650956988335
0.0,0.0,0.0,0.0,0.0,0.0,1.0,865.2127075195312,725.0317306518555,731.2625732421875,854.1764831542969,862.6228637695312,864.6947387695312,0.5321584939956665,0.3165687914006412,0.3108445554971695,0.48920041024684907,0.5108635038137435,0.5312728178501129,ordered_edge,0.0,0.013354470953345299,0.01020190108101815,0.00986212631687522,0.012435664422810078,0.012882386799901724,0.013260054122656583,1.0,1.0,1.0,1.0,1.0,1.0,0.3111267685890198,0.149974319152534,0.12911347299814224,0.22603773325681686,0.2705596759915352,0.30301335006952285,0.4076086956521739,0.0,0.0,1.0,1.0,1.0,1.0,1.0,1.0,16,0.0,16,0.0,140.09097290039062,97.04089532857355,99.35658645629883,125.41390609741211,130.3283432006836,135.7941828918457,0.0,140.09097290039062,132.0846905708313,135.02670288085938,139.1424560546875,139.38035202026367,139.94884872436523,0.8269340395927429,0.31396013892093755,0.29756084084510803,0.5442893743515015,0.599324044585228,0.7225614339113233,1.1745895147323608,0.3181433593512654,0.30205748975276947,0.5525578677654267,0.6098736077547073,0.7466176366806029,truth_noised,50,0.3081045150756836,0.14844316011294723,0.12554466351866722,0.22110597044229507,0.27014627307653427,0.3005128666758537
0.0,0.0,0.0,0.0,0.0,0.0,1.0,854.5794067382812,735.1418304443359,724.5140380859375,850.6251525878906,851.7582550048828,854.0151763916016,0.4879470467567444,0.30578866600990295,0.2974798232316971,0.44669246971607207,0.47362057566642757,0.4869505202770233,ordered_edge,0.0,0.012989231385290623,0.010106738976901397,0.009884526953101158,0.01215299079194665,0.012535922694951296,0.012898569647222757,1.0,1.0,1.0,1.0,1.0,1.0,0.3085663914680481,0.14890356874093413,0.12728669494390488,0.22281261533498764,0.2684345543384552,0.3005400240421295,0.4014945652173913,0.0,0.0,1.0,1.0,1.0,1.0,1.0,1.0,16,0.0,16,0.0,140.5472412109375,98.5489362011785,100.09881210327148,126.36152496337891,129.89781036376954,136.05590591430663,0.0,140.5472412109375,132.27189016342163,135.8538360595703,139.19781494140625,140.33323669433594,140.5044403076172,0.8287967443466187,0.30329921795719594,0.29227569699287415,0.5089876711368562,0.5727910935878754,0.6810855269432068,1.2565546035766602,0.30756233902186225,0.29403701424598694,0.5213957905769351,0.5778762012720109,0.7015086388587951,truth_noised,25,0.3053490221500397,0.14740895247086883,0.12411675974726677,0.21793538331985474,0.2676232159137726,0.2978038609027862
0.0,0.0,0.0,0.0,0.0,0.0,1.0,867.3118286132812,742.5971031188965,731.3028259277344,857.4522705078125,863.3618774414062,866.5218383789063,0.500828206539154,0.3033969886600971,0.3057438135147095,0.4487587928771973,0.47224848121404633,0.5002209705114364,ordered_edge,0.0,0.013017701916396618,0.010106491594342515,0.00989028112962842,0.01208292506635189,0.012489887187257409,0.012912138970568776,1.0,1.0,1.0,1.0,1.0,1.0,0.30774396657943726,0.14912572037428617,0.12768291682004929,0.22215484082698822,0.2675715833902359,0.29970948994159696,0.40828804347826086,0.0,0.0,1.0,1.0,1.0,1.0,1.0,1.0,16,0.0,16,0.0,138.3604736328125,98.88316104075183,100.2788200378418,126.72574234008789,130.99906692504882,135.54805099487305,0.0,138.3604736328125,132.6362009048462,132.1401824951172,138.04457092285156,138.1623420715332,138.32084732055665,0.817387580871582,0.30093623162626854,0.2910527139902115,0.5169416666030884,0.5674476355314255,0.6639997643232345,1.1527925729751587,0.30502114559994487,0.29317358136177063,0.5222795128822326,0.5743723809719086,0.6756238478422164,truth_noised,10,0.3044619858264923,0.14745459565892816,0.12421638146042824,0.21732176840305328,0.2667505741119385,0.29691970348358154
0.0,0.0,0.0,0.0,0.0,0.0,1.0,862.5614013671875,735.5310325622559,726.843017578125,845.946533203125,858.7274932861328,861.7946197509766,0.5123816728591919,0.3078096902463585,0.31800515949726105,0.44664532542228697,0.4711379393935202,0.5118364709615707,ordered_edge,0.0,0.013047538697719574,0.010124061111127958,0.00992060313001275,0.012077853083610535,0.012504135025665164,0.012938857963308691,1.0,1.0,1.0,1.0,1.0,1.0,0.3073631823062897,0.14917850401252508,0.12803667038679123,0.22193405032157898,0.26717012375593185,0.2993245705962181,0.40285326086956524,0.0,0.0,1.0,1.0,1.0,1.0,1.0,1.0,16,0.0,16,0.0,140.29090881347656,98.26512882113457,99.9953498840332,126.85028076171876,130.98832931518555,136.71464797973633,0.0,140.29090881347656,133.70644664764404,134.13258361816406,139.55152130126953,140.22456741333008,140.27764053344725,0.8364050984382629,0.30530544633865764,0.29297080636024475,0.5243707835674287,0.5737093418836594,0.676066123843193,1.1838747262954712,0.3094740132054658,0.2948524206876755,0.5277021884918214,0.582126122713089,0.7024349009990691,truth_noised,0,0.30417317152023315,0.14745052717626095,0.1244293712079525,0.21712762117385864,0.26643308252096176,0.29662515372037884
2.0,0.25,0.0,1.0,1.25,1.8499999999999996,1.0,579.7940063476562,380.91482162475586,362.4453582763672,464.40093994140625,496.6133346557617,563.1578720092773,0.9025006294250488,0.6862435769289732,0.6809598803520203,0.8025986433029175,0.8521905839443206,0.9020087122917175,ordered_edge,0.0,0.014924662187695503,0.012300905655138195,0.012133920565247536,0.0134967933408916,0.013877471210435033,0.014715223992243408,2.0,1.1875,1.0,2.0,2.0,2.0,0.2258392572402954,0.1477034385316074,0.15071707218885422,0.18438032269477844,0.1987609826028347,0.22042360231280325,0.10461956521739131,0.0,0.0,1.0,1.0,1.0,1.0,1.0,1.0,16,0.0,16,0.0,226.47705078125,58.82103983437359,55.59062194824219,108.4002670288086,119.52083282470704,131.4671434020996,0.1875,226.47705078125,141.00973510742188,133.76536560058594,155.12188720703125,182.8111457824707,217.7438697814941,2.6013829708099365,0.6805476081967556,0.6410919725894928,1.1839526295661928,1.354857635498047,1.686122921705246,2.795551061630249,0.6896912175921581,0.6472050249576569,1.1937543272972106,1.378565275669098,1.7213408505916594,pure_noise,99,0.22443892061710358,0.14489274937659502,0.14900825172662735,0.1756078153848648,0.19156939908862114,0.21786501631140706
0.0,0.0,0.0,0.0,0.0,0.0,1.0,878.5272216796875,774.9977226257324,786.2576904296875,848.7047424316406,876.4014587402344,878.1020690917969,0.4043029844760895,0.2637940845452249,0.2582482546567917,0.32659312784671785,0.35950159281492217,0.40310261279344556,ordered_edge,0.0,0.011312924325466156,0.010199395299423486,0.010281870607286692,0.010876819957047701,0.011007895693182945,0.011251918599009514,1.0,1.0,1.0,1.0,1.0,1.0,0.2508694529533386,0.1461657201871276,0.15075822919607162,0.18814726173877716,0.21173113957047462,0.2430417902767658,0.5067934782608695,0.0,0.0,1.0,1.0,1.0,1.0,1.0,1.0,16,0.0,16,0.0,140.80435180664062,104.45550733027251,106.31132125854492,128.24852905273437,131.3953239440918,138.2266046142578,0.0,140.80435180664062,137.47740650177002,138.3269500732422,140.55077362060547,140.61488342285156,140.7664581298828,0.7042323350906372,0.2615481074969031,0.2484954446554184,0.4477144658565521,0.5019550859928131,0.6291632646322248,1.1223188638687134,0.26514043531294545,0.2495761290192604,0.45884485542774206,0.5213322520256043,0.640779202580452,pure_noise,90,0.2496795803308487,0.14351085806265473,0.14302657544612885,0.18596042692661285,0.2136816754937172,0.24247999936342238
0.0,0.0,0.0,0.0,0.0,0.0,1.0,928.3876342773438,797.0434265136719,800.5878295898438,914.2549438476562,927.4477996826172,928.1996673583984,0.43356552720069885,0.2501112634781748,0.23870231211185455,0.3509983092546463,0.3857794731855391,0.4325810357928276,ordered_edge,0.0,0.012140421196818352,0.010224443685729057,0.010136502794921398,0.011525592301040888,0.011796253267675638,0.012071587610989809,1.0,1.0,1.0,1.0,1.0,1.0,0.2919156551361084,0.14892402244731784,0.12937354296445847,0.21483402699232101,0.25194838270545006,0.2839222006499767,0.5258152173913043,0.0,0.0,1.0,1.0,1.0,1.0,1.0,1.0,16,0.0,16,0.0,139.40638732910156,106.37060185359871,107.44933700561523,127.6978012084961,131.82253341674806,136.40075103759764,0.0,139.40638732910156,134.7629795074463,135.2655792236328,138.9800796508789,139.36406707763672,139.3979232788086,0.7067447304725647,0.24800736513419036,0.24021998792886734,0.41615185141563416,0.47260557562112815,0.5691725122928619,0.9918298125267029,0.25131762362750876,0.2431444153189659,0.41737705171108247,0.4834949523210526,0.5905162590742109,pure_noise,75,0.2892298102378845,0.14727205131202936,0.12728141993284225,0.2099858745932579,0.25160400569438934,0.2817046493291855
0.0,0.0,0.0,0.0,0.0,0.0,1.0,865.2080688476562,725.0303192138672,731.2625122070312,854.1764526367188,862.6189117431641,864.6902374267578,0.5321518778800964,0.3165697301737964,0.3108396381139755,0.48921393752098086,0.5108762964606284,0.5312630850076675,ordered_edge,0.0,0.013354586437344551,0.01020200373022817,0.009862252045422792,0.01243569701910019,0.012882449198514223,0.013260158989578484,1.0,1.0,1.0,1.0,1.0,1.0,0.3111337721347809,0.1499806079082191,0.12911777943372726,0.22604257613420486,0.27056583017110825,0.3030201837420463,0.4076086956521739,0.0,0.0,1.0,1.0,1.0,1.0,1.0,1.0,16,0.0,16,0.0,140.0894317626953,97.0407668300297,99.3614730834961,125.41395492553711,130.32694473266602,135.7955024719238,0.0,140.0894317626953,132.08445405960083,135.02725219726562,139.14171600341797,139.38114547729492,139.94777450561523,0.8269253969192505,0.3139610474229456,0.2975263297557831,0.5443013727664947,0.5993228524923325,0.7225761306285856,1.174591064453125,0.31814426515927113,0.3020683079957962,0.5525743246078492,0.6098781615495682,0.7466325652599334,pure_noise,50,0.3081113398075104,0.14844903396442533,0.12554886564612389,0.22111094743013382,0.2701524943113327,0.30051957070827484
0.0,0.0,0.0,0.0,0.0,0.0,1.0,854.5726318359375,735.1415901184082,724.5165710449219,850.6252136230469,851.7605438232422,854.0102142333984,0.4879406690597534,0.30578829045407474,0.2974664568901062,0.4467058092355728,0.47363270521163936,0.4869410634040833,ordered_edge,0.0,0.012989343143999577,0.010106841946253553,0.0098846685141325,0.012153030838817358,0.01253599114716053,0.012898672744631768,1.0,1.0,1.0,1.0,1.0,1.0,0.3085736036300659,0.14890980115160346,0.1272946298122406,0.22281747311353683,0.2684408500790596,0.3005470529198646,0.4014945652173913,0.0,0.0,1.0,1.0,1.0,1.0,1.0,1.0,16,0.0,16,0.0,140.54795837402344,98.54899086122927,100.09879684448242,126.3650733947754,129.9005874633789,136.05587432861327,0.0,140.54795837402344,132.27179765701294,135.85468292236328,139.19795989990234,140.33322143554688,140.50501098632813,0.8287941813468933,0.30329883141593716,0.29228171706199646,0.5089730739593507,0.5728008300065994,0.6811033529043197,1.2565540075302124,0.30756198689651565,0.29405689239501953,0.5214112460613254,0.5778846681118013,0.7015257048606872,pure_noise,25,0.30535608530044556,0.14741480210795999,0.12412115931510925,0.21794039756059647,0.26762960851192474,0.29781078994274135
0.0,0.0,0.0,0.0,0.0,0.0,1.0,867.3146362304688,742.5963096618652,731.305419921875,857.4483947753906,863.3626251220703,866.5242340087891,0.5008224844932556,0.30339671508409083,0.3057308495044708,0.448771595954895,0.47226114273071274,0.5002128264307976,ordered_edge,0.0,0.013017813675105572,0.010106592322699726,0.009890415240079165,0.012082965578883886,0.012489952147006989,0.012912241369485855,1.0,1.0,1.0,1.0,1.0,1.0,0.30775123834609985,0.14913188247010112,0.12769069522619247,0.2221597135066986,0.26757796108722687,0.29971658289432523,0.40828804347826086,0.0,0.0,1.0,1.0,1.0,1.0,1.0,1.0,16,0.0,16,0.0,138.361328125,98.88320329526196,100.27771759033203,126.72469711303711,131.0017272949219,135.54782974243165,0.0,138.361328125,132.63763427734375,132.14605712890625,138.0467529296875,138.1628761291504,138.32163772583007,0.8173813819885254,0.300935933419564,0.2910604923963547,0.5169454991817475,0.5674527198076249,0.6640103095769881,1.1528093814849854,0.30502087009169726,0.2931595742702484,0.5222779273986816,0.5743822216987611,0.6756078338623046,pure_noise,10,0.30446910858154297,0.14746038522571325,0.12422071769833565,0.21732677519321442,0.2667570039629936,0.2969266876578331
0.0,0.0,0.0,0.0,0.0,0.0,1.0,862.5642700195312,735.5303573608398,726.8456420898438,845.9431762695312,858.7277526855469,861.7969665527344,0.512376070022583,0.30780961900018156,0.3180023282766342,0.44665580689907075,0.4711508810520171,0.5118285024166107,ordered_edge,0.0,0.013047649525105953,0.01012416125740856,0.009920734446495771,0.012077894061803818,0.01250420045107603,0.012938959710299968,1.0,1.0,1.0,1.0,1.0,1.0,0.30737045407295227,0.14918465027585626,0.12804438173770905,0.22193891555070877,0.2671765014529228,0.29933166354894636,0.40285326086956524,0.0,0.0,1.0,1.0,1.0,1.0,1.0,1.0,16,0.0,16,0.0,140.28341674804688,98.26514214406843,99.99429702758789,126.849373626709,130.98822097778321,136.71581253051758,0.0,140.28341674804688,133.70675373077393,134.1342315673828,139.55010223388672,140.21820831298828,140.27037506103517,0.8364019393920898,0.3053053524212294,0.29297827184200287,0.5243806660175325,0.5737225681543351,0.6760745614767074,1.183879017829895,0.3094739409077548,0.29486608505249023,0.5277117311954499,0.5821381628513336,0.702421998977661,pure_noise,0,0.3041803240776062,0.1474563078954816,0.12443366646766663,0.21713262796401978,0.2664395421743393,0.2966321676969528
2.0,0.1875,0.0,0.5,1.25,1.8499999999999996,1.0,598.8170166015625,436.5232963562012,453.2140655517578,547.6757507324219,561.2106781005859,591.2957489013671,0.9851060509681702,0.6277722525410354,0.6186633706092834,0.759106719493866,0.8026809900999069,0.9237763011455533,ordered_edge_temporal,0.0,0.015631813555955887,0.011966005840804428,0.01158148655667901,0.013521438930183649,0.014624419156461954,0.0154303346760571,2.0,1.125,1.0,1.5,2.0,2.0,0.2306232750415802,0.15356863616034389,0.1585988700389862,0.20510169863700867,0.21169866994023323,0.2268383540213108,0.12296195652173914,0.0,0.0,1.0,1.0,1.0,1.0,1.0,1.0,16,0.0,16,0.0,203.66912841796875,62.69082635867855,63.280487060546875,110.65248413085939,120.1674530029297,134.14878311157227,0.125,203.66912841796875,137.6779670715332,133.86470794677734,142.68133544921875,160.6985321044922,195.07500915527342,2.4401886463165283,0.6221627111751687,0.5734971165657043,1.0795551657676696,1.2336398363113408,1.5970888018608091,3.2261414527893066,0.6314187336943375,0.575441837310791,1.0966371655464175,1.270323234796524,1.6599740600585935,truth_noised,99,0.218226820230484,0.1496325572952628,0.1563982516527176,0.20319204777479172,0.20738205686211586,0.21605786755681036
0.0,0.0,0.0,0.0,0.0,0.0,1.0,909.9502563476562,805.3044471740723,824.5202331542969,873.5670776367188,909.5359344482422,909.8673919677734,0.3856903910636902,0.23920151870697737,0.2353375107049942,0.30884958803653717,0.3379814356565474,0.38443510115146634,ordered_edge_temporal,0.0,0.011065500788390636,0.010156485717743635,0.010184579994529486,0.010820313356816769,0.01089321356266737,0.011031043343245983,1.0,1.0,1.0,1.0,1.0,1.0,0.24663588404655457,0.14600342512130737,0.15232305973768234,0.1863190084695816,0.20763399451971054,0.23883550614118573,0.5849184782608695,0.0,0.0,1.0,1.0,1.0,1.0,1.0,1.0,16,0.0,16,0.0,140.94187927246094,107.90388563145761,109.77694702148438,129.93382110595704,133.63274459838868,138.88417541503907,0.0,140.94187927246094,137.81628322601318,138.1861801147461,140.45384216308594,140.6819839477539,140.88990020751953,0.6968472599983215,0.2371693564287536,0.22376614063978195,0.4183370828628542,0.4691938951611519,0.5540453982353211,0.9657143950462341,0.24025891241288502,0.2257666066288948,0.42550495266914373,0.4783556535840035,0.5968397361040113,truth_noised,90,0.24548085033893585,0.14331048261374235,0.1445639282464981,0.18450050801038742,0.20956898853182793,0.23829847797751424
0.0,0.0,0.0,0.0,0.0,0.0,1.0,927.24267578125,811.9028701782227,818.8992919921875,913.0180358886719,926.5888977050781,927.1119201660156,0.39435485005378723,0.23666106164455414,0.22383766621351242,0.32312081158161166,0.3543477594852446,0.3933991414308548,ordered_edge_temporal,0.0,0.011828726157546043,0.01022765296511352,0.010145367588847876,0.011406001169234514,0.011597027303650975,0.01178238638676703,1.0,1.0,1.0,1.0,1.0,1.0,0.2866344153881073,0.14792678877711296,0.1304088458418846,0.21216481178998947,0.2470136508345604,0.2787102624773979,0.5733695652173914,0.0,0.0,1.0,1.0,1.0,1.0,1.0,1.0,16,0.0,16,0.0,140.57666015625,108.2582305021908,109.49708557128906,128.37623138427736,132.24530792236328,136.90379852294922,0.0,140.57666015625,136.50826835632324,137.9498519897461,140.2769317626953,140.45848846435547,140.5530258178711,0.7078576683998108,0.23466282376403283,0.22601446509361267,0.3844480872154236,0.4445655897259713,0.5374149018526077,0.8521161079406738,0.23776684886188773,0.229098342359066,0.3929636031389237,0.44946077167987825,0.5554894214868544,truth_noised,75,0.284225195646286,0.1462427512742579,0.12425512447953224,0.2071838453412056,0.2466137520968914,0.2767029069364071
0.0,0.0,0.0,0.0,0.0,0.0,1.0,867.6480712890625,744.0028228759766,751.1796264648438,866.9224853515625,867.1361083984375,867.5456787109375,0.48166754841804504,0.29996489360928535,0.28026774525642395,0.46361813247203826,0.4722622588276863,0.4803837010264397,ordered_edge_temporal,0.0,0.01303792092949152,0.010230209154542536,0.00994038861244917,0.012344952672719955,0.012718625599518418,0.0129740618634969,1.0,1.0,1.0,1.0,1.0,1.0,0.3069695234298706,0.14830655744299293,0.11739495769143105,0.22385430335998535,0.26684291660785675,0.2989442020654678,0.4171195652173913,0.0,0.0,1.0,1.0,1.0,1.0,1.0,1.0,16,0.0,16,0.0,140.6148681640625,99.3780817700469,100.92964553833008,126.36921768188478,130.92919311523437,137.00934280395506,0.0,140.6148681640625,132.36459112167358,135.8142318725586,139.64166259765625,139.9051170349121,140.47291793823243,0.7540348768234253,0.29743819774581504,0.286390945315361,0.5029207289218903,0.5646426767110825,0.6616867077350616,1.1086604595184326,0.3015034899853281,0.2897089570760727,0.5117835164070129,0.5724587947130204,0.6864683300256729,truth_noised,50,0.3041473925113678,0.14675066620111465,0.11703157052397728,0.2185709998011589,0.26604603230953217,0.29652712047100066
0.0,0.0,0.0,0.0,0.0,0.0,1.0,867.7034912109375,749.1043167114258,732.7147521972656,864.5032043457031,867.0329132080078,867.5693756103516,0.44966334104537964,0.29295897763222456,0.2871735095977783,0.4159713000059128,0.4461320236325264,0.44864340156316757,ordered_edge_temporal,0.0,0.012662725523114204,0.010133641451830044,0.009896979201585054,0.012071304023265839,0.0123779671266675,0.012605773843824863,1.0,1.0,1.0,1.0,1.0,1.0,0.30345848202705383,0.1469040820375085,0.11936222016811371,0.21978266537189484,0.2635706588625908,0.2954809173941612,0.40421195652173914,0.0,0.0,1.0,1.0,1.0,1.0,1.0,1.0,16,0.0,16,0.0,140.1792755126953,100.3589196982591,101.56612014770508,127.46528854370118,131.9544807434082,136.90537475585938,0.0,140.1792755126953,132.47446060180664,135.44776153564453,139.89022064208984,140.02998733520508,140.14941787719727,0.75196373462677,0.2905043738694234,0.2820352762937546,0.4936302274465562,0.5444707334041596,0.6579070603847503,1.161136269569397,0.2946671426059607,0.2853439152240753,0.499468407034874,0.5518929779529572,0.6685175776481628,truth_noised,25,0.3001136779785156,0.14523675898090005,0.11712835729122162,0.2175450474023819,0.26218243688344955,0.2925274297595024
0.0,0.0,0.0,0.0,0.0,0.0,1.0,879.4180297851562,756.55712890625,736.5722045898438,871.759765625,878.1348724365234,879.1613983154297,0.4551105201244354,0.29083555936813354,0.2844647169113159,0.4186497747898102,0.44697349518537516,0.454851813018322,ordered_edge_temporal,0.0,0.012732739560306072,0.010145849664695561,0.009952662512660027,0.012021725997328758,0.01236598938703537,0.012659389525651932,1.0,1.0,1.0,1.0,1.0,1.0,0.3024359345436096,0.14713100949302316,0.12071346491575241,0.21921474486589432,0.26262063160538673,0.294472873955965,0.42866847826086957,0.0,0.0,1.0,1.0,1.0,1.0,1.0,1.0,16,0.0,16,0.0,141.14596557617188,100.65601035304691,101.81688690185547,127.1885124206543,131.00492630004882,136.40981307983398,0.0,141.14596557617188,134.02895259857178,134.87528228759766,139.9464340209961,140.75080108642578,141.06693267822266,0.7305455803871155,0.2884037918736241,0.28029070794582367,0.497415241599083,0.5432421833276749,0.6533859205245971,1.1776340007781982,0.29236730442536774,0.281817689538002,0.5031005680561066,0.5515432894229889,0.6721854138374328,truth_noised,10,0.29897114634513855,0.14530562423169613,0.11802981421351433,0.21678638458251953,0.2610705941915512,0.29139103591442106
0.0,0.0,0.0,0.0,0.0,0.0,1.0,874.99462890625,750.7703514099121,732.8091430664062,861.5257263183594,873.5218658447266,874.7000762939454,0.46508991718292236,0.29448762570973486,0.2946949303150177,0.4186622887849808,0.44496195614337913,0.4648951405286789,ordered_edge_temporal,0.0,0.012764095328748226,0.010162714374018833,0.009990639053285122,0.01201537810266018,0.012377982260659337,0.012686872715130448,1.0,1.0,1.0,1.0,1.0,1.0,0.3020366132259369,0.14720018859952688,0.12120472267270088,0.21898391842842102,0.26220888271927834,0.2940710671246052,0.41847826086956524,0.0,0.0,1.0,1.0,1.0,1.0,1.0,1.0,16,0.0,16,0.0,140.51254272460938,100.1449504080026,101.87065124511719,127.5892578125,132.0090461730957,136.7174053955078,0.0,140.51254272460938,134.84307479858398,134.71666717529297,139.5527572631836,140.17751693725586,140.44553756713867,0.7710227966308594,0.2920167019493301,0.2798081189393997,0.5033441662788392,0.5532160371541978,0.6677709227800369,1.130277156829834,0.2959995346989118,0.2806728035211563,0.5079072058200838,0.5590998858213425,0.6786966669559478,truth_noised,0,0.2987140715122223,0.14532884303480387,0.118315689265728,0.2166411355137825,0.26078907772898674,0.29112907275557515
2.0,0.1875,0.0,0.5,1.25,1.8499999999999996,1.0,598.6316528320312,436.5280113220215,453.0184020996094,547.6111450195312,561.0167083740234,591.1086639404297,0.985376238822937,0.627784725278616,0.618680477142334,0.7590820312500001,0.8026202082633972,0.9240123552083966,ordered_edge_temporal,0.0,0.015633992850780487,0.011968977691140026,0.011583078652620316,0.013523716479539871,0.014625300653278828,0.015432254411280155,2.0,1.125,1.0,1.5,2.0,2.0,0.23075729608535767,0.1537206880748272,0.15880218148231506,0.20531687140464783,0.211851354688406,0.22697610780596733,0.12296195652173914,0.0,0.0,1.0,1.0,1.0,1.0,1.0,1.0,16,0.0,16,0.0,203.64111328125,62.68768354134796,63.274667739868164,110.71242904663087,120.11317367553713,134.19285690307618,0.125,203.64111328125,137.67933464050293,133.84812927246094,142.68685150146484,160.65955352783203,195.04480133056637,2.439990520477295,0.6221750087658976,0.5733062028884888,1.0797154784202576,1.2338712334632878,1.596870992183685,3.2274677753448486,0.6314335774463278,0.5768842399120331,1.0962735891342166,1.2706972062587738,1.660453187227249,pure_noise,99,0.21835732460021973,0.14977925270795822,0.15660104900598526,0.2034018114209175,0.20761172473430634,0.21620820462703705
0.0,0.0,0.0,0.0,0.0,0.0,1.0,909.9501953125,805.3033981323242,824.5231323242188,873.5651550292969,909.5347747802734,909.8671112060547,0.38568952679634094,0.23920313664712012,0.23533950746059418,0.30885562896728513,0.3379841804504393,0.384434218108654,ordered_edge_temporal,0.0,0.011065604165196419,0.01015654788352549,0.010184654500335455,0.010820346418768167,0.010893253376707435,0.011031134007498621,1.0,1.0,1.0,1.0,1.0,1.0,0.24664351344108582,0.1460074558854103,0.15232880413532257,0.18632375448942184,0.20764058455824852,0.23884292766451834,0.5849184782608695,0.0,0.0,1.0,1.0,1.0,1.0,1.0,1.0,16,0.0,16,0.0,140.94094848632812,107.90366048139074,109.77668380737305,129.93328247070312,133.63488998413087,138.88588195800781,0.0,140.94094848632812,137.8160171508789,138.18504333496094,140.45429229736328,140.68203735351562,140.88916625976563,0.6968391537666321,0.23717094936158822,0.22376801073551178,0.418348151445389,0.46919512599706653,0.5540426069498062,0.9656723141670227,0.2402605158539423,0.22577136009931564,0.42551548480987555,0.4783698126673699,0.5968497937917707,pure_noise,90,0.24548828601837158,0.14331428799778223,0.1445692852139473,0.18450579792261124,0.20957540720701218,0.23830571025609967
0.0,0.0,0.0,0.0,0.0,0.0,1.0,927.2388305664062,811.899829864502,818.899169921875,913.0143127441406,926.5856475830078,927.1081939697266,0.39435306191444397,0.2366638199891895,0.2238362357020378,0.3231266349554062,0.3543573677539824,0.3933980479836464,ordered_edge_temporal,0.0,0.011828847229480743,0.010227723920252174,0.010145474225282669,0.011406029108911753,0.011597092496231198,0.011782496282830835,1.0,1.0,1.0,1.0,1.0,1.0,0.28664371371269226,0.14793217787519097,0.1304139494895935,0.21217062324285507,0.2470218539237976,0.2787193417549133,0.5733695652173914,0.0,0.0,1.0,1.0,1.0,1.0,1.0,1.0,16,0.0,16,0.0,140.57647705078125,108.25784531106119,109.49865341186523,128.37876281738284,132.24601974487305,136.90186508178712,0.0,140.57647705078125,136.50750255584717,137.94966888427734,140.27655029296875,140.45787048339844,140.5527557373047,0.7078530192375183,0.2346655482982422,0.22600343823432922,0.3844585031270981,0.4445690110325814,0.5374244338274001,0.8521372079849243,0.2377695812642544,0.22909162938594818,0.3929739713668824,0.4494672372937203,0.5554883491992949,pure_noise,75,0.28423425555229187,0.1462477706372738,0.12426113337278366,0.20718953013420105,0.24662182852625847,0.27671177014708515
0.0,0.0,0.0,0.0,0.0,0.0,1.0,867.6456298828125,744.001594543457,751.1800537109375,866.9242858886719,867.1348571777344,867.5434753417969,0.4816792905330658,0.2999653844162822,0.2802679091691971,0.46363036036491395,0.4722527876496315,0.48039587497711184,ordered_edge_temporal,0.0,0.013038033619523048,0.010230302897980437,0.009940658695995808,0.012344982009381056,0.01271868939511478,0.012974164774641394,1.0,1.0,1.0,1.0,1.0,1.0,0.30697718262672424,0.14831288810819387,0.11740313470363617,0.22385969012975693,0.2668498605489731,0.298951718211174,0.4171195652173913,0.0,0.0,1.0,1.0,1.0,1.0,1.0,1.0,16,0.0,16,0.0,140.61265563964844,99.37801505171734,100.93021392822266,126.3677734375,130.93029556274413,137.00922790527343,0.0,140.61265563964844,132.36474180221558,135.8139190673828,139.64309692382812,139.90790557861328,140.4717056274414,0.7540378570556641,0.29743867134453944,0.2863869071006775,0.5029205679893494,0.5646496951580048,0.6616686487197875,1.1086525917053223,0.3015039331528343,0.28970931470394135,0.5117899119853974,0.5724503576755524,0.6864799225330352,pure_noise,50,0.3041548728942871,0.14675652561709285,0.11703650280833244,0.2185763493180275,0.2660529986023903,0.2965344980359077
0.0,0.0,0.0,0.0,0.0,0.0,1.0,867.7005615234375,749.1042251586914,732.7168579101562,864.50341796875,867.0302581787109,867.5665008544922,0.4496738612651825,0.2929579238407314,0.2871776819229126,0.41598340272903445,0.44612865447998046,0.44865270137786867,ordered_edge_temporal,0.0,0.012662832625210285,0.010133736854186282,0.009897102601826191,0.0120713384822011,0.012378033716231585,0.012605872843414545,1.0,1.0,1.0,1.0,1.0,1.0,0.3034663200378418,0.14691044064238667,0.11937111243605614,0.21978804469108582,0.2635776922106743,0.2954885944724083,0.40421195652173914,0.0,0.0,1.0,1.0,1.0,1.0,1.0,1.0,16,0.0,16,0.0,140.17950439453125,100.35906913746958,101.56826400756836,127.46651229858398,131.95648651123048,136.90479064941405,0.0,140.17950439453125,132.4732723236084,135.44896697998047,139.889404296875,140.02944946289062,140.1494934082031,0.7519518136978149,0.2905033176888853,0.2820400893688202,0.4936342865228654,0.5444832682609559,0.6579057532548904,1.1611275672912598,0.29466609924059844,0.2853411138057709,0.49947594404220585,0.5518927842378617,0.6684925383329391,pure_noise,25,0.30012133717536926,0.14524266170337796,0.11713643744587898,0.21755246073007584,0.2621895372867584,0.2925349771976471
0.0,0.0,0.0,0.0,0.0,0.0,1.0,879.4193115234375,756.5560760498047,736.57421875,871.7567749023438,878.1346435546875,879.1623779296875,0.4551006257534027,0.29083485109731555,0.28446830809116364,0.4186610341072083,0.44698517769575113,0.45484486639499666,ordered_edge_temporal,0.0,0.012732844799757004,0.01014594323351048,0.009952785447239876,0.012021760456264019,0.012366052716970444,0.012659486383199692,1.0,1.0,1.0,1.0,1.0,1.0,0.3024439215660095,0.14713731640949845,0.12072236463427544,0.21922015398740768,0.2626277916133404,0.2944806955754757,0.42866847826086957,0.0,0.0,1.0,1.0,1.0,1.0,1.0,1.0,16,0.0,16,0.0,141.14659118652344,100.65611118596533,101.81820678710938,127.18925094604492,131.0049964904785,136.41256393432616,0.0,141.14659118652344,134.02846002578735,134.8749771118164,139.94676208496094,140.75064849853516,141.0674026489258,0.7305396199226379,0.2884030793110983,0.28028474748134613,0.49741359651088723,0.5432415783405304,0.6533859920501708,1.177660346031189,0.2923666084110585,0.28181612491607666,0.5030833303928376,0.551544988155365,0.6721761828660965,pure_noise,10,0.29897892475128174,0.14531149016693234,0.11803432554006577,0.21679382771253586,0.2610778138041496,0.2913987025618553
0.0,0.0,0.0,0.0,0.0,0.0,1.0,874.9967041015625,750.7697143554688,732.8110046386719,861.5238647460938,873.5226593017578,874.7018951416015,0.4650798439979553,0.2944868979975581,0.29469019174575806,0.418673500418663,0.444973836839199,0.4648880150914192,ordered_edge_temporal,0.0,0.012764199636876583,0.010162807069718838,0.00999074662104249,0.012015413492918015,0.012378044659271836,0.012686968641355633,1.0,1.0,1.0,1.0,1.0,1.0,0.3020446002483368,0.1472064801491797,0.12121361494064331,0.2189893200993538,0.2622160539031029,0.29407889097928996,0.41847826086956524,0.0,0.0,1.0,1.0,1.0,1.0,1.0,1.0,16,0.0,16,0.0,140.51226806640625,100.14505414599958,101.8696403503418,127.58807678222657,132.0114303588867,136.717970123291,0.0,140.51226806640625,134.84401941299438,134.7184829711914,139.55489349365234,140.17753982543945,140.4453224182129,0.7710111737251282,0.2920159664208768,0.2798198163509369,0.5033513367176057,0.5532229542732239,0.6677813589572906,1.1302871704101562,0.29599882095625735,0.2806641012430191,0.5079074680805208,0.5591116160154342,0.6787096107006072,pure_noise,0,0.2987218499183655,0.14533470245078206,0.11832370236515999,0.21664860099554062,0.26079629734158516,0.2911367394030094
