status,started_at,finished_at,duration_sec,worker_returncode,worker_timeout,worker_stderr_tail,window_idx,condition,visible_seed,window_t,source_file,baseline,action_source,future_key,future_mae,primitive,has_params,pose0_x,pose0_y,pose0_z,pose1_x,pose1_y,pose1_z,pose0_quat_norm,pose1_quat_norm,pull_xy_len,action_valid,action_l2_to_gt,action_mae_to_gt,action_max_abs_to_gt,action_cosine_to_gt,action_norm,gt_action_norm,pose0_xy_dist_to_gt,pose0_z_abs_diff_to_gt,pose1_xy_dist_to_gt,pose1_z_abs_diff_to_gt,pull_angle_deg_to_gt,pull_len_ratio_to_gt,exec_success,exec_done,exec_reward,exec_final_fraction_before,exec_final_fraction_after,exec_delta_final_fraction,exec_prefix_state_mae,exec_prefix_state_l2,exec_prefix_source,exec_failure_reason,scope,action_repr
ok,2026-07-06T20:15:22+0800,2026-07-06T20:15:35+0800,12.825,0,0,"/miniforge3/envs/coord_bimanual/lib/python3.9/site-packages/wandb/apis/public.py:2997: UserWarning: pkg_resources is deprecated as an API. See https://setuptools.pypa.io/en/latest/pkg_resources.html. The pkg_resources package is slated for removal as early as 2025-11-30. Refrain from using this package or pin to Setuptools<81.
  from pkg_resources import parse_version

{""condition"": ""free"", ""delta"": 0.8333333333333334, ""source"": ""gt_reference"", ""status"": ""ok""}
",0,free,1000,0,000000-9.pkl,state_action,gt_reference,y_state,0.05155515298247337,pick_place,True,0.668749988079071,0.40625,0.03550928086042404,0.3997460603713989,-0.016988500952720642,-0.00808842945843935,1.0,1.0,0.5014917165924684,True,0.0,0.0,0.0,1.0000000000000002,1.665436029434204,1.665436029434204,0.0,0.0,0.0,0.0,1.2074182697257333e-06,1.0,0,0,0.8333333333333334,0.0,0.8333333333333334,0.8333333333333334,0.0038309097290039062,0.0924571081995964,raw_action_file_high_confidence,,phase3_9_geometry_idm_controlled_retry_no_phase4_no_cps,"{""camera_config"": [{""image_size"": [480, 640], ""intrinsics"": [450.0, 0, 320.0, 0, 450.0, 240.0, 0, 0, 1], ""position"": [1.0, 0, 0.75], ""rotation"": [0.6532814824381883, 0.6532814824381884, -0.2705980500730986, -0.27059805007309845], ""zrange"": [0.01, 10.0], ""noise"": false}, {""image_size"": [480, 640], ""intrinsics"": [450.0, 0, 320.0, 0, 450.0, 240.0, 0, 0, 1], ""position"": [0, 0.5, 0.75], ""rotation"": [-0.3596047974904982, 0.8681627791959909, -0.3159854101251621, 0.1308854423858669], ""zrange"": [0.01, 10.0], ""noise"": false}, {""image_size"": [480, 640], ""intrinsics"": [450.0, 0, 320.0, 0, 450.0, 240.0, 0, 0, 1], ""position"": [0, -0.5, 0.75], ""rotation"": [-0.8681627791959909, 0.3596047974904982, -0.13088544238586683, 0.3159854101251621], ""zrange"": [0.01, 10.0], ""noise"": false}], ""primitive"": ""pick_place"", ""params"": {""pose0"": [[0.668749988079071, 0.40625, 0.03550928086042404], [0.0, 0.0, 0.0, 1.0]], ""pose1"": [[0.3997460603713989, -0.016988500952720642, -0.00808842945843935], [0.0, 0.0, 0.0, 1.0]]}}"
ok,2026-07-06T20:15:35+0800,2026-07-06T20:15:45+0800,9.471,0,0,"/miniforge3/envs/coord_bimanual/lib/python3.9/site-packages/wandb/apis/public.py:2997: UserWarning: pkg_resources is deprecated as an API. See https://setuptools.pypa.io/en/latest/pkg_resources.html. The pkg_resources package is slated for removal as early as 2025-11-30. Refrain from using this package or pin to Setuptools<81.
  from pkg_resources import parse_version

{""condition"": ""free"", ""delta"": 0.0, ""source"": ""old_idm_gt_future"", ""status"": ""ok""}
",0,free,1000,0,000000-9.pkl,state_action,old_idm_gt_future,y_state,0.05155515298247337,pick_place,True,0.6872899532318115,0.37839624285697937,0.02587382309138775,0.38476863503456116,-0.012341138906776905,0.002450771862640977,1.0000000000000016,0.9999999403953582,0.49416075266192216,True,0.039615657180547714,0.006156672723591328,0.02785375714302063,0.9997180127378612,1.6626561880111694,1.665436029434204,0.03345985796214927,0.009635457769036293,0.015681876281447585,0.010539201321080327,5.308760409848856,0.985381684905269,0,0,0.0,0.0,0.0,0.0,0.003817483317106962,0.09245157986879349,raw_action_file_high_confidence,,phase3_9_geometry_idm_controlled_retry_no_phase4_no_cps,"{""camera_config"": [{""image_size"": [480, 640], ""intrinsics"": [450.0, 0, 320.0, 0, 450.0, 240.0, 0, 0, 1], ""position"": [1.0, 0, 0.75], ""rotation"": [0.6532814824381883, 0.6532814824381884, -0.2705980500730986, -0.27059805007309845], ""zrange"": [0.01, 10.0], ""noise"": false}, {""image_size"": [480, 640], ""intrinsics"": [450.0, 0, 320.0, 0, 450.0, 240.0, 0, 0, 1], ""position"": [0, 0.5, 0.75], ""rotation"": [-0.3596047974904982, 0.8681627791959909, -0.3159854101251621, 0.1308854423858669], ""zrange"": [0.01, 10.0], ""noise"": false}, {""image_size"": [480, 640], ""intrinsics"": [450.0, 0, 320.0, 0, 450.0, 240.0, 0, 0, 1], ""position"": [0, -0.5, 0.75], ""rotation"": [-0.8681627791959909, 0.3596047974904982, -0.13088544238586683, 0.3159854101251621], ""zrange"": [0.01, 10.0], ""noise"": false}], ""primitive"": ""pick_place"", ""params"": {""pose0"": [[0.6872899532318115, 0.37839624285697937, 0.02587382309138775], [-5.5747396032757024e-08, 6.306841715542078e-10, 2.0122752353302076e-09, 1.0]], ""pose1"": [[0.38476863503456116, -0.012341138906776905, 0.002450771862640977], [4.7320277474227623e-08, -4.955422738817106e-08, -3.4006575333478395e-08, 0.9999999403953552]]}}"
ok,2026-07-06T20:15:45+0800,2026-07-06T20:15:57+0800,12.703,0,0,"/miniforge3/envs/coord_bimanual/lib/python3.9/site-packages/wandb/apis/public.py:2997: UserWarning: pkg_resources is deprecated as an API. See https://setuptools.pypa.io/en/latest/pkg_resources.html. The pkg_resources package is slated for removal as early as 2025-11-30. Refrain from using this package or pin to Setuptools<81.
  from pkg_resources import parse_version

{""condition"": ""free"", ""delta"": 0.875, ""source"": ""phase39_idm_gt_future"", ""status"": ""ok""}
",0,free,1000,0,000000-9.pkl,state_action,phase39_idm_gt_future,y_state,0.05155515298247337,pick_place,True,0.6678447127342224,0.4144940972328186,0.02798321470618248,0.40175291895866394,-0.022554561495780945,-0.008110583759844303,1.0,1.0000000000000002,0.5116799515431127,True,0.012666307389736176,0.0017336121527478099,0.008244097232818604,0.99997188819408,1.667508602142334,1.665436029434204,0.008293651947975522,0.007526066154241562,0.0059167990804397,2.2154301404953003e-05,1.1047764319011781,1.0203158588936847,0,0,0.875,0.0,0.875,0.875,0.0038373307324945927,0.0924765095114708,raw_action_file_high_confidence,,phase3_9_geometry_idm_controlled_retry_no_phase4_no_cps,"{""camera_config"": [{""image_size"": [480, 640], ""intrinsics"": [450.0, 0, 320.0, 0, 450.0, 240.0, 0, 0, 1], ""position"": [1.0, 0, 0.75], ""rotation"": [0.6532814824381883, 0.6532814824381884, -0.2705980500730986, -0.27059805007309845], ""zrange"": [0.01, 10.0], ""noise"": false}, {""image_size"": [480, 640], ""intrinsics"": [450.0, 0, 320.0, 0, 450.0, 240.0, 0, 0, 1], ""position"": [0, 0.5, 0.75], ""rotation"": [-0.3596047974904982, 0.8681627791959909, -0.3159854101251621, 0.1308854423858669], ""zrange"": [0.01, 10.0], ""noise"": false}, {""image_size"": [480, 640], ""intrinsics"": [450.0, 0, 320.0, 0, 450.0, 240.0, 0, 0, 1], ""position"": [0, -0.5, 0.75], ""rotation"": [-0.8681627791959909, 0.3596047974904982, -0.13088544238586683, 0.3159854101251621], ""zrange"": [0.01, 10.0], ""noise"": false}], ""primitive"": ""pick_place"", ""params"": {""pose0"": [[0.6678447127342224, 0.4144940972328186, 0.02798321470618248], [1.0742309264344385e-08, -9.75837366468113e-09, -1.4563202865858216e-09, 1.0]], ""pose1"": [[0.40175291895866394, -0.022554561495780945, -0.008110583759844303], [-1.6474999142701563e-08, 5.0258646133727325e-09, -1.2526487402908515e-08, 1.0]]}}"
ok,2026-07-06T20:15:57+0800,2026-07-06T20:16:08+0800,10.973,0,0,"/miniforge3/envs/coord_bimanual/lib/python3.9/site-packages/wandb/apis/public.py:2997: UserWarning: pkg_resources is deprecated as an API. See https://setuptools.pypa.io/en/latest/pkg_resources.html. The pkg_resources package is slated for removal as early as 2025-11-30. Refrain from using this package or pin to Setuptools<81.
  from pkg_resources import parse_version

{""condition"": ""free"", ""delta"": 0.0, ""source"": ""gt_reference"", ""status"": ""ok""}
",4,free,1000,1,000000-9.pkl,state_action,gt_reference,y_state,0.04967491701245308,pick_place,True,0.6000000238418579,0.23125000298023224,0.013128692284226418,0.6216307878494263,0.18776901066303253,0.0047466750256717205,1.0,1.0,0.04856425274252137,True,0.0,0.0,0.0,1.0000000000000002,1.683850884437561,1.683850884437561,0.0,0.0,0.0,0.0,0.0,1.0,0,0,0.0,0.0,0.0,0.0,0.09101582318544388,1.8502970933914185,raw_action_file_high_confidence,,phase3_9_geometry_idm_controlled_retry_no_phase4_no_cps,"{""camera_config"": [{""image_size"": [480, 640], ""intrinsics"": [450.0, 0, 320.0, 0, 450.0, 240.0, 0, 0, 1], ""position"": [1.0, 0, 0.75], ""rotation"": [0.6532814824381883, 0.6532814824381884, -0.2705980500730986, -0.27059805007309845], ""zrange"": [0.01, 10.0], ""noise"": false}, {""image_size"": [480, 640], ""intrinsics"": [450.0, 0, 320.0, 0, 450.0, 240.0, 0, 0, 1], ""position"": [0, 0.5, 0.75], ""rotation"": [-0.3596047974904982, 0.8681627791959909, -0.3159854101251621, 0.1308854423858669], ""zrange"": [0.01, 10.0], ""noise"": false}, {""image_size"": [480, 640], ""intrinsics"": [450.0, 0, 320.0, 0, 450.0, 240.0, 0, 0, 1], ""position"": [0, -0.5, 0.75], ""rotation"": [-0.8681627791959909, 0.3596047974904982, -0.13088544238586683, 0.3159854101251621], ""zrange"": [0.01, 10.0], ""noise"": false}], ""primitive"": ""pick_place"", ""params"": {""pose0"": [[0.6000000238418579, 0.23125000298023224, 0.013128692284226418], [0.0, 0.0, 0.0, 1.0]], ""pose1"": [[0.6216307878494263, 0.18776901066303253, 0.0047466750256717205], [0.0, 0.0, 0.0, 1.0]]}}"
ok,2026-07-06T20:16:08+0800,2026-07-06T20:16:20+0800,11.130,0,0,"/miniforge3/envs/coord_bimanual/lib/python3.9/site-packages/wandb/apis/public.py:2997: UserWarning: pkg_resources is deprecated as an API. See https://setuptools.pypa.io/en/latest/pkg_resources.html. The pkg_resources package is slated for removal as early as 2025-11-30. Refrain from using this package or pin to Setuptools<81.
  from pkg_resources import parse_version

{""condition"": ""free"", ""delta"": 0.0, ""source"": ""old_idm_gt_future"", ""status"": ""ok""}
",4,free,1000,1,000000-9.pkl,state_action,old_idm_gt_future,y_state,0.04967491701245308,pick_place,True,0.6340979337692261,0.3086932301521301,0.015534686855971813,0.6389330625534058,0.11077744513750076,0.0037453784607350826,1.0000000000000004,1.000000000000001,0.19797483786662534,True,0.11573237180709839,0.01494588516652584,0.07744322717189789,0.997775304811007,1.7082546949386597,1.683850884437561,0.08461749757711519,0.0024059945717453957,0.07891178538091899,0.0010012965649366379,25.049786549671673,4.0765548049560465,0,0,0.0,0.0,0.0,0.0,0.0909096747636795,1.8503139019012451,raw_action_file_high_confidence,,phase3_9_geometry_idm_controlled_retry_no_phase4_no_cps,"{""camera_config"": [{""image_size"": [480, 640], ""intrinsics"": [450.0, 0, 320.0, 0, 450.0, 240.0, 0, 0, 1], ""position"": [1.0, 0, 0.75], ""rotation"": [0.6532814824381883, 0.6532814824381884, -0.2705980500730986, -0.27059805007309845], ""zrange"": [0.01, 10.0], ""noise"": false}, {""image_size"": [480, 640], ""intrinsics"": [450.0, 0, 320.0, 0, 450.0, 240.0, 0, 0, 1], ""position"": [0, 0.5, 0.75], ""rotation"": [-0.3596047974904982, 0.8681627791959909, -0.3159854101251621, 0.1308854423858669], ""zrange"": [0.01, 10.0], ""noise"": false}, {""image_size"": [480, 640], ""intrinsics"": [450.0, 0, 320.0, 0, 450.0, 240.0, 0, 0, 1], ""position"": [0, -0.5, 0.75], ""rotation"": [-0.8681627791959909, 0.3596047974904982, -0.13088544238586683, 0.3159854101251621], ""zrange"": [0.01, 10.0], ""noise"": false}], ""primitive"": ""pick_place"", ""params"": {""pose0"": [[0.6340979337692261, 0.3086932301521301, 0.015534686855971813], [7.186086836696859e-09, -3.090096711844126e-08, -9.036448034294153e-09, 1.0]], ""pose1"": [[0.6389330625534058, 0.11077744513750076, 0.0037453784607350826], [-3.4178714969357316e-08, 2.6593992785706178e-08, 1.7295310072995562e-08, 1.0]]}}"
ok,2026-07-06T20:16:20+0800,2026-07-06T20:16:30+0800,10.931,0,0,"/miniforge3/envs/coord_bimanual/lib/python3.9/site-packages/wandb/apis/public.py:2997: UserWarning: pkg_resources is deprecated as an API. See https://setuptools.pypa.io/en/latest/pkg_resources.html. The pkg_resources package is slated for removal as early as 2025-11-30. Refrain from using this package or pin to Setuptools<81.
  from pkg_resources import parse_version

{""condition"": ""free"", ""delta"": 0.0, ""source"": ""phase39_idm_gt_future"", ""status"": ""ok""}
",4,free,1000,1,000000-9.pkl,state_action,phase39_idm_gt_future,y_state,0.04967491701245308,pick_place,True,0.6012898683547974,0.2360476851463318,0.013255288824439049,0.6247609853744507,0.18235445022583008,0.004405810032039881,1.0000000000000002,1.0,0.05859911953586371,True,0.007995578460395336,0.001078556408174336,0.005414560437202454,0.9999892399256497,1.6855392456054688,1.683850884437561,0.004968043179610023,0.00012659654021263123,0.006254246659173828,0.00034086499363183975,2.8375026217700356,1.2066307258251319,0,0,0.0,0.0,0.0,0.0,0.09088349342346191,1.8501614332199097,raw_action_file_high_confidence,,phase3_9_geometry_idm_controlled_retry_no_phase4_no_cps,"{""camera_config"": [{""image_size"": [480, 640], ""intrinsics"": [450.0, 0, 320.0, 0, 450.0, 240.0, 0, 0, 1], ""position"": [1.0, 0, 0.75], ""rotation"": [0.6532814824381883, 0.6532814824381884, -0.2705980500730986, -0.27059805007309845], ""zrange"": [0.01, 10.0], ""noise"": false}, {""image_size"": [480, 640], ""intrinsics"": [450.0, 0, 320.0, 0, 450.0, 240.0, 0, 0, 1], ""position"": [0, 0.5, 0.75], ""rotation"": [-0.3596047974904982, 0.8681627791959909, -0.3159854101251621, 0.1308854423858669], ""zrange"": [0.01, 10.0], ""noise"": false}, {""image_size"": [480, 640], ""intrinsics"": [450.0, 0, 320.0, 0, 450.0, 240.0, 0, 0, 1], ""position"": [0, -0.5, 0.75], ""rotation"": [-0.8681627791959909, 0.3596047974904982, -0.13088544238586683, 0.3159854101251621], ""zrange"": [0.01, 10.0], ""noise"": false}], ""primitive"": ""pick_place"", ""params"": {""pose0"": [[0.6012898683547974, 0.2360476851463318, 0.013255288824439049], [8.614614022128819e-10, -1.6974622596421796e-08, -1.1327355053936117e-08, 1.0]], ""pose1"": [[0.6247609853744507, 0.18235445022583008, 0.004405810032039881], [7.82874387539323e-09, 5.506218592188361e-09, 3.0452851351725485e-10, 1.0]]}}"
ok,2026-07-06T20:16:30+0800,2026-07-06T20:16:43+0800,12.597,0,0,"/miniforge3/envs/coord_bimanual/lib/python3.9/site-packages/wandb/apis/public.py:2997: UserWarning: pkg_resources is deprecated as an API. See https://setuptools.pypa.io/en/latest/pkg_resources.html. The pkg_resources package is slated for removal as early as 2025-11-30. Refrain from using this package or pin to Setuptools<81.
  from pkg_resources import parse_version

{""condition"": ""free"", ""delta"": 0.0, ""source"": ""gt_reference"", ""status"": ""ok""}
",8,free,1000,2,000000-9.pkl,state_action,gt_reference,y_state,0.04895857349038124,pick_place,True,0.40937501192092896,-0.0062500000931322575,0.012938774190843105,0.3809899091720581,-0.02012024074792862,0.003396071493625641,1.0,1.0,0.03159268323339949,True,0.0,0.0,0.0,1.0,1.5209747552871704,1.5209747552871704,0.0,0.0,0.0,0.0,0.0,1.0,0,0,0.0,0.0,0.0,0.0,0.10068929195404053,2.010422706604004,raw_action_file_high_confidence,,phase3_9_geometry_idm_controlled_retry_no_phase4_no_cps,"{""camera_config"": [{""image_size"": [480, 640], ""intrinsics"": [450.0, 0, 320.0, 0, 450.0, 240.0, 0, 0, 1], ""position"": [1.0, 0, 0.75], ""rotation"": [0.6532814824381883, 0.6532814824381884, -0.2705980500730986, -0.27059805007309845], ""zrange"": [0.01, 10.0], ""noise"": false}, {""image_size"": [480, 640], ""intrinsics"": [450.0, 0, 320.0, 0, 450.0, 240.0, 0, 0, 1], ""position"": [0, 0.5, 0.75], ""rotation"": [-0.3596047974904982, 0.8681627791959909, -0.3159854101251621, 0.1308854423858669], ""zrange"": [0.01, 10.0], ""noise"": false}, {""image_size"": [480, 640], ""intrinsics"": [450.0, 0, 320.0, 0, 450.0, 240.0, 0, 0, 1], ""position"": [0, -0.5, 0.75], ""rotation"": [-0.8681627791959909, 0.3596047974904982, -0.13088544238586683, 0.3159854101251621], ""zrange"": [0.01, 10.0], ""noise"": false}], ""primitive"": ""pick_place"", ""params"": {""pose0"": [[0.40937501192092896, -0.0062500000931322575, 0.012938774190843105], [0.0, 0.0, 0.0, 1.0]], ""pose1"": [[0.3809899091720581, -0.02012024074792862, 0.003396071493625641], [0.0, 0.0, 0.0, 1.0]]}}"
ok,2026-07-06T20:16:43+0800,2026-07-06T20:16:56+0800,12.818,0,0,"/miniforge3/envs/coord_bimanual/lib/python3.9/site-packages/wandb/apis/public.py:2997: UserWarning: pkg_resources is deprecated as an API. See https://setuptools.pypa.io/en/latest/pkg_resources.html. The pkg_resources package is slated for removal as early as 2025-11-30. Refrain from using this package or pin to Setuptools<81.
  from pkg_resources import parse_version

{""condition"": ""free"", ""delta"": 0.0, ""source"": ""old_idm_gt_future"", ""status"": ""ok""}
",8,free,1000,2,000000-9.pkl,state_action,old_idm_gt_future,y_state,0.04895857349038124,pick_place,True,0.5166876316070557,0.20841266214847565,0.01684347726404667,0.4162696897983551,-0.015097742900252342,0.0035640555433928967,1.0000000000000009,1.0000000000000002,0.24503196567415855,True,0.24265453219413757,0.02616788260638714,0.21466265618801117,0.98835372742313,1.576136589050293,1.5209747552871704,0.23999178507722696,0.0039047030732035637,0.03563549362180288,0.00016798404976725578,39.76452381770362,7.755971971861923,0,0,0.0,0.0,0.0,0.0,0.10067678987979889,2.0104386806488037,raw_action_file_high_confidence,,phase3_9_geometry_idm_controlled_retry_no_phase4_no_cps,"{""camera_config"": [{""image_size"": [480, 640], ""intrinsics"": [450.0, 0, 320.0, 0, 450.0, 240.0, 0, 0, 1], ""position"": [1.0, 0, 0.75], ""rotation"": [0.6532814824381883, 0.6532814824381884, -0.2705980500730986, -0.27059805007309845], ""zrange"": [0.01, 10.0], ""noise"": false}, {""image_size"": [480, 640], ""intrinsics"": [450.0, 0, 320.0, 0, 450.0, 240.0, 0, 0, 1], ""position"": [0, 0.5, 0.75], ""rotation"": [-0.3596047974904982, 0.8681627791959909, -0.3159854101251621, 0.1308854423858669], ""zrange"": [0.01, 10.0], ""noise"": false}, {""image_size"": [480, 640], ""intrinsics"": [450.0, 0, 320.0, 0, 450.0, 240.0, 0, 0, 1], ""position"": [0, -0.5, 0.75], ""rotation"": [-0.8681627791959909, 0.3596047974904982, -0.13088544238586683, 0.3159854101251621], ""zrange"": [0.01, 10.0], ""noise"": false}], ""primitive"": ""pick_place"", ""params"": {""pose0"": [[0.5166876316070557, 0.20841266214847565, 0.01684347726404667], [-3.093546041554873e-08, -2.5265052272516186e-08, 9.817360258068675e-09, 1.0]], ""pose1"": [[0.4162696897983551, -0.015097742900252342, 0.0035640555433928967], [1.6268554503540145e-08, -3.040017571009912e-09, 9.575072290601838e-09, 1.0]]}}"
ok,2026-07-06T20:16:56+0800,2026-07-06T20:17:09+0800,12.717,0,0,"/miniforge3/envs/coord_bimanual/lib/python3.9/site-packages/wandb/apis/public.py:2997: UserWarning: pkg_resources is deprecated as an API. See https://setuptools.pypa.io/en/latest/pkg_resources.html. The pkg_resources package is slated for removal as early as 2025-11-30. Refrain from using this package or pin to Setuptools<81.
  from pkg_resources import parse_version

{""condition"": ""free"", ""delta"": 0.0, ""source"": ""phase39_idm_gt_future"", ""status"": ""ok""}
",8,free,1000,2,000000-9.pkl,state_action,phase39_idm_gt_future,y_state,0.04895857349038124,pick_place,True,0.4105280637741089,-0.0046007148921489716,0.013088607229292393,0.38190996646881104,-0.01835177093744278,0.0032899039797484875,1.0,1.0,0.031750386387197044,True,0.0028385529294610023,0.000410492968512699,0.0017684698104858398,0.9999983162388834,1.521488904953003,1.5209747552871704,0.0020123792511115178,0.00014983303844928741,0.0019934871205774395,0.0001061675138771534,0.3778367609972373,1.0049917619416013,0,0,0.0,0.0,0.0,0.0,0.10068100690841675,2.0104362964630127,raw_action_file_high_confidence,,phase3_9_geometry_idm_controlled_retry_no_phase4_no_cps,"{""camera_config"": [{""image_size"": [480, 640], ""intrinsics"": [450.0, 0, 320.0, 0, 450.0, 240.0, 0, 0, 1], ""position"": [1.0, 0, 0.75], ""rotation"": [0.6532814824381883, 0.6532814824381884, -0.2705980500730986, -0.27059805007309845], ""zrange"": [0.01, 10.0], ""noise"": false}, {""image_size"": [480, 640], ""intrinsics"": [450.0, 0, 320.0, 0, 450.0, 240.0, 0, 0, 1], ""position"": [0, 0.5, 0.75], ""rotation"": [-0.3596047974904982, 0.8681627791959909, -0.3159854101251621, 0.1308854423858669], ""zrange"": [0.01, 10.0], ""noise"": false}, {""image_size"": [480, 640], ""intrinsics"": [450.0, 0, 320.0, 0, 450.0, 240.0, 0, 0, 1], ""position"": [0, -0.5, 0.75], ""rotation"": [-0.8681627791959909, 0.3596047974904982, -0.13088544238586683, 0.3159854101251621], ""zrange"": [0.01, 10.0], ""noise"": false}], ""primitive"": ""pick_place"", ""params"": {""pose0"": [[0.4105280637741089, -0.0046007148921489716, 0.013088607229292393], [1.540712002423561e-09, -1.8259789236196866e-09, 9.490305430404078e-09, 1.0]], ""pose1"": [[0.38190996646881104, -0.01835177093744278, 0.0032899039797484875], [-1.2017584261059255e-08, -2.9453699479375928e-09, 8.656952488195202e-09, 1.0]]}}"
ok,2026-07-06T20:17:09+0800,2026-07-06T20:17:22+0800,13.599,0,0,"/miniforge3/envs/coord_bimanual/lib/python3.9/site-packages/wandb/apis/public.py:2997: UserWarning: pkg_resources is deprecated as an API. See https://setuptools.pypa.io/en/latest/pkg_resources.html. The pkg_resources package is slated for removal as early as 2025-11-30. Refrain from using this package or pin to Setuptools<81.
  from pkg_resources import parse_version

{""condition"": ""hidden_breakaway_pin"", ""delta"": 0.5833333333333334, ""source"": ""gt_reference"", ""status"": ""ok""}
",3,hidden_breakaway_pin,1000,0,000000-4.pkl,state_action,gt_reference,y_state,0.057440757751464844,pick_place,True,0.671875,0.40625,0.03601432591676712,0.3977108895778656,-0.014461454004049301,-0.007450219243764877,1.0,1.0,0.5021594238623444,True,0.0,0.0,0.0,0.9999999999999999,1.666190505027771,1.666190505027771,0.0,0.0,0.0,0.0,1.2074182697257333e-06,1.0,0,0,0.5833333333333334,0.0,0.5833333333333334,0.5833333333333334,0.003823882667347789,0.09251252561807632,raw_action_file_high_confidence,,phase3_9_geometry_idm_controlled_retry_no_phase4_no_cps,"{""camera_config"": [{""image_size"": [480, 640], ""intrinsics"": [450.0, 0, 320.0, 0, 450.0, 240.0, 0, 0, 1], ""position"": [1.0, 0, 0.75], ""rotation"": [0.6532814824381883, 0.6532814824381884, -0.2705980500730986, -0.27059805007309845], ""zrange"": [0.01, 10.0], ""noise"": false}, {""image_size"": [480, 640], ""intrinsics"": [450.0, 0, 320.0, 0, 450.0, 240.0, 0, 0, 1], ""position"": [0, 0.5, 0.75], ""rotation"": [-0.3596047974904982, 0.8681627791959909, -0.3159854101251621, 0.1308854423858669], ""zrange"": [0.01, 10.0], ""noise"": false}, {""image_size"": [480, 640], ""intrinsics"": [450.0, 0, 320.0, 0, 450.0, 240.0, 0, 0, 1], ""position"": [0, -0.5, 0.75], ""rotation"": [-0.8681627791959909, 0.3596047974904982, -0.13088544238586683, 0.3159854101251621], ""zrange"": [0.01, 10.0], ""noise"": false}], ""primitive"": ""pick_place"", ""params"": {""pose0"": [[0.671875, 0.40625, 0.03601432591676712], [0.0, 0.0, 0.0, 1.0]], ""pose1"": [[0.3977108895778656, -0.014461454004049301, -0.007450219243764877], [0.0, 0.0, 0.0, 1.0]]}}"
ok,2026-07-06T20:17:22+0800,2026-07-06T20:17:36+0800,13.354,0,0,"/miniforge3/envs/coord_bimanual/lib/python3.9/site-packages/wandb/apis/public.py:2997: UserWarning: pkg_resources is deprecated as an API. See https://setuptools.pypa.io/en/latest/pkg_resources.html. The pkg_resources package is slated for removal as early as 2025-11-30. Refrain from using this package or pin to Setuptools<81.
  from pkg_resources import parse_version

{""condition"": ""hidden_breakaway_pin"", ""delta"": 0.125, ""source"": ""old_idm_gt_future"", ""status"": ""ok""}
",3,hidden_breakaway_pin,1000,0,000000-4.pkl,state_action,old_idm_gt_future,y_state,0.057440757751464844,pick_place,True,0.6992624402046204,0.42327454686164856,0.026445746421813965,0.37959757447242737,0.00625365786254406,0.0025615037884563208,1.0000001192092915,0.9999999403953572,0.5254446195796322,True,0.044597167521715164,0.007344364188611507,0.02738744020462036,0.9996657919670124,1.6771907806396484,1.666190505027771,0.03224759024804991,0.009568579494953156,0.02751741346410258,0.010011723032221198,4.3807606137861175,1.046370125921745,0,0,0.125,0.0,0.125,0.125,0.0038204726297408342,0.09260927885770798,raw_action_file_high_confidence,,phase3_9_geometry_idm_controlled_retry_no_phase4_no_cps,"{""camera_config"": [{""image_size"": [480, 640], ""intrinsics"": [450.0, 0, 320.0, 0, 450.0, 240.0, 0, 0, 1], ""position"": [1.0, 0, 0.75], ""rotation"": [0.6532814824381883, 0.6532814824381884, -0.2705980500730986, -0.27059805007309845], ""zrange"": [0.01, 10.0], ""noise"": false}, {""image_size"": [480, 640], ""intrinsics"": [450.0, 0, 320.0, 0, 450.0, 240.0, 0, 0, 1], ""position"": [0, 0.5, 0.75], ""rotation"": [-0.3596047974904982, 0.8681627791959909, -0.3159854101251621, 0.1308854423858669], ""zrange"": [0.01, 10.0], ""noise"": false}, {""image_size"": [480, 640], ""intrinsics"": [450.0, 0, 320.0, 0, 450.0, 240.0, 0, 0, 1], ""position"": [0, -0.5, 0.75], ""rotation"": [-0.8681627791959909, 0.3596047974904982, -0.13088544238586683, 0.3159854101251621], ""zrange"": [0.01, 10.0], ""noise"": false}], ""primitive"": ""pick_place"", ""params"": {""pose0"": [[0.6992624402046204, 0.42327454686164856, 0.026445746421813965], [-5.3208008665706075e-08, -3.307003737518244e-08, 1.9309084109409014e-08, 1.0000001192092896]], ""pose1"": [[0.37959757447242737, 0.00625365786254406, 0.0025615037884563208], [5.6425058403419825e-08, -1.0820652818210874e-08, -2.641755258991907e-08, 0.9999999403953552]]}}"
ok,2026-07-06T20:17:36+0800,2026-07-06T20:17:48+0800,12.851,0,0,"/miniforge3/envs/coord_bimanual/lib/python3.9/site-packages/wandb/apis/public.py:2997: UserWarning: pkg_resources is deprecated as an API. See https://setuptools.pypa.io/en/latest/pkg_resources.html. The pkg_resources package is slated for removal as early as 2025-11-30. Refrain from using this package or pin to Setuptools<81.
  from pkg_resources import parse_version

{""condition"": ""hidden_breakaway_pin"", ""delta"": 0.8333333333333334, ""source"": ""phase39_idm_gt_future"", ""status"": ""ok""}
",3,hidden_breakaway_pin,1000,0,000000-4.pkl,state_action,phase39_idm_gt_future,y_state,0.057440757751464844,pick_place,True,0.6747288703918457,0.4127606451511383,0.02798321470618248,0.3976456820964813,-0.018160955980420113,-0.007632383145391941,1.0000000000000002,1.0,0.5123168156109169,True,0.011347050778567791,0.0015244688838720322,0.00803111121058464,0.9999780801430017,1.6688090562820435,1.666190505027771,0.0071086620750668884,0.00803111121058464,0.003700076605801564,0.00018216390162706375,0.3499188103549827,1.0202274243315943,0,0,0.8333333333333334,0.0,0.8333333333333334,0.8333333333333334,0.003816605545580387,0.09256836026906967,raw_action_file_high_confidence,,phase3_9_geometry_idm_controlled_retry_no_phase4_no_cps,"{""camera_config"": [{""image_size"": [480, 640], ""intrinsics"": [450.0, 0, 320.0, 0, 450.0, 240.0, 0, 0, 1], ""position"": [1.0, 0, 0.75], ""rotation"": [0.6532814824381883, 0.6532814824381884, -0.2705980500730986, -0.27059805007309845], ""zrange"": [0.01, 10.0], ""noise"": false}, {""image_size"": [480, 640], ""intrinsics"": [450.0, 0, 320.0, 0, 450.0, 240.0, 0, 0, 1], ""position"": [0, 0.5, 0.75], ""rotation"": [-0.3596047974904982, 0.8681627791959909, -0.3159854101251621, 0.1308854423858669], ""zrange"": [0.01, 10.0], ""noise"": false}, {""image_size"": [480, 640], ""intrinsics"": [450.0, 0, 320.0, 0, 450.0, 240.0, 0, 0, 1], ""position"": [0, -0.5, 0.75], ""rotation"": [-0.8681627791959909, 0.3596047974904982, -0.13088544238586683, 0.3159854101251621], ""zrange"": [0.01, 10.0], ""noise"": false}], ""primitive"": ""pick_place"", ""params"": {""pose0"": [[0.6747288703918457, 0.4127606451511383, 0.02798321470618248], [3.518623392650966e-09, -2.2897774343277888e-08, -1.4837743478324228e-08, 1.0]], ""pose1"": [[0.3976456820964813, -0.018160955980420113, -0.007632383145391941], [1.1912124620039322e-08, -2.158860645806726e-09, -9.245455068196407e-09, 1.0]]}}"
ok,2026-07-06T20:17:48+0800,2026-07-06T20:17:59+0800,10.807,0,0,"/miniforge3/envs/coord_bimanual/lib/python3.9/site-packages/wandb/apis/public.py:2997: UserWarning: pkg_resources is deprecated as an API. See https://setuptools.pypa.io/en/latest/pkg_resources.html. The pkg_resources package is slated for removal as early as 2025-11-30. Refrain from using this package or pin to Setuptools<81.
  from pkg_resources import parse_version

{""condition"": ""hidden_breakaway_pin"", ""delta"": 0.0, ""source"": ""gt_reference"", ""status"": ""ok""}
",7,hidden_breakaway_pin,1000,1,000000-4.pkl,state_action,gt_reference,y_state,0.05356637388467789,pick_place,True,0.609375,0.22812500596046448,0.013410571962594986,0.6213554739952087,0.1864524483680725,0.004288728814572096,1.0,1.0,0.04336050983834367,True,0.0,0.0,0.0,1.0,1.6865421533584595,1.6865421533584595,0.0,0.0,0.0,0.0,0.0,1.0,0,0,0.0,0.0,0.0,0.0,0.09092144668102264,1.8511306047439575,raw_action_file_high_confidence,,phase3_9_geometry_idm_controlled_retry_no_phase4_no_cps,"{""camera_config"": [{""image_size"": [480, 640], ""intrinsics"": [450.0, 0, 320.0, 0, 450.0, 240.0, 0, 0, 1], ""position"": [1.0, 0, 0.75], ""rotation"": [0.6532814824381883, 0.6532814824381884, -0.2705980500730986, -0.27059805007309845], ""zrange"": [0.01, 10.0], ""noise"": false}, {""image_size"": [480, 640], ""intrinsics"": [450.0, 0, 320.0, 0, 450.0, 240.0, 0, 0, 1], ""position"": [0, 0.5, 0.75], ""rotation"": [-0.3596047974904982, 0.8681627791959909, -0.3159854101251621, 0.1308854423858669], ""zrange"": [0.01, 10.0], ""noise"": false}, {""image_size"": [480, 640], ""intrinsics"": [450.0, 0, 320.0, 0, 450.0, 240.0, 0, 0, 1], ""position"": [0, -0.5, 0.75], ""rotation"": [-0.8681627791959909, 0.3596047974904982, -0.13088544238586683, 0.3159854101251621], ""zrange"": [0.01, 10.0], ""noise"": false}], ""primitive"": ""pick_place"", ""params"": {""pose0"": [[0.609375, 0.22812500596046448, 0.013410571962594986], [0.0, 0.0, 0.0, 1.0]], ""pose1"": [[0.6213554739952087, 0.1864524483680725, 0.004288728814572096], [0.0, 0.0, 0.0, 1.0]]}}"
ok,2026-07-06T20:17:59+0800,2026-07-06T20:18:10+0800,10.964,0,0,"/miniforge3/envs/coord_bimanual/lib/python3.9/site-packages/wandb/apis/public.py:2997: UserWarning: pkg_resources is deprecated as an API. See https://setuptools.pypa.io/en/latest/pkg_resources.html. The pkg_resources package is slated for removal as early as 2025-11-30. Refrain from using this package or pin to Setuptools<81.
  from pkg_resources import parse_version

{""condition"": ""hidden_breakaway_pin"", ""delta"": 0.0, ""source"": ""old_idm_gt_future"", ""status"": ""ok""}
",7,hidden_breakaway_pin,1000,1,000000-4.pkl,state_action,old_idm_gt_future,y_state,0.05356637388467789,pick_place,True,0.6366445422172546,0.29326769709587097,0.011017014272511005,0.6123977303504944,0.09697837382555008,0.001020536758005619,0.9999999403953556,1.0000000000000007,0.19778120819638706,True,0.1144091784954071,0.014036139473319054,0.08947407454252243,0.9977268400960136,1.6958420276641846,1.6865421533584595,0.07062009728895594,0.0023935576900839806,0.08992136112429171,0.003268192056566477,23.081292708981096,4.561321094557086,0,0,0.0,0.0,0.0,0.0,0.0909344032406807,1.851085901260376,raw_action_file_high_confidence,,phase3_9_geometry_idm_controlled_retry_no_phase4_no_cps,"{""camera_config"": [{""image_size"": [480, 640], ""intrinsics"": [450.0, 0, 320.0, 0, 450.0, 240.0, 0, 0, 1], ""position"": [1.0, 0, 0.75], ""rotation"": [0.6532814824381883, 0.6532814824381884, -0.2705980500730986, -0.27059805007309845], ""zrange"": [0.01, 10.0], ""noise"": false}, {""image_size"": [480, 640], ""intrinsics"": [450.0, 0, 320.0, 0, 450.0, 240.0, 0, 0, 1], ""position"": [0, 0.5, 0.75], ""rotation"": [-0.3596047974904982, 0.8681627791959909, -0.3159854101251621, 0.1308854423858669], ""zrange"": [0.01, 10.0], ""noise"": false}, {""image_size"": [480, 640], ""intrinsics"": [450.0, 0, 320.0, 0, 450.0, 240.0, 0, 0, 1], ""position"": [0, -0.5, 0.75], ""rotation"": [-0.8681627791959909, 0.3596047974904982, -0.13088544238586683, 0.3159854101251621], ""zrange"": [0.01, 10.0], ""noise"": false}], ""primitive"": ""pick_place"", ""params"": {""pose0"": [[0.6366445422172546, 0.29326769709587097, 0.011017014272511005], [-7.850267103037822e-10, -1.684319173023141e-08, -1.5000473752024845e-08, 0.9999999403953552]], ""pose1"": [[0.6123977303504944, 0.09697837382555008, 0.001020536758005619], [-1.7186537748514752e-09, 2.985948555078721e-08, -2.5879048237698044e-08, 1.0]]}}"
ok,2026-07-06T20:18:10+0800,2026-07-06T20:18:21+0800,10.875,0,0,"/miniforge3/envs/coord_bimanual/lib/python3.9/site-packages/wandb/apis/public.py:2997: UserWarning: pkg_resources is deprecated as an API. See https://setuptools.pypa.io/en/latest/pkg_resources.html. The pkg_resources package is slated for removal as early as 2025-11-30. Refrain from using this package or pin to Setuptools<81.
  from pkg_resources import parse_version

{""condition"": ""hidden_breakaway_pin"", ""delta"": 0.0, ""source"": ""phase39_idm_gt_future"", ""status"": ""ok""}
",7,hidden_breakaway_pin,1000,1,000000-4.pkl,state_action,phase39_idm_gt_future,y_state,0.05356637388467789,pick_place,True,0.6091727614402771,0.23591145873069763,0.013520692475140095,0.6235496997833252,0.17847222089767456,0.00378148490563035,1.0000000000000002,1.0,0.05921116785673455,True,0.011377074755728245,0.0013414685381576419,0.00798022747039795,0.9999774163794546,1.6874860525131226,1.6865421533584595,0.007789078711767545,0.0001101205125451088,0.008276391562059478,0.0005072439089417458,1.9871293339623375,1.3655551578495084,0,0,0.0,0.0,0.0,0.0,0.09093978255987167,1.8510624170303345,raw_action_file_high_confidence,,phase3_9_geometry_idm_controlled_retry_no_phase4_no_cps,"{""camera_config"": [{""image_size"": [480, 640], ""intrinsics"": [450.0, 0, 320.0, 0, 450.0, 240.0, 0, 0, 1], ""position"": [1.0, 0, 0.75], ""rotation"": [0.6532814824381883, 0.6532814824381884, -0.2705980500730986, -0.27059805007309845], ""zrange"": [0.01, 10.0], ""noise"": false}, {""image_size"": [480, 640], ""intrinsics"": [450.0, 0, 320.0, 0, 450.0, 240.0, 0, 0, 1], ""position"": [0, 0.5, 0.75], ""rotation"": [-0.3596047974904982, 0.8681627791959909, -0.3159854101251621, 0.1308854423858669], ""zrange"": [0.01, 10.0], ""noise"": false}, {""image_size"": [480, 640], ""intrinsics"": [450.0, 0, 320.0, 0, 450.0, 240.0, 0, 0, 1], ""position"": [0, -0.5, 0.75], ""rotation"": [-0.8681627791959909, 0.3596047974904982, -0.13088544238586683, 0.3159854101251621], ""zrange"": [0.01, 10.0], ""noise"": false}], ""primitive"": ""pick_place"", ""params"": {""pose0"": [[0.6091727614402771, 0.23591145873069763, 0.013520692475140095], [3.977997931059463e-09, -2.5572603590262588e-08, 1.400874971579924e-09, 1.0]], ""pose1"": [[0.6235496997833252, 0.17847222089767456, 0.00378148490563035], [8.276915153260234e-09, -4.218400295741276e-09, -7.74915598356074e-09, 1.0]]}}"
ok,2026-07-06T20:18:21+0800,2026-07-06T20:18:34+0800,12.508,0,0,"/miniforge3/envs/coord_bimanual/lib/python3.9/site-packages/wandb/apis/public.py:2997: UserWarning: pkg_resources is deprecated as an API. See https://setuptools.pypa.io/en/latest/pkg_resources.html. The pkg_resources package is slated for removal as early as 2025-11-30. Refrain from using this package or pin to Setuptools<81.
  from pkg_resources import parse_version

{""condition"": ""hidden_breakaway_pin"", ""delta"": 0.0, ""source"": ""gt_reference"", ""status"": ""ok""}
",11,hidden_breakaway_pin,1000,2,000000-4.pkl,state_action,gt_reference,y_state,0.04593640938401222,pick_place,True,0.565625011920929,0.171875,0.013295394368469715,0.5789891481399536,0.13196823000907898,0.0042389617301523685,1.0,1.0,0.04208503805378963,True,0.0,0.0,0.0,1.0,1.6438709497451782,1.6438709497451782,0.0,0.0,0.0,0.0,8.537736462515939e-07,1.0,0,0,0.0,0.0,0.0,0.0,0.10067138075828552,2.0091593265533447,raw_action_file_high_confidence,,phase3_9_geometry_idm_controlled_retry_no_phase4_no_cps,"{""camera_config"": [{""image_size"": [480, 640], ""intrinsics"": [450.0, 0, 320.0, 0, 450.0, 240.0, 0, 0, 1], ""position"": [1.0, 0, 0.75], ""rotation"": [0.6532814824381883, 0.6532814824381884, -0.2705980500730986, -0.27059805007309845], ""zrange"": [0.01, 10.0], ""noise"": false}, {""image_size"": [480, 640], ""intrinsics"": [450.0, 0, 320.0, 0, 450.0, 240.0, 0, 0, 1], ""position"": [0, 0.5, 0.75], ""rotation"": [-0.3596047974904982, 0.8681627791959909, -0.3159854101251621, 0.1308854423858669], ""zrange"": [0.01, 10.0], ""noise"": false}, {""image_size"": [480, 640], ""intrinsics"": [450.0, 0, 320.0, 0, 450.0, 240.0, 0, 0, 1], ""position"": [0, -0.5, 0.75], ""rotation"": [-0.8681627791959909, 0.3596047974904982, -0.13088544238586683, 0.3159854101251621], ""zrange"": [0.01, 10.0], ""noise"": false}], ""primitive"": ""pick_place"", ""params"": {""pose0"": [[0.565625011920929, 0.171875, 0.013295394368469715], [0.0, 0.0, 0.0, 1.0]], ""pose1"": [[0.5789891481399536, 0.13196823000907898, 0.0042389617301523685], [0.0, 0.0, 0.0, 1.0]]}}"
ok,2026-07-06T20:18:34+0800,2026-07-06T20:18:47+0800,12.985,0,0,"/miniforge3/envs/coord_bimanual/lib/python3.9/site-packages/wandb/apis/public.py:2997: UserWarning: pkg_resources is deprecated as an API. See https://setuptools.pypa.io/en/latest/pkg_resources.html. The pkg_resources package is slated for removal as early as 2025-11-30. Refrain from using this package or pin to Setuptools<81.
  from pkg_resources import parse_version

{""condition"": ""hidden_breakaway_pin"", ""delta"": 0.0, ""source"": ""old_idm_gt_future"", ""status"": ""ok""}
",11,hidden_breakaway_pin,1000,2,000000-4.pkl,state_action,old_idm_gt_future,y_state,0.04593640938401222,pick_place,True,0.5710662603378296,0.19388779997825623,0.01534388680011034,0.5262328386306763,-0.03795603662729263,0.0020980893168598413,1.0000000000000002,1.0000000000000002,0.2361389427306557,True,0.17938905954360962,0.018166005611419678,0.16992425918579102,0.9940415553716574,1.625518560409546,1.6438709497451782,0.022675329043194522,0.002048492431640625,0.17792550290767026,0.002140872413292527,29.459504646377898,5.610995110158682,0,0,0.0,0.0,0.0,0.0,0.10066527873277664,2.009047746658325,raw_action_file_high_confidence,,phase3_9_geometry_idm_controlled_retry_no_phase4_no_cps,"{""camera_config"": [{""image_size"": [480, 640], ""intrinsics"": [450.0, 0, 320.0, 0, 450.0, 240.0, 0, 0, 1], ""position"": [1.0, 0, 0.75], ""rotation"": [0.6532814824381883, 0.6532814824381884, -0.2705980500730986, -0.27059805007309845], ""zrange"": [0.01, 10.0], ""noise"": false}, {""image_size"": [480, 640], ""intrinsics"": [450.0, 0, 320.0, 0, 450.0, 240.0, 0, 0, 1], ""position"": [0, 0.5, 0.75], ""rotation"": [-0.3596047974904982, 0.8681627791959909, -0.3159854101251621, 0.1308854423858669], ""zrange"": [0.01, 10.0], ""noise"": false}, {""image_size"": [480, 640], ""intrinsics"": [450.0, 0, 320.0, 0, 450.0, 240.0, 0, 0, 1], ""position"": [0, -0.5, 0.75], ""rotation"": [-0.8681627791959909, 0.3596047974904982, -0.13088544238586683, 0.3159854101251621], ""zrange"": [0.01, 10.0], ""noise"": false}], ""primitive"": ""pick_place"", ""params"": {""pose0"": [[0.5710662603378296, 0.19388779997825623, 0.01534388680011034], [8.333194578824532e-09, 2.1258356852627003e-08, -1.3300817336414639e-08, 1.0]], ""pose1"": [[0.5262328386306763, -0.03795603662729263, 0.0020980893168598413], [8.201975099098036e-09, -1.496752943808133e-08, 1.6311991757334e-08, 1.0]]}}"
ok,2026-07-06T20:18:47+0800,2026-07-06T20:19:00+0800,13.144,0,0,"/miniforge3/envs/coord_bimanual/lib/python3.9/site-packages/wandb/apis/public.py:2997: UserWarning: pkg_resources is deprecated as an API. See https://setuptools.pypa.io/en/latest/pkg_resources.html. The pkg_resources package is slated for removal as early as 2025-11-30. Refrain from using this package or pin to Setuptools<81.
  from pkg_resources import parse_version

{""condition"": ""hidden_breakaway_pin"", ""delta"": 0.0, ""source"": ""phase39_idm_gt_future"", ""status"": ""ok""}
",11,hidden_breakaway_pin,1000,2,000000-4.pkl,state_action,phase39_idm_gt_future,y_state,0.04593640938401222,pick_place,True,0.5648089051246643,0.17604544758796692,0.013407351449131966,0.5815178155899048,0.12944366037845612,0.0038423603400588036,1.0,1.0,0.049506709242848564,True,0.005567414220422506,0.0007534557371400297,0.004170447587966919,0.9999944021926995,1.6447230577468872,1.6438709497451782,0.004249548609780625,0.00011195708066225052,0.0035731793814900792,0.000396601390093565,1.2102502506927635,1.1763493995080427,0,0,0.0,0.0,0.0,0.0,0.10067728161811829,2.0092649459838867,raw_action_file_high_confidence,,phase3_9_geometry_idm_controlled_retry_no_phase4_no_cps,"{""camera_config"": [{""image_size"": [480, 640], ""intrinsics"": [450.0, 0, 320.0, 0, 450.0, 240.0, 0, 0, 1], ""position"": [1.0, 0, 0.75], ""rotation"": [0.6532814824381883, 0.6532814824381884, -0.2705980500730986, -0.27059805007309845], ""zrange"": [0.01, 10.0], ""noise"": false}, {""image_size"": [480, 640], ""intrinsics"": [450.0, 0, 320.0, 0, 450.0, 240.0, 0, 0, 1], ""position"": [0, 0.5, 0.75], ""rotation"": [-0.3596047974904982, 0.8681627791959909, -0.3159854101251621, 0.1308854423858669], ""zrange"": [0.01, 10.0], ""noise"": false}, {""image_size"": [480, 640], ""intrinsics"": [450.0, 0, 320.0, 0, 450.0, 240.0, 0, 0, 1], ""position"": [0, -0.5, 0.75], ""rotation"": [-0.8681627791959909, 0.3596047974904982, -0.13088544238586683, 0.3159854101251621], ""zrange"": [0.01, 10.0], ""noise"": false}], ""primitive"": ""pick_place"", ""params"": {""pose0"": [[0.5648089051246643, 0.17604544758796692, 0.013407351449131966], [-2.2059409854335854e-09, -8.230238712769733e-09, -6.485938008893299e-09, 1.0]], ""pose1"": [[0.5815178155899048, 0.12944366037845612, 0.0038423603400588036], [-3.0550406648899298e-09, 5.968468386186032e-09, -5.700115046636256e-09, 1.0]]}}"
ok,2026-07-06T20:19:00+0800,2026-07-06T20:19:12+0800,12.505,0,0,"/miniforge3/envs/coord_bimanual/lib/python3.9/site-packages/wandb/apis/public.py:2997: UserWarning: pkg_resources is deprecated as an API. See https://setuptools.pypa.io/en/latest/pkg_resources.html. The pkg_resources package is slated for removal as early as 2025-11-30. Refrain from using this package or pin to Setuptools<81.
  from pkg_resources import parse_version

{""condition"": ""hidden_high_friction"", ""delta"": 0.9166666666666666, ""source"": ""gt_reference"", ""status"": ""ok""}
",2,hidden_high_friction,1000,0,000000-5.pkl,state_action,gt_reference,y_state,0.04882773756980896,pick_place,True,0.671875,0.40625,0.036113280802965164,0.3974373936653137,-0.014007208868861198,-0.007233931217342615,1.0,1.0,0.5019284026402151,True,0.0,0.0,0.0,0.9999999999999999,1.666122555732727,1.666122555732727,0.0,0.0,0.0,0.0,0.0,1.0,0,0,0.9166666666666666,0.0,0.9166666666666666,0.9166666666666666,0.003923750948160887,0.09258435666561127,raw_action_file_high_confidence,,phase3_9_geometry_idm_controlled_retry_no_phase4_no_cps,"{""camera_config"": [{""image_size"": [480, 640], ""intrinsics"": [450.0, 0, 320.0, 0, 450.0, 240.0, 0, 0, 1], ""position"": [1.0, 0, 0.75], ""rotation"": [0.6532814824381883, 0.6532814824381884, -0.2705980500730986, -0.27059805007309845], ""zrange"": [0.01, 10.0], ""noise"": false}, {""image_size"": [480, 640], ""intrinsics"": [450.0, 0, 320.0, 0, 450.0, 240.0, 0, 0, 1], ""position"": [0, 0.5, 0.75], ""rotation"": [-0.3596047974904982, 0.8681627791959909, -0.3159854101251621, 0.1308854423858669], ""zrange"": [0.01, 10.0], ""noise"": false}, {""image_size"": [480, 640], ""intrinsics"": [450.0, 0, 320.0, 0, 450.0, 240.0, 0, 0, 1], ""position"": [0, -0.5, 0.75], ""rotation"": [-0.8681627791959909, 0.3596047974904982, -0.13088544238586683, 0.3159854101251621], ""zrange"": [0.01, 10.0], ""noise"": false}], ""primitive"": ""pick_place"", ""params"": {""pose0"": [[0.671875, 0.40625, 0.036113280802965164], [0.0, 0.0, 0.0, 1.0]], ""pose1"": [[0.3974373936653137, -0.014007208868861198, -0.007233931217342615], [0.0, 0.0, 0.0, 1.0]]}}"
ok,2026-07-06T20:19:12+0800,2026-07-06T20:19:25+0800,13.087,0,0,"/miniforge3/envs/coord_bimanual/lib/python3.9/site-packages/wandb/apis/public.py:2997: UserWarning: pkg_resources is deprecated as an API. See https://setuptools.pypa.io/en/latest/pkg_resources.html. The pkg_resources package is slated for removal as early as 2025-11-30. Refrain from using this package or pin to Setuptools<81.
  from pkg_resources import parse_version

{""condition"": ""hidden_high_friction"", ""delta"": 0.0, ""source"": ""old_idm_gt_future"", ""status"": ""ok""}
",2,hidden_high_friction,1000,0,000000-5.pkl,state_action,old_idm_gt_future,y_state,0.04882773756980896,pick_place,True,0.6860044598579407,0.4150821268558502,0.025715794414281845,0.3882003128528595,0.008635411038994789,0.0020865444093942642,1.0000001192092915,0.9999999403953572,0.5038712561475716,True,0.032720621675252914,0.005325687117874622,0.022642619907855988,0.9998132324802079,1.6716264486312866,1.666122555732727,0.016662775899440874,0.010397486388683319,0.0244542817974163,0.00932047562673688,3.0848330361074785,1.0038707781770004,0,0,0.0,0.0,0.0,0.0,0.003917441703379154,0.09286311268806458,raw_action_file_high_confidence,,phase3_9_geometry_idm_controlled_retry_no_phase4_no_cps,"{""camera_config"": [{""image_size"": [480, 640], ""intrinsics"": [450.0, 0, 320.0, 0, 450.0, 240.0, 0, 0, 1], ""position"": [1.0, 0, 0.75], ""rotation"": [0.6532814824381883, 0.6532814824381884, -0.2705980500730986, -0.27059805007309845], ""zrange"": [0.01, 10.0], ""noise"": false}, {""image_size"": [480, 640], ""intrinsics"": [450.0, 0, 320.0, 0, 450.0, 240.0, 0, 0, 1], ""position"": [0, 0.5, 0.75], ""rotation"": [-0.3596047974904982, 0.8681627791959909, -0.3159854101251621, 0.1308854423858669], ""zrange"": [0.01, 10.0], ""noise"": false}, {""image_size"": [480, 640], ""intrinsics"": [450.0, 0, 320.0, 0, 450.0, 240.0, 0, 0, 1], ""position"": [0, -0.5, 0.75], ""rotation"": [-0.8681627791959909, 0.3596047974904982, -0.13088544238586683, 0.3159854101251621], ""zrange"": [0.01, 10.0], ""noise"": false}], ""primitive"": ""pick_place"", ""params"": {""pose0"": [[0.6860044598579407, 0.4150821268558502, 0.025715794414281845], [-5.880028908222812e-08, -1.9139601903361836e-08, 1.739480026685669e-08, 1.0000001192092896]], ""pose1"": [[0.3882003128528595, 0.008635411038994789, 0.0020865444093942642], [4.686140897547375e-08, -3.2198652633042e-08, -2.5453578800238574e-08, 0.9999999403953552]]}}"
ok,2026-07-06T20:19:25+0800,2026-07-06T20:19:38+0800,12.776,0,0,"/miniforge3/envs/coord_bimanual/lib/python3.9/site-packages/wandb/apis/public.py:2997: UserWarning: pkg_resources is deprecated as an API. See https://setuptools.pypa.io/en/latest/pkg_resources.html. The pkg_resources package is slated for removal as early as 2025-11-30. Refrain from using this package or pin to Setuptools<81.
  from pkg_resources import parse_version

{""condition"": ""hidden_high_friction"", ""delta"": 0.8333333333333334, ""source"": ""phase39_idm_gt_future"", ""status"": ""ok""}
",2,hidden_high_friction,1000,0,000000-5.pkl,state_action,phase39_idm_gt_future,y_state,0.04882773756980896,pick_place,True,0.670870304107666,0.4121778905391693,0.02798321470618248,0.3984185755252838,-0.01824137009680271,-0.007575866300612688,1.0,1.0,0.5094022814377109,True,0.011011585593223572,0.0014728547539561987,0.008130066096782684,0.999978422044239,1.667293667793274,1.666122555732727,0.006012428800447105,0.008130066096782684,0.004346359297911017,0.00034193508327007294,0.8119966193220869,1.0148903284974156,0,0,0.8333333333333334,0.0,0.8333333333333334,0.8333333333333334,0.0042094700038433075,0.09360207617282867,raw_action_file_high_confidence,,phase3_9_geometry_idm_controlled_retry_no_phase4_no_cps,"{""camera_config"": [{""image_size"": [480, 640], ""intrinsics"": [450.0, 0, 320.0, 0, 450.0, 240.0, 0, 0, 1], ""position"": [1.0, 0, 0.75], ""rotation"": [0.6532814824381883, 0.6532814824381884, -0.2705980500730986, -0.27059805007309845], ""zrange"": [0.01, 10.0], ""noise"": false}, {""image_size"": [480, 640], ""intrinsics"": [450.0, 0, 320.0, 0, 450.0, 240.0, 0, 0, 1], ""position"": [0, 0.5, 0.75], ""rotation"": [-0.3596047974904982, 0.8681627791959909, -0.3159854101251621, 0.1308854423858669], ""zrange"": [0.01, 10.0], ""noise"": false}, {""image_size"": [480, 640], ""intrinsics"": [450.0, 0, 320.0, 0, 450.0, 240.0, 0, 0, 1], ""position"": [0, -0.5, 0.75], ""rotation"": [-0.8681627791959909, 0.3596047974904982, -0.13088544238586683, 0.3159854101251621], ""zrange"": [0.01, 10.0], ""noise"": false}], ""primitive"": ""pick_place"", ""params"": {""pose0"": [[0.670870304107666, 0.4121778905391693, 0.02798321470618248], [7.414304170616504e-10, -1.47544794160126e-08, -3.3367593132993534e-09, 1.0]], ""pose1"": [[0.3984185755252838, -0.01824137009680271, -0.007575866300612688], [-5.452414075790557e-09, -2.2200745686262735e-09, -9.64499768940641e-09, 1.0]]}}"
ok,2026-07-06T20:19:38+0800,2026-07-06T20:19:53+0800,14.457,0,0,"/miniforge3/envs/coord_bimanual/lib/python3.9/site-packages/wandb/apis/public.py:2997: UserWarning: pkg_resources is deprecated as an API. See https://setuptools.pypa.io/en/latest/pkg_resources.html. The pkg_resources package is slated for removal as early as 2025-11-30. Refrain from using this package or pin to Setuptools<81.
  from pkg_resources import parse_version

{""condition"": ""hidden_high_friction"", ""delta"": NaN, ""source"": ""gt_reference"", ""status"": ""ok""}
",6,hidden_high_friction,1000,1,000000-5.pkl,state_action,gt_reference,y_state,0.051456328481435776,pick_place,True,0.6000000238418579,0.24687500298023224,0.013311483897268772,0.6214526891708374,0.1858459711074829,0.0033436266239732504,1.0,1.0,0.06468971773815567,True,0.0,0.0,0.0,1.0000000000000002,1.6857869625091553,1.6857869625091553,0.0,0.0,0.0,0.0,0.0,1.0,1,1,0.0,nan,nan,nan,0.04019540548324585,0.8642507195472717,raw_action_file_high_confidence,,phase3_9_geometry_idm_controlled_retry_no_phase4_no_cps,"{""camera_config"": [{""image_size"": [480, 640], ""intrinsics"": [450.0, 0, 320.0, 0, 450.0, 240.0, 0, 0, 1], ""position"": [1.0, 0, 0.75], ""rotation"": [0.6532814824381883, 0.6532814824381884, -0.2705980500730986, -0.27059805007309845], ""zrange"": [0.01, 10.0], ""noise"": false}, {""image_size"": [480, 640], ""intrinsics"": [450.0, 0, 320.0, 0, 450.0, 240.0, 0, 0, 1], ""position"": [0, 0.5, 0.75], ""rotation"": [-0.3596047974904982, 0.8681627791959909, -0.3159854101251621, 0.1308854423858669], ""zrange"": [0.01, 10.0], ""noise"": false}, {""image_size"": [480, 640], ""intrinsics"": [450.0, 0, 320.0, 0, 450.0, 240.0, 0, 0, 1], ""position"": [0, -0.5, 0.75], ""rotation"": [-0.8681627791959909, 0.3596047974904982, -0.13088544238586683, 0.3159854101251621], ""zrange"": [0.01, 10.0], ""noise"": false}], ""primitive"": ""pick_place"", ""params"": {""pose0"": [[0.6000000238418579, 0.24687500298023224, 0.013311483897268772], [0.0, 0.0, 0.0, 1.0]], ""pose1"": [[0.6214526891708374, 0.1858459711074829, 0.0033436266239732504], [0.0, 0.0, 0.0, 1.0]]}}"
ok,2026-07-06T20:19:53+0800,2026-07-06T20:20:08+0800,14.829,0,0,"/miniforge3/envs/coord_bimanual/lib/python3.9/site-packages/wandb/apis/public.py:2997: UserWarning: pkg_resources is deprecated as an API. See https://setuptools.pypa.io/en/latest/pkg_resources.html. The pkg_resources package is slated for removal as early as 2025-11-30. Refrain from using this package or pin to Setuptools<81.
  from pkg_resources import parse_version

{""condition"": ""hidden_high_friction"", ""delta"": NaN, ""source"": ""old_idm_gt_future"", ""status"": ""ok""}
",6,hidden_high_friction,1000,1,000000-5.pkl,state_action,old_idm_gt_future,y_state,0.051456328481435776,pick_place,True,0.6361978650093079,0.29687705636024475,0.011752673424780369,0.6125283241271973,0.11285414546728134,0.0012634873855859041,0.9999999403953559,1.0000000000000007,0.1855388878351098,True,0.09604528546333313,0.012268228456377983,0.07299182564020157,0.9984113582147737,1.697336196899414,1.6857869625091553,0.06172915881009197,0.0015588104724884033,0.07353537177251321,0.0020801392383873463,26.69667936264641,2.868135684037375,1,1,0.0,nan,nan,nan,0.040312495082616806,0.8598510026931763,raw_action_file_high_confidence,,phase3_9_geometry_idm_controlled_retry_no_phase4_no_cps,"{""camera_config"": [{""image_size"": [480, 640], ""intrinsics"": [450.0, 0, 320.0, 0, 450.0, 240.0, 0, 0, 1], ""position"": [1.0, 0, 0.75], ""rotation"": [0.6532814824381883, 0.6532814824381884, -0.2705980500730986, -0.27059805007309845], ""zrange"": [0.01, 10.0], ""noise"": false}, {""image_size"": [480, 640], ""intrinsics"": [450.0, 0, 320.0, 0, 450.0, 240.0, 0, 0, 1], ""position"": [0, 0.5, 0.75], ""rotation"": [-0.3596047974904982, 0.8681627791959909, -0.3159854101251621, 0.1308854423858669], ""zrange"": [0.01, 10.0], ""noise"": false}, {""image_size"": [480, 640], ""intrinsics"": [450.0, 0, 320.0, 0, 450.0, 240.0, 0, 0, 1], ""position"": [0, -0.5, 0.75], ""rotation"": [-0.8681627791959909, 0.3596047974904982, -0.13088544238586683, 0.3159854101251621], ""zrange"": [0.01, 10.0], ""noise"": false}], ""primitive"": ""pick_place"", ""params"": {""pose0"": [[0.6361978650093079, 0.29687705636024475, 0.011752673424780369], [2.181990144123347e-09, -3.3297066437398826e-08, -1.3827370359820179e-08, 0.9999999403953552]], ""pose1"": [[0.6125283241271973, 0.11285414546728134, 0.0012634873855859041], [-1.4347008914228354e-08, 3.0573254150567664e-08, -9.28451093784588e-09, 1.0]]}}"
ok,2026-07-06T20:20:08+0800,2026-07-06T20:20:22+0800,14.843,0,0,"/miniforge3/envs/coord_bimanual/lib/python3.9/site-packages/wandb/apis/public.py:2997: UserWarning: pkg_resources is deprecated as an API. See https://setuptools.pypa.io/en/latest/pkg_resources.html. The pkg_resources package is slated for removal as early as 2025-11-30. Refrain from using this package or pin to Setuptools<81.
  from pkg_resources import parse_version

{""condition"": ""hidden_high_friction"", ""delta"": 0.0, ""source"": ""phase39_idm_gt_future"", ""status"": ""ok""}
",6,hidden_high_friction,1000,1,000000-5.pkl,state_action,phase39_idm_gt_future,y_state,0.051456328481435776,pick_place,True,0.6051703095436096,0.2500368654727936,0.013391414657235146,0.6238957047462463,0.17792053520679474,0.0032080193050205708,1.0,1.0,0.07450775474089627,True,0.010273016057908535,0.0013511553406715393,0.007925435900688171,0.9999824367978997,1.6881470680236816,1.6857869625091553,0.006060464393064641,7.993075996637344e-05,0.008293422653983551,0.00013560731895267963,4.811656408368757,1.1517712141283571,0,0,0.0,0.625,0.625,0.0,0.04204173386096954,0.8994685411453247,raw_action_file_high_confidence,,phase3_9_geometry_idm_controlled_retry_no_phase4_no_cps,"{""camera_config"": [{""image_size"": [480, 640], ""intrinsics"": [450.0, 0, 320.0, 0, 450.0, 240.0, 0, 0, 1], ""position"": [1.0, 0, 0.75], ""rotation"": [0.6532814824381883, 0.6532814824381884, -0.2705980500730986, -0.27059805007309845], ""zrange"": [0.01, 10.0], ""noise"": false}, {""image_size"": [480, 640], ""intrinsics"": [450.0, 0, 320.0, 0, 450.0, 240.0, 0, 0, 1], ""position"": [0, 0.5, 0.75], ""rotation"": [-0.3596047974904982, 0.8681627791959909, -0.3159854101251621, 0.1308854423858669], ""zrange"": [0.01, 10.0], ""noise"": false}, {""image_size"": [480, 640], ""intrinsics"": [450.0, 0, 320.0, 0, 450.0, 240.0, 0, 0, 1], ""position"": [0, -0.5, 0.75], ""rotation"": [-0.8681627791959909, 0.3596047974904982, -0.13088544238586683, 0.3159854101251621], ""zrange"": [0.01, 10.0], ""noise"": false}], ""primitive"": ""pick_place"", ""params"": {""pose0"": [[0.6051703095436096, 0.2500368654727936, 0.013391414657235146], [-7.237495047718312e-10, -1.59277195876939e-08, 3.225294920028432e-09, 1.0]], ""pose1"": [[0.6238957047462463, 0.17792053520679474, 0.0032080193050205708], [-8.629641889967843e-09, -3.0278934914917954e-09, -4.411442766638629e-09, 1.0]]}}"
ok,2026-07-06T20:20:22+0800,2026-07-06T20:20:37+0800,14.415,0,0,"/miniforge3/envs/coord_bimanual/lib/python3.9/site-packages/wandb/apis/public.py:2997: UserWarning: pkg_resources is deprecated as an API. See https://setuptools.pypa.io/en/latest/pkg_resources.html. The pkg_resources package is slated for removal as early as 2025-11-30. Refrain from using this package or pin to Setuptools<81.
  from pkg_resources import parse_version

{""condition"": ""hidden_high_friction"", ""delta"": NaN, ""source"": ""gt_reference"", ""status"": ""ok""}
",10,hidden_high_friction,1000,2,000000-5.pkl,state_action,gt_reference,y_state,0.0510399155318737,pick_place,True,0.550000011920929,0.17812499403953552,0.01353535708039999,0.5663213729858398,0.1223711147904396,0.0027659526094794273,1.0,1.0,0.0580937335547816,True,0.0,0.0,0.0,1.0,1.634048342704773,1.634048342704773,0.0,0.0,0.0,0.0,0.0,1.0,1,1,0.0,nan,nan,nan,0.054926466196775436,1.4463839530944824,raw_action_file_high_confidence,,phase3_9_geometry_idm_controlled_retry_no_phase4_no_cps,"{""camera_config"": [{""image_size"": [480, 640], ""intrinsics"": [450.0, 0, 320.0, 0, 450.0, 240.0, 0, 0, 1], ""position"": [1.0, 0, 0.75], ""rotation"": [0.6532814824381883, 0.6532814824381884, -0.2705980500730986, -0.27059805007309845], ""zrange"": [0.01, 10.0], ""noise"": false}, {""image_size"": [480, 640], ""intrinsics"": [450.0, 0, 320.0, 0, 450.0, 240.0, 0, 0, 1], ""position"": [0, 0.5, 0.75], ""rotation"": [-0.3596047974904982, 0.8681627791959909, -0.3159854101251621, 0.1308854423858669], ""zrange"": [0.01, 10.0], ""noise"": false}, {""image_size"": [480, 640], ""intrinsics"": [450.0, 0, 320.0, 0, 450.0, 240.0, 0, 0, 1], ""position"": [0, -0.5, 0.75], ""rotation"": [-0.8681627791959909, 0.3596047974904982, -0.13088544238586683, 0.3159854101251621], ""zrange"": [0.01, 10.0], ""noise"": false}], ""primitive"": ""pick_place"", ""params"": {""pose0"": [[0.550000011920929, 0.17812499403953552, 0.01353535708039999], [0.0, 0.0, 0.0, 1.0]], ""pose1"": [[0.5663213729858398, 0.1223711147904396, 0.0027659526094794273], [0.0, 0.0, 0.0, 1.0]]}}"
ok,2026-07-06T20:20:37+0800,2026-07-06T20:20:52+0800,14.685,0,0,"/miniforge3/envs/coord_bimanual/lib/python3.9/site-packages/wandb/apis/public.py:2997: UserWarning: pkg_resources is deprecated as an API. See https://setuptools.pypa.io/en/latest/pkg_resources.html. The pkg_resources package is slated for removal as early as 2025-11-30. Refrain from using this package or pin to Setuptools<81.
  from pkg_resources import parse_version

{""condition"": ""hidden_high_friction"", ""delta"": NaN, ""source"": ""old_idm_gt_future"", ""status"": ""ok""}
",10,hidden_high_friction,1000,2,000000-5.pkl,state_action,old_idm_gt_future,y_state,0.0510399155318737,pick_place,True,0.5634310245513916,0.19412414729595184,0.014726728200912476,0.5010231137275696,-0.011161903850734234,0.0009976665023714304,1.0000000000000002,1.0000000000000002,0.2145626018876401,True,0.15011942386627197,0.01651579886674881,0.13353301584720612,0.9958014705180325,1.6144675016403198,1.634048342704773,0.020889351478730594,0.0011913711205124855,0.14864363333013747,0.001768286107107997,33.22635129649807,3.6933863389122767,1,1,0.0,nan,nan,nan,0.05537550151348114,1.450209379196167,raw_action_file_high_confidence,,phase3_9_geometry_idm_controlled_retry_no_phase4_no_cps,"{""camera_config"": [{""image_size"": [480, 640], ""intrinsics"": [450.0, 0, 320.0, 0, 450.0, 240.0, 0, 0, 1], ""position"": [1.0, 0, 0.75], ""rotation"": [0.6532814824381883, 0.6532814824381884, -0.2705980500730986, -0.27059805007309845], ""zrange"": [0.01, 10.0], ""noise"": false}, {""image_size"": [480, 640], ""intrinsics"": [450.0, 0, 320.0, 0, 450.0, 240.0, 0, 0, 1], ""position"": [0, 0.5, 0.75], ""rotation"": [-0.3596047974904982, 0.8681627791959909, -0.3159854101251621, 0.1308854423858669], ""zrange"": [0.01, 10.0], ""noise"": false}, {""image_size"": [480, 640], ""intrinsics"": [450.0, 0, 320.0, 0, 450.0, 240.0, 0, 0, 1], ""position"": [0, -0.5, 0.75], ""rotation"": [-0.8681627791959909, 0.3596047974904982, -0.13088544238586683, 0.3159854101251621], ""zrange"": [0.01, 10.0], ""noise"": false}], ""primitive"": ""pick_place"", ""params"": {""pose0"": [[0.5634310245513916, 0.19412414729595184, 0.014726728200912476], [-4.8035140309821145e-09, 1.6127858160075448e-08, -8.013626207059588e-09, 1.0]], ""pose1"": [[0.5010231137275696, -0.011161903850734234, 0.0009976665023714304], [8.843874965691612e-09, -1.3925302688733154e-08, 8.559212005820882e-09, 1.0]]}}"
ok,2026-07-06T20:20:52+0800,2026-07-06T20:21:06+0800,14.834,0,0,"/miniforge3/envs/coord_bimanual/lib/python3.9/site-packages/wandb/apis/public.py:2997: UserWarning: pkg_resources is deprecated as an API. See https://setuptools.pypa.io/en/latest/pkg_resources.html. The pkg_resources package is slated for removal as early as 2025-11-30. Refrain from using this package or pin to Setuptools<81.
  from pkg_resources import parse_version

{""condition"": ""hidden_high_friction"", ""delta"": NaN, ""source"": ""phase39_idm_gt_future"", ""status"": ""ok""}
",10,hidden_high_friction,1000,2,000000-5.pkl,state_action,phase39_idm_gt_future,y_state,0.0510399155318737,pick_place,True,0.5525521636009216,0.1776801198720932,0.01354292407631874,0.5670535564422607,0.12103471159934998,0.0023912424221634865,1.0,1.0,0.05847215296809762,True,0.003028848208487034,0.00038913730531930923,0.0025521516799926758,0.9999984578183451,1.635014533996582,1.634048342704773,0.0025906352932334835,7.566995918750763e-06,0.0015238327017789717,0.00037471018731594086,1.9573401156628105,1.006513945483624,1,1,0.0,nan,nan,nan,0.05560889095067978,1.4521554708480835,raw_action_file_high_confidence,,phase3_9_geometry_idm_controlled_retry_no_phase4_no_cps,"{""camera_config"": [{""image_size"": [480, 640], ""intrinsics"": [450.0, 0, 320.0, 0, 450.0, 240.0, 0, 0, 1], ""position"": [1.0, 0, 0.75], ""rotation"": [0.6532814824381883, 0.6532814824381884, -0.2705980500730986, -0.27059805007309845], ""zrange"": [0.01, 10.0], ""noise"": false}, {""image_size"": [480, 640], ""intrinsics"": [450.0, 0, 320.0, 0, 450.0, 240.0, 0, 0, 1], ""position"": [0, 0.5, 0.75], ""rotation"": [-0.3596047974904982, 0.8681627791959909, -0.3159854101251621, 0.1308854423858669], ""zrange"": [0.01, 10.0], ""noise"": false}, {""image_size"": [480, 640], ""intrinsics"": [450.0, 0, 320.0, 0, 450.0, 240.0, 0, 0, 1], ""position"": [0, -0.5, 0.75], ""rotation"": [-0.8681627791959909, 0.3596047974904982, -0.13088544238586683, 0.3159854101251621], ""zrange"": [0.01, 10.0], ""noise"": false}], ""primitive"": ""pick_place"", ""params"": {""pose0"": [[0.5525521636009216, 0.1776801198720932, 0.01354292407631874], [3.861241548719363e-09, -1.0861840316067628e-08, -3.878357635045404e-09, 1.0]], ""pose1"": [[0.5670535564422607, 0.12103471159934998, 0.0023912424221634865], [-3.1134699263191123e-09, -1.0910797820784524e-09, -9.738267969794379e-09, 1.0]]}}"
